ein,total_revenue,program_expenses,tax_year,efficiency_ratio
01-0263198,62258449.0,62944389.0,2023,1.0110176210782251
01-0317679,10614073.0,11494464.0,2024,1.082945632652046
01-0358090,2368116.0,2723869.0,2023,1.1502261713530926
01-0367791,1158109.0,1035331.0,2023,0.8939840723109829
01-0377246,2419175.0,2012198.0,2023,0.8317703349282297
01-0449761,1434260.0,1223552.0,2023,0.8530893980170959
01-0482508,1461030.0,1509121.0,2023,1.0329158196614716
01-0532411,1823356.0,1823347.0,2023,0.9999950640467358
01-0540981,2055844.0,2001214.0,2023,0.9734269720854306
01-0541817,1349299.0,1023730.0,2023,0.7587124870025101
01-0544468,2551410.0,2046665.0,2023,0.8021701725712449
01-0683413,1395063.0,1571727.0,2023,1.1266351412086766
01-0954142,4650135.0,3666296.0,2023,0.7884278628469926
02-0337620,3790619.0,2879785.0,2024,0.7597136509894558
02-0350899,3033359.0,1548096.0,2023,0.5103570002759318
02-0360151,11526485.0,11469557.0,2023,0.9950611136005469
02-0395538,1706004.0,2209306.0,2023,1.295018065608287
02-0426348,3001373.0,2043643.0,2023,0.6809027068611598
02-0455301,3471294.0,2620249.0,2024,0.7548335001299228
02-0458455,290540.0,262611.0,2023,0.9038721002271632
02-0466392,1315476.0,1341991.0,2023,1.0201562020135677
02-0481882,752346.0,500198.0,2023,0.6648510126989444
02-0511413,7471352.0,5641748.0,2023,0.7551174138228262
02-0614246,1620530.0,2439690.0,2023,1.5054889449747921
03-0177161,34161645.0,34616276.0,2023,1.0133082291558266
03-0179423,98450070.0,99802640.0,2023,1.013738639291978
03-0181058,120347555.0,110741646.0,2023,0.9201819347306225
03-0222941,31769487.0,30900536.0,2023,0.9726482520791098
03-0262162,4575686.0,4532439.0,2023,0.9905485210305077
03-0280726,2120179.0,2581619.0,2023,1.2176420009819926
03-0301526,3531376.0,3896201.0,2023,1.1033095881039006
03-0364340,924754.0,1216252.0,2023,1.3152168036039855
03-0475508,3390880.0,4975958.0,2023,1.4674532864625112
03-0494366,5460248.0,5460248.0,2023,1.0
03-0583790,4161799.0,3779757.0,2023,0.9082026786973614
03-6013761,122405630.0,121233162.0,2023,0.9904214536537249
04-2103576,19382762.0,16875340.0,2023,0.8706364964910573
04-2503926,142135734.0,137772639.0,2023,0.9693033210072282
04-2657418,802010.0,710210.0,2023,0.885537586813132
04-2660283,8309577.0,8665749.0,2023,1.042862831645943
04-2676138,1916384.0,1897867.0,2023,0.9903375315176917
04-2681632,12593252.0,8160945.0,2023,0.6480411096355413
04-2698497,28659880.0,29470038.0,2023,1.0282680178702772
04-2716665,4198150.0,3841247.0,2024,0.9149856484403844
04-2733854,3479762.0,3335079.0,2023,0.9584215817058753
04-2735048,2987734.0,2952397.0,2023,0.9881726418750799
04-2735449,2928145.0,3171757.0,2024,1.083196699616993
04-2760272,4483773.0,3579250.0,2023,0.7982674412821523
04-2767880,336322410.0,286401935.0,2023,0.8515695846732306
04-2775991,359422565.0,353353916.0,2024,0.983115559258223
04-2780714,1442777.0,1395299.0,2024,0.9670926276202074
04-2875899,5802494.0,6455014.0,2023,1.1124550925860501
04-3005094,23205627.0,23864575.0,2023,1.0283960437699011
04-3018996,1739858.0,246720.0,2022,0.14180467601378963
04-3029411,346931.0,473153.0,2023,1.3638245068904191
04-3111983,939201.0,754170.0,2023,0.8029910530333763
04-3119424,1324012.0,1152917.0,2023,0.8707753404047698
04-3145070,6099992.0,5016060.0,2023,0.8223059964668806
04-3157085,1855446.0,1671077.0,2023,0.9006335942948488
04-3170766,1013118.0,764028.0,2023,0.7541352537414201
04-3182608,1876575.0,1772669.0,2023,0.9446299774855788
04-3229679,170815918.0,140022676.0,2023,0.8197284986051475
04-3237796,2153670.0,2135209.0,2023,0.9914281203712733
04-3252325,0.0,4237.0,2023,
04-3260692,1618662.0,1384970.0,2023,0.8556264371437644
04-3263996,2214437.0,2177993.0,2023,0.9835425437707191
04-3265310,835362.0,860920.0,2023,1.030595119241718
04-3276483,2277653.0,2164467.0,2023,0.9503058630967931
04-3287827,3250804.0,3191220.0,2023,0.981670995852103
04-3311270,16639054.0,14275181.0,2022,0.8579322478309164
04-3320445,1480878.0,81000.0,2023,0.05469728093738985
04-3320678,911749.0,228093.0,2023,0.25017082552325254
04-3322638,910378.0,662223.0,2023,0.7274154252409438
04-3329757,667046.0,784961.0,2023,1.1767719167793524
04-3333866,1596117.0,930792.0,2023,0.5831602570488253
04-3334860,1840.0,36218.0,2023,19.683695652173913
04-3362851,10056705.0,10817769.0,2023,1.0756772720289598
04-3369649,14087330.0,14033625.0,2023,0.9961877090974656
04-3395140,519573.0,787794.0,2023,1.5162335225271522
04-3404084,5120011.0,5145705.0,2023,1.0050183485933917
04-3458096,3491573.0,3304520.0,2024,0.9464272979542458
04-3459696,11721683.0,11728272.0,2024,1.0005621206442794
04-3464735,2075858.0,1482376.0,2024,0.7141027950852129
04-3488318,17262515.0,18259551.0,2023,1.0577572850769428
04-3555681,24225470.0,19369093.0,2023,0.7995342505222809
04-3571892,6574062.0,5652803.0,2023,0.8598645707935215
04-3597428,2280903.0,3480794.0,2023,1.5260596351532705
04-3697166,4721796.0,4620871.0,2023,0.9786257178412621
04-6139987,4038517.0,3368409.0,2023,0.8340707739994656
04-8295500,4448850.0,3895095.0,2024,0.8755285073670724
05-0312747,78623640.0,81361331.0,2023,1.03482020165945
05-0377538,1072644.0,868729.0,2023,0.8098949884584261
05-0381031,3322228.0,2085129.0,2023,0.6276297111456528
05-0460224,3271801.0,1993039.0,2023,0.609156547112737
05-0479488,14666567.0,15234839.0,2023,1.0387460814790537
05-0486136,110750.0,191579.0,2023,1.7298329571106095
05-0489479,3083605.0,2840166.0,2023,0.9210537666140767
06-0263565,43819122.0,42026722.0,2023,0.9590954834740869
06-0646768,740893645.0,676763697.0,2023,0.9134424374769742
06-0646780,4674496.0,4568542.0,2023,0.9773335991730445
06-0726055,2942141.0,2906007.0,2023,0.9877184676057333
06-0943869,804351.0,772862.0,2024,0.9608516679907155
06-0968557,4176174.0,4136691.0,2024,0.9905456525518334
06-1011060,2498787.0,3066735.0,2023,1.2272894808561114
06-1057356,3327569.0,3083114.0,2023,0.9265364594994123
06-1082115,1802866.0,1977514.0,2024,1.0968724242400711
06-1088834,2107959.0,1924006.0,2023,0.9127340712034722
06-1135250,1103171.0,899869.0,2023,0.8157112541935928
06-1253049,5763372.0,6725942.0,2023,1.1670150738144267
06-1275523,4622035.0,2931594.0,2023,0.6342647773112925
06-1422973,24916087.0,23194015.0,2023,0.9308851345718933
06-1445454,934737.0,1182447.0,2023,1.2650050228032057
06-1449234,3875201.0,5037600.0,2023,1.2999583763526072
06-1451581,1006183.0,1057288.0,2023,1.0507909594974274
06-1595283,1641262.0,1725719.0,2023,1.0514585727324461
06-1597902,4035294.0,3814080.0,2023,0.9451802024833879
06-1614518,5912005.0,3924423.0,2023,0.6638057647109568
06-1614992,1688027.0,1246985.0,2022,0.7387233735005424
06-1637790,1539625.0,5283146.0,2023,3.431449866038808
06-6068864,418855.0,318088.0,2023,0.7594227119170118
10-0000085,1874703.0,1959748.0,2023,1.0453645190731544
11-1352310,760584528.0,690245184.0,2023,0.9075193598994693
11-1797183,10294680.0,10047536.0,2023,0.9759930371803689
11-1839362,1083169315.0,1059552480.0,2023,0.9781965435385326
11-2245076,982661.0,1001293.0,2023,1.0189607606285382
11-2249649,4484188.0,5571396.0,2023,1.2424537062228436
11-2431586,8394564.0,2069061.0,2023,0.24647629108551677
11-2442377,7699997.0,7977583.0,2023,1.0360501439156404
11-2454790,23762971.0,23355210.0,2023,0.9828404874121169
11-2467267,1727111.0,1727643.0,2023,1.0003080288412267
11-2526241,29206283.0,28781860.0,2023,0.9854680926018555
11-2575794,2187316.0,2106773.0,2023,0.9631772455374532
11-2588802,12392882.0,12214684.0,2023,0.9856209395038217
11-2594653,16542973.0,13686064.0,2023,0.8273037742369524
11-2600290,1139518.0,1512780.0,2023,1.3275613022348045
11-2737223,3797923.0,2705836.0,2022,0.712451516262968
11-2783877,10225278.0,9584891.0,2023,0.9373721672897304
11-2857055,5679080.0,7602678.0,2023,1.3387164822471245
11-2882421,1519530.0,1668909.0,2023,1.0983060551617934
11-2911043,1229348.0,1268378.0,2023,1.031748536622665
11-3032104,1691137.0,1247370.0,2023,0.7375925191158375
11-3091853,1580261.0,1794270.0,2023,1.1354263631134351
11-3200785,1636307.0,1967810.0,2023,1.2025921786070706
11-3279298,2700258.0,1491060.0,2023,0.5521916794617403
11-3342182,1273769.0,1389276.0,2023,1.090681277374469
11-3394747,7663952.0,7234448.0,2023,0.943957895352163
11-3427959,3942853.0,4072914.0,2023,1.0329865201669959
11-3488520,10661081.0,10315632.0,2023,0.9675971883151436
11-3491234,1261440.0,1542620.0,2023,1.222903982749873
11-3517199,2064446.0,1619726.0,2023,0.7845814325005352
11-3590740,1527450.0,1571404.0,2023,1.0287760646829684
11-3755386,1933554.0,2156428.0,2023,1.1152664988927126
13-0429660,24322488.0,23377060.0,2023,0.9611294699785647
13-1624070,1952059400.0,1907423609.0,2023,0.9771339996108726
13-1624096,3946842937.0,3940977020.0,2023,0.998513769842471
13-1628183,1381967.0,3338656.0,2023,2.415872448473806
13-1644147,378167827.0,445964327.0,2023,1.1792762238338166
13-2564957,7577686.0,7874158.0,2023,1.0391243448197773
13-2621497,85622933.0,103022637.0,2023,1.203213127492374
13-2709826,3038815.0,2834304.0,2023,0.9327004111800159
13-2710179,34464799.0,26249865.0,2023,0.761642770642591
13-2720769,4902829.0,4367615.0,2023,0.8908356787479229
13-2731443,3188869.0,3151699.0,2023,0.9883438297402621
13-2795194,3928956.0,3386311.0,2023,0.8618857019523761
13-2846967,2278582.0,1459558.0,2023,0.6405553980501909
13-2850133,3103757.0,4107370.0,2023,1.3233542445494284
13-2951474,11892238.0,9695028.0,2024,0.8152399909924439
13-2954140,367591.0,621323.0,2023,1.6902562902791418
13-2997301,1628345493.0,1725289600.0,2023,1.059535342724715
13-3004772,1192157.0,1650123.0,2023,1.3841490676144166
13-3042331,3802663.0,4002548.0,2023,1.0525644791557915
13-3137595,50377524.0,50361096.0,2023,0.999673902194955
13-3171862,2495437.0,2691369.0,2023,1.0785161075995908
13-3176952,4310290.0,3715946.0,2023,0.8621104380447719
13-3189285,1057952.0,1060129.0,2023,1.002057749311878
13-3202014,6029288.0,6098929.0,2023,1.011550451728297
13-3222083,1687076.0,2007813.0,2023,1.1901141383079363
13-3230516,1702592.0,1694853.0,2023,0.9954545774912604
13-3248777,2145549.0,2002288.0,2023,0.9332287447175525
13-3275044,1622617.0,1656437.0,2023,1.0208428729638603
13-3376278,2382922.0,2237923.0,2023,0.939150756927839
13-3434410,1654642.0,1501598.0,2023,0.9075062762821202
13-3460251,1744409.0,2244787.0,2023,1.286846720006604
13-3514343,7561810.0,9750914.0,2023,1.2894947109223849
13-3520270,1149138.0,1189853.0,2023,1.0354309056005457
13-3540337,7193862.0,7048706.0,2023,0.9798222429065222
13-3541913,275572075.0,298156461.0,2023,1.0819545521802236
13-3555702,1331631.0,1375394.0,2023,1.032864209379325
13-3570544,2293345.0,2398543.0,2023,1.045870987574918
13-3629594,1487472.0,1162019.0,2023,0.7812039487129842
13-3641265,3921676.0,3460919.0,2023,0.8825101818712203
13-3660633,3495748.0,3385972.0,2023,0.9685972787512144
13-3685749,2521649.0,2575487.0,2023,1.021350314813838
13-3705921,1337971.0,1126856.0,2023,0.8422125741140877
13-3778489,10789755.0,10731611.0,2024,0.9946111844059481
13-3806082,2030819.0,2197680.0,2023,1.0821643878651914
13-3808669,5950446.0,5219399.0,2023,0.8771441670086578
13-3842270,2004097.0,2156817.0,2023,1.0762038963183918
13-3846708,4846250.0,2019815.0,2023,0.4167789527985556
13-3857947,1852122.0,2216417.0,2023,1.1966906067742837
13-3865179,960055.0,1209427.0,2023,1.2597476186260161
13-3893574,2544897.0,1134408.0,2023,0.44575792261926517
13-3907908,2067990.0,1855140.0,2023,0.8970739703770327
13-3911982,1046050.0,1040512.0,2023,0.9947057980020075
13-3944300,1406766.0,1305169.0,2023,0.9277797444635426
13-3960661,17036290.0,16052550.0,2023,0.9422562071906501
13-3986958,1792265.0,2088600.0,2023,1.1653410628450591
13-3995933,1341837.0,1644865.0,2023,1.2258307082007724
13-4031037,17171940.0,2493986.0,2023,0.14523612358300808
13-4078893,933232.0,1172053.0,2023,1.2559074270920842
13-4086734,5165600.0,4273558.0,2023,0.8273110577667647
13-4103927,827465.0,1155627.0,2023,1.3965871668288086
13-4119996,12892121.0,13499036.0,2023,1.0470764275327542
13-4154583,1245685.0,1531559.0,2023,1.2294914043277394
13-4159739,3208928.0,2635865.0,2023,0.8214160616878908
13-4196230,766669.0,730658.0,2023,0.953029273389168
13-4200638,13420965.0,13287939.0,2023,0.9900881941052674
13-4252173,2622362.0,2954283.0,2023,1.126573295372645
13-5562314,682582586.0,638143341.0,2023,0.9348954311002595
13-6206256,922350.0,1076708.0,2023,1.1673529571203989
13-6222626,619076.0,842079.0,2023,1.3602191007243052
14-1510347,969199.0,945006.0,2023,0.9750381500599979
14-1622578,1585292.0,1633360.0,2023,1.0303212278873546
14-1626314,4691510.0,4591902.0,2023,0.9787684562113265
14-1633606,3710847.0,2528666.0,2024,0.6814255613341105
14-1705132,858123.0,809665.0,2023,0.9435302398374126
14-1763507,656958.0,771360.0,2023,1.174138986053903
14-1763863,3083057.0,2981250.0,2023,0.9669785540779817
14-1798918,976756.0,1984369.0,2023,2.031591308371794
14-1828476,2413950.0,1902816.0,2023,0.7882582489281054
14-1909094,1260825.0,1911256.0,2023,1.5158773025598318
14-6000805,8865079.0,9626886.0,2023,1.0859334699668215
15-0532221,488938807.0,521600354.0,2023,1.0668008890527685
15-0532279,3554660.0,4003270.0,2023,1.1262033499687734
16-0743966,143128259.0,124993057.0,2023,0.8732940501987102
16-0746860,25206986.0,27623727.0,2023,1.0958758417210213
16-0863402,1700737.0,1810170.0,2023,1.0643444577262682
16-0919175,8278109.0,8459150.0,2023,1.0218698497446699
16-0991179,1902894.0,1909796.0,2023,1.0036271069224034
16-0992023,2419636.0,2531859.0,2023,1.046380116678707
16-1005972,4708211.0,4609134.0,2023,0.9789565505878984
16-1265765,2925160.0,1773423.0,2023,0.6062652983084686
16-1303858,965221.0,1163581.0,2023,1.205507339769856
16-1330593,1180339.0,988438.0,2023,0.8374187415649234
16-1397267,983417.0,1145412.0,2023,1.1647266622399246
16-1463095,689035.0,636589.0,2023,0.9238848534544689
16-1488538,2383138.0,2642231.0,2023,1.108719260068028
16-1544656,2367171.0,2393417.0,2023,1.0110874964250576
16-1554144,912859.0,944920.0,2023,1.0351215247918901
16-1559032,1660056.0,1588224.0,2023,0.9567291705821972
16-1562738,2070530.0,1970985.0,2023,0.9519229376053474
16-1564650,5626529.0,6154421.0,2023,1.0938219637719808
16-1576637,485808252.0,480980012.0,2023,0.9900614285983763
16-1583317,804174.0,604726.0,2023,0.751984023358129
16-6026922,1721603.0,12812.0,2023,0.007441901530143709
20-0177587,2483013.0,2104124.0,2023,0.8474075649221329
20-0194563,5497645.0,5263865.0,2023,0.9574763375954614
20-0670312,5043720.0,4470494.0,2023,0.8863485681203556
20-0774906,5749291.0,4386624.0,2023,0.7629852098284815
20-0814999,4732245.0,3341494.0,2021,0.7061117926058351
20-0845890,1527596.0,1651336.0,2023,1.0810030924406715
20-1209795,3824284.0,2938045.0,2023,0.7682601501352933
20-1980713,2131112.0,2156633.0,2023,1.0119754381749997
20-2001667,1102685.0,1469744.0,2023,1.3328774763418383
20-2985867,1591072.0,1836280.0,2023,1.1541149614850867
20-3055055,1024756.0,1010713.0,2023,0.9862962500341544
20-3558447,4627872.0,4973306.0,2023,1.0746420817170397
20-4158996,168222.0,350.0,2023,0.002080583990203422
20-5128371,883006.0,1107657.0,2023,1.2544161647825722
20-5529890,11573036.0,11699867.0,2023,1.0109591813245893
20-5555166,1646439.0,1239316.0,2023,0.7527251237367434
20-5928151,5736724.0,5370230.0,2023,0.9361144095480277
20-8317595,550000.0,582775.0,2022,1.059590909090909
20-8497991,83384408.0,32943033.0,2023,0.39507425656844625
21-0634462,2041378524.0,1848133661.0,2022,0.9053360948358835
22-1487148,148126429.0,142085023.0,2018,0.9592145301767857
22-1487307,1153072946.0,1035353094.0,2023,0.897907714851546
22-1539559,12589156.0,13204501.0,2023,1.0488789717118447
22-1629144,26417957.0,24635199.0,2024,0.9325171889711229
22-1643997,41299211.0,35465262.0,2023,0.8587394563058359
22-1945368,7186239.0,4475721.0,2023,0.6228182781006866
22-2130220,7112015.0,7593126.0,2023,1.0676476357263025
22-2155884,4807989.0,3819951.0,2023,0.7945007777680024
22-2185298,1516855.0,1897700.0,2023,1.2510754159098925
22-2220531,1198702.0,1106874.0,2023,0.923393804298316
22-2267191,2116065.0,2014744.0,2023,0.9521182005278666
22-2279292,1802486.0,1672617.0,2023,0.927950064521999
22-2304615,1875777.0,2301668.0,2023,1.2270477780674356
22-2317109,2685655.0,1908435.0,2023,0.7106031861873546
22-2335549,3405189.0,2199901.0,2023,0.6460437291439624
22-2391978,2149249.0,2225162.0,2023,1.0353207096990624
22-2479448,2144478.0,427848.0,2024,0.19951148950933514
22-2519813,106293114.0,108219048.0,2023,1.0181190853059399
22-2536262,831850.0,870092.0,2023,1.0459722305704153
22-2536446,50180184.0,25670517.0,2023,0.511566816893298
22-2583590,5257060.0,5158720.0,2023,0.9812937269120002
22-2597592,2797743.0,4970220.0,2023,1.776510565838249
22-2598255,3389010.0,3153897.0,2023,0.9306248727504493
22-2670688,1361304.0,1204545.0,2023,0.8848464413532907
22-2703314,277401775.0,350848587.0,2023,1.2647669143429237
22-2753637,7547410.0,6952451.0,2023,0.9211704412507072
22-2807681,78117523.0,74067556.0,2023,0.9481554605872488
22-2878487,6313738.0,4808926.0,2023,0.7616606834176521
22-2904529,871456.0,1123253.0,2023,1.2889382825983182
22-2908723,1155550.0,1022424.0,2023,0.8847942538185279
22-2955702,2601602.0,2901012.0,2023,1.1150867811448484
22-2977312,12676072.0,9966159.0,2018,0.7862182385836874
22-3032009,6840267.0,3163914.0,2023,0.46254247092986284
22-3095974,945439.0,808408.0,2023,0.855060982252689
22-3111907,1066307.0,788927.0,2023,0.7398685369222935
22-3128809,1184934.0,1281790.0,2023,1.081739573680897
22-3159643,3587492.0,3266369.0,2023,0.9104881627610598
22-3265024,690134.0,747459.0,2023,1.0830635789571301
22-3380047,779601.0,774906.0,2022,0.9939776885868541
22-3425741,1501327.0,586598.0,2023,0.390719676659382
22-3553257,5739795.0,3936954.0,2024,0.6859049844114642
22-3601678,345999545.0,325550567.0,2021,0.940898829794704
22-3614788,1039071.0,1037337.0,2023,0.9983312016214484
22-3646316,8541889.0,6551017.0,2023,0.7669283691230359
22-3662556,20496254.0,17009399.0,2023,0.8298784255893784
22-3673667,1426151.0,1313859.0,2023,0.9212621945362027
23-7013134,6692308.0,9576113.0,2023,1.4309133709924886
23-7233306,16514349.0,18021216.0,2023,1.0912459219555066
23-7236840,1187328.0,1203071.0,2023,1.0132591836459681
23-7252609,12224028.0,15205918.0,2023,1.2439367776317267
23-7356030,10605403.0,10382026.0,2023,0.978937434060733
26-0190895,2139924.0,1929933.0,2023,0.9018698794910474
26-0213027,1916713.0,1868328.0,2023,0.9747562624138304
26-1116774,1402542.0,1440646.0,2023,1.0271678138693885
26-1438583,859309.0,391424.0,2023,0.4555101831820684
26-2014427,280940.0,358418.0,2023,1.2757813056168577
26-2894911,861846.0,1365999.0,2023,1.5849687763243085
26-3324332,3065460.0,3356907.0,2023,1.0950744749564503
26-4008074,4257789.0,5880229.0,2023,1.381052231569014
26-4482112,1866211.0,1737647.0,2023,0.9311096119356279
27-0436350,611798.0,807546.0,2023,1.3199552793569118
27-0580274,2243540.0,1706563.0,2023,0.760656373409879
27-1975049,3040373.0,2902337.0,2023,0.9545989916368814
27-2039522,6373801.0,4901213.0,2023,0.7689623507229046
27-2047238,3703248.0,3479562.0,2023,0.939597348057705
27-2210184,1456448.0,1346222.0,2023,0.924318616249945
27-2917974,1653386.0,1611836.0,2023,0.9748697521328957
27-3267930,286762.0,893296.0,2023,3.115112881065134
27-3343277,2163866.0,1766416.0,2023,0.8163241161883407
27-3918455,831729.0,893373.0,2023,1.0741154871358338
27-4357794,13137075.0,13137075.0,2023,1.0
27-4608005,2495066.0,2963754.0,2023,1.1878459327328414
27-4688153,828617.0,694770.0,2023,0.8384694014243009
27-5316628,56909254.0,62559842.0,2023,1.099291197877941
30-0056836,5030769.0,2607776.0,2023,0.5183652837170619
30-0167821,15496339.0,16136968.0,2023,1.0413406676247854
30-0245250,12720323.0,10920175.0,2023,0.858482524382439
30-0253124,489324.0,578545.0,2023,1.182335221652729
32-0207585,3465400.0,3621494.0,2023,1.0450435736134356
36-4465022,1516362.0,1577327.0,2023,1.040204779597484
36-4510585,2144906.0,1775024.0,2023,0.8275532820552509
37-1660097,40488563.0,34842970.0,2023,0.8605632657301273
41-1800192,6048930.0,2147834.0,2023,0.35507668298360207
42-1607854,13229636.0,1958274.0,2024,0.14802175963117958
45-2155957,796246.0,1142398.0,2022,1.4347299703860366
45-2474862,2672085.0,2726393.0,2023,1.0203242037584883
45-3037447,841198.0,346640.0,2023,0.41207896357337986
45-3211706,1005477.0,1965949.0,2022,1.9552401497000926
45-3533828,3340515.0,4007602.0,2023,1.1996958552797996
45-3931968,1753458.0,2020173.0,2023,1.1521080060086983
45-5567885,2974739.0,3659242.0,2023,1.2301052293999575
46-0543230,125333691.0,145612405.0,2023,1.1617977882738648
46-1606237,1015152.0,1305610.0,2023,1.286122669314546
46-1720815,2506459.0,2229323.0,2023,0.8894312653827571
46-2496701,1808062.0,2118811.0,2023,1.1718685531801454
46-2767095,1644393.0,1610302.0,2023,0.9792683379216526
46-2837911,725555.0,852135.0,2023,1.1744595516535619
46-2931956,167940214.0,208536352.0,2023,1.2417297026905063
46-3015560,2119809.0,2119656.0,2023,0.9999278236860019
46-3475908,5156679.0,5159272.0,2023,1.0005028430119463
46-3582754,937696.0,1427185.0,2023,1.522012464594069
46-3725469,879492.0,284834.0,2023,0.3238619566749896
46-3756713,55077693.0,53249154.0,2022,0.9668007336472862
46-3843748,1276764.0,1527016.0,2023,1.1960048998875281
46-4645902,1414942.0,1305958.0,2023,0.9229763481471326
46-5136872,1276672.0,938267.0,2023,0.7349319167335071
47-0976556,1345394.0,1224233.0,2023,0.909943852878785
47-1001464,24397842.0,22598771.0,2023,0.9262610603019726
47-1277862,505617.0,496892.0,2023,0.9827438555270096
47-1636395,1839658.0,3462925.0,2023,1.8823743326205198
47-1779009,707232.0,832336.0,2023,1.1768924483055065
47-2028521,1313623.0,292998.0,2023,0.22304572925413152
47-2812918,1332095.0,1590695.0,2022,1.1941302985147455
47-2847445,1937138.0,1054826.0,2023,0.5445280615010392
47-2878159,8839623.0,8993147.0,2023,1.0173677090074995
47-2901744,1471595.0,2131905.0,2023,1.448703617503457
47-3985343,2057294.0,1419552.0,2023,0.6900093034831191
47-4205567,7264767.0,5966623.0,2024,0.8213096166745609
47-4620560,1087431.0,300372.0,2023,0.27622166371935325
47-5239057,992600.0,760806.0,2023,0.7664779367318154
47-5312115,20291291.0,20035662.0,2023,0.9874020337099301
47-5676956,60689552.0,67421318.0,2023,1.1109213328844478
51-0163763,2754303.0,2839148.0,2023,1.0308045265898487
51-0192418,4746733.0,4768844.0,2024,1.0046581511957804
51-0594857,912628.0,776486.0,2023,0.8508242131514703
52-1130678,1149032.0,917310.0,2023,0.7983328575705463
52-1636004,74535053.0,36214932.0,2023,0.4858778593744342
52-1949584,5923256.0,5409681.0,2023,0.9132951538815813
52-2282183,2812520.0,3488512.0,2023,1.2403510019484305
54-2160310,5075124.0,4051927.0,2023,0.798389753629665
56-2290403,3228585.0,3115669.0,2023,0.9650261647130244
56-2353412,917716.0,1512478.0,2023,1.6480893871306592
57-1148475,538776.0,232628.0,2023,0.4317712741473265
61-1402829,2145930.0,2066988.0,2023,0.9632131523395451
61-1712514,1179116.0,1414698.0,2022,1.1997954399736752
61-1816180,2381069.0,2430033.0,2023,1.0205638727815112
72-1303737,5357674.0,6959652.0,2023,1.2990062478605455
76-0709606,21928307.0,21138659.0,2023,0.9639895592486917
80-0458769,750736.0,750736.0,2023,1.0
80-0631734,92940429.0,81872824.0,2023,0.8809172163386506
81-0797257,3018536.0,3011480.0,2023,0.9976624429856062
81-1004692,1417932.0,1662334.0,2023,1.1723651063661726
81-2729166,560932.0,622917.0,2023,1.1105035904530318
81-3041566,1266204.0,997027.0,2023,0.7874141923418343
81-3467145,2573962.0,1140237.0,2023,0.4429890573365108
81-3571004,2489374.0,2617151.0,2023,1.051328968648343
81-3640078,277143.0,217300.0,2023,0.7840717607877522
81-4497049,1059204.0,1110521.0,2023,1.04844864634197
82-0605219,342583.0,937162.0,2023,2.7355764880335567
82-0934474,4005840.0,4435949.0,2023,1.1073704890859346
82-1527388,815099.0,887264.0,2024,1.0885352576803553
82-2049263,4621446.0,3313697.0,2023,0.7170260130703681
82-3003388,3086371.0,3807664.0,2023,1.233702623566642
82-3574941,331286.0,350568.0,2022,1.0582034858098441
82-3643027,239973.0,219955.0,2023,0.9165822821734112
82-4360952,1274528.0,1860437.0,2023,1.4597066521881041
82-4535615,3593964.0,3829422.0,2023,1.065514846559398
83-0573018,928190.0,961221.0,2023,1.0355864639782804
83-0739223,1084711.0,1200251.0,2023,1.1065168510322103
83-1511962,6486277.0,13680275.0,2023,2.1091105113148885
83-1816003,953932.0,1020042.0,2023,1.069302633730706
83-2855002,1775333.0,2393955.0,2023,1.348454064674064
83-4697002,564154.0,227758.0,2023,0.4037160066223053
84-1622031,1836390.0,1810750.0,2023,0.9860378242094544
84-2379517,90841.0,325995.0,2023,3.588632886031638
84-3134268,58989386.0,59894640.0,2023,1.0153460488637736
84-4813183,263742115.0,244168426.0,2023,0.9257847424177971
85-0866443,930076.0,770077.0,2023,0.8279721227082518
85-1296795,7072464110.0,7170718931.0,2023,1.013892586723922
85-1444242,884666.0,510253.0,2023,0.57677473758458
85-2402420,0.0,198885.0,2023,
85-3122376,33525098.0,44490332.0,2023,1.3270753749921924
85-3731569,2434221.0,2856018.0,2023,1.173278022003754
86-1491313,767283.0,777583.0,2023,1.0134239908873257
86-2159959,277155.0,287226.0,2022,1.0363370677057964
86-2728785,27373260.0,27143111.0,2023,0.9915921961797755
86-3531237,997355.0,597813.0,2023,0.5993984087912528
86-3883211,1136173.0,998504.0,2023,0.8788309526806217
87-1413975,30979872.0,12550.0,2023,0.0004051017383157684
87-4720705,374605.0,277780.0,2023,0.7415277425554918
88-1291629,3401483.0,347096.0,2022,0.10204255026410539
88-2491672,6399081.0,702056.0,2023,0.10971200395806835
88-3141753,137723.0,143587.0,2023,1.0425782185982007
88-3327187,17567103.0,2785047.0,2023,0.15853763708222124
90-0853595,562968.0,562968.0,2023,1.0
91-1884698,101514941.0,110028793.0,2023,1.0838679697405331
01-0552793,804846.0,813270.0,2023,1.010466598579107
01-0630527,3707943.0,3742588.0,2023,1.009343455387529
01-0634942,11231940.0,4087135.0,2023,0.3638850456822241
01-0646166,18700705.0,23774787.0,2023,1.2713310540966236
01-0705809,1299146.0,1492086.0,2023,1.1485129461969632
01-0706379,1693930.0,1750057.0,2023,1.0331341909051732
01-0806304,865844.0,997268.0,2023,1.1517871579637902
02-0550824,28804889.0,27635685.0,2023,0.9594095294031509
02-0580058,9362677.0,4467866.0,2023,0.47719962997762283
04-3645323,2080658.0,1723894.0,2023,0.8285330890516366
04-3697716,6060283.0,5900148.0,2023,0.9735763164855502
04-3829443,18148092.0,16272234.0,2023,0.8966360761230436
06-1597668,4065708.0,7971073.0,2023,1.9605620964417514
06-1665031,13296198.0,2202127.0,2023,0.16562080378165248
06-1714498,849530.0,756768.0,2023,0.8908078584629148
06-1781309,3299275.0,3183202.0,2023,0.9648186343969508
11-3742894,1318583.0,2059251.0,2023,1.5617151138760321
13-4302280,1072854.0,1560386.0,2023,1.4544252992485465
20-0001916,1418445.0,1342613.0,2023,0.9465386391435692
20-0220263,3016631.0,3228026.0,2023,1.0700765191367456
20-0310400,10724520.0,3259971.0,2023,0.30397360441306465
20-0446324,69201248.0,62260221.0,2023,0.8996979505340713
20-0471983,901525.0,636766.0,2023,0.7063209561576218
20-0652270,1373834.0,1434252.0,2023,1.043977656689236
20-0688727,2034068.0,2677496.0,2023,1.3163257078917716
20-1011222,2203804.0,1791832.0,2023,0.813063230668426
20-1106426,937169829.0,919000144.0,2023,0.9806121746157921
20-1486678,68371334.0,64053308.0,2023,0.9368444968471729
20-1507669,655452.0,521504.0,2023,0.7956402604614831
20-1698926,96672537.0,75131653.0,2023,0.7771768004805749
20-1939963,799380.0,767708.0,2023,0.9603792939528134
20-1965942,4082876.0,3996123.0,2023,0.9787519875695465
20-2013846,34155169.0,34547721.0,2023,1.011493194485438
20-2014073,188381676.0,186102242.0,2023,0.98789991655027
20-2090446,17860436.0,16778297.0,2023,0.9394113895091922
20-2394341,6666827.0,4737212.0,2023,0.7105647109187024
20-2401676,42542990.0,39767259.0,2023,0.934754679913189
20-3149168,764160.0,187819.0,2023,0.24578491415410386
20-3916433,3301284.0,2766885.0,2023,0.8381238936123035
20-3965962,1131878.0,861430.0,2023,0.7610625880174365
20-4254904,6499026.0,6499026.0,2023,1.0
20-4351501,762624.0,1019720.0,2023,1.3371202584759987
20-4361698,2936446.0,7553724.0,2023,2.5724035109108083
20-4503754,1159800.0,688074.0,2023,0.5932695292291774
20-4910970,17297346.0,10955444.0,2023,0.6333598229462485
20-4967588,1028336.0,1230223.0,2023,1.1963239641517946
20-5111657,2107789.0,2679800.0,2023,1.2713796305038123
20-5132324,1661027.0,1553247.0,2024,0.935112433452316
20-5132437,1351288.0,1464562.0,2024,1.0838266897952176
20-5153554,2117180.0,2690270.0,2023,1.270685534531783
20-5218569,1924443.0,2141820.0,2023,1.1129558007174023
20-5473974,838769.0,778235.0,2023,0.9278299507969417
20-8316475,274346219.0,237665506.0,2023,0.8662977272524394
20-8397855,910664.0,957249.0,2023,1.0511549814201506
20-8512169,20470386.0,22352672.0,2023,1.091951661292562
20-8558857,8466328.0,5664930.0,2023,0.6691129849918406
20-8640691,8670979.0,5226063.0,2023,0.6027073759491287
22-2670895,1761529.0,1500900.0,2024,0.8520438777902606
22-2680037,2267077.0,1893209.0,2023,0.8350880892003227
23-1352000,21850623.0,21659963.0,2023,0.9912743906661151
23-1352181,249996474.0,289806913.0,2023,1.159244001977404
23-1352256,17523271.0,21217409.0,2024,1.2108132665413895
23-1352509,19805509.0,19887120.0,2023,1.0041206211867617
23-1654625,3476215.0,4127653.0,2023,1.1873986505437668
23-1900450,2198782.0,1828452.0,2023,0.83157493557797
23-1984838,11769395.0,12656719.0,2023,1.0753924904381236
23-2015671,1592696.0,1059477.0,2023,0.6652098077724814
23-2070668,2894671.0,2840135.0,2024,0.981159862381597
23-2122054,5789633.0,2647997.0,2023,0.45736871404456897
23-2172743,4457478.0,4158986.0,2023,0.9330356762276785
23-2215278,10177505.0,11296306.0,2023,1.1099288086814991
23-2221292,1463478.0,1561613.0,2023,1.0670560131412976
23-2411781,1198524.0,1171785.0,2023,0.9776900587722899
23-2450112,15579354.0,16813009.0,2023,1.0791852473472263
23-2502873,6541377.0,4427811.0,2023,0.6768928010111632
23-2513834,1728024.0,1698216.0,2024,0.9827502395800058
23-2577238,932948.0,817031.0,2024,0.8757519175773998
23-2732783,1143505.0,601294.0,2023,0.5258341677561532
23-2747707,26859137.0,31472465.0,2023,1.1717600978765625
23-2772462,1337844.0,1388326.0,2023,1.0377338463976369
23-2785337,1602512.0,1590761.0,2023,0.9926671375939774
23-2788924,629161.0,720736.0,2023,1.1455509797969041
23-2810141,5272589.0,3415420.0,2023,0.6477690561505932
23-2825878,2062776424.0,2107869780.0,2023,1.0218605155049028
23-2840567,638361.0,811513.0,2023,1.2712446405717142
23-2850840,1430398.0,678342.0,2023,0.47423304562786023
23-2928839,675460.0,741381.0,2023,1.0975942320788796
23-2935865,1125327.0,950639.0,2023,0.8447668988658408
23-2952060,1275122.0,1054468.0,2023,0.8269545972855931
23-2978513,3789118.0,3824554.0,2024,1.0093520444599509
23-2996139,607752.0,888746.0,2023,1.462349774250023
23-3003176,5010258.0,5998803.0,2023,1.197304210681366
23-3005840,2400137.0,1690102.0,2023,0.7041689703546089
23-3017662,766630.0,882319.0,2024,1.150905912891486
23-3022558,4175616.0,2890035.0,2023,0.6921218330421188
23-3069199,10348571.0,8823456.0,2023,0.8526255460778112
23-3071637,1409685.0,1692336.0,2023,1.2005064961321146
23-7005720,6389406.0,7033391.0,2023,1.1007894943598826
23-7073045,760437.0,970298.0,2023,1.2759742095663416
23-7117119,1370732.0,569549.0,2023,0.41550718885967497
23-7118921,895461.0,1082416.0,2023,1.2087807285856111
23-7129398,5024369.0,5156100.0,2023,1.0262184166807813
23-7163421,855107.0,537745.0,2023,0.6288628206762429
23-7259966,6168719.0,5840454.0,2022,0.946785548182694
23-7272741,12418530.0,11351248.0,2023,0.9140572998575516
23-7300355,1996558.0,2531078.0,2023,1.2677207474062862
23-7314836,4220261.0,4414161.0,2023,1.0459450256749523
23-7346463,29238691.0,29283994.0,2023,1.0015494195687489
23-7359252,1669364.0,1763826.0,2023,1.056585621829631
23-7378013,5082852.0,2930454.0,2023,0.5765373455689837
23-7443009,6116966.0,9693940.0,2024,1.5847627729171618
24-0798681,19647549.0,19972281.0,2023,1.016527863093763
25-0523075,1119409.0,1929845.0,2023,1.7239856031173593
25-0965404,217990534.0,202771331.0,2023,0.9301841106550067
25-0965474,7668952.0,7760123.0,2023,1.0118883258103584
25-0965579,58951364.0,52992803.0,2023,0.8989241198897451
25-1187067,19597776.0,20614659.0,2023,1.0518876733768159
25-1209266,25931790.0,24460174.0,2023,0.9432505044966044
25-1215557,29157182.0,27827683.0,2024,0.9544023493079681
25-1231891,1747264.0,2279531.0,2023,1.3046288368557928
25-1264376,8471989.0,8879346.0,2024,1.0480828055843794
25-1269524,2084343.0,1975861.0,2024,0.9479538636395257
25-1309084,1317050.0,579263.0,2023,0.4398185338445769
25-1315648,1653473.0,1535094.0,2023,0.9284058463609627
25-1353697,1653611.0,1591212.0,2024,0.9622650067035113
25-1471089,11086390.0,9471751.0,2023,0.8543584521201221
25-1521327,2454813.0,2737060.0,2024,1.1149769860270415
25-1529652,2485582.0,2549630.0,2024,1.025767808102891
25-1598402,4410753.0,3500448.0,2023,0.7936168722211377
25-1626784,1177832.0,1308147.0,2023,1.110639717718656
25-1653363,2490332.0,2446820.0,2023,0.9825276308540387
25-1686715,2020024.0,1239068.0,2023,0.613392712165796
25-1700492,5206774.0,5202689.0,2024,0.9992154451105425
25-1735895,5486668.0,7604625.0,2023,1.386018800481458
25-1758628,1516165.0,100329.0,2023,0.06617287696259971
25-1762305,3716661.0,3663870.0,2023,0.9857961218416208
25-1764544,9470678.0,7113223.0,2023,0.7510785394667626
25-1775353,817707.0,785199.0,2023,0.9602449288070177
25-1817002,3903853.0,3546966.0,2023,0.9085808302720415
25-1883384,4052633.0,4686599.0,2023,1.156433113977999
26-0220074,2348147.0,2435607.0,2023,1.037246390451705
26-0338084,1728102.0,1323840.0,2023,0.7660658919438783
26-0363509,50502061.0,48907945.0,2023,0.9684346347765886
26-0632787,1829806.0,1616259.0,2023,0.8832952782972621
26-0779888,42640008.0,43026265.0,2023,1.0090585583379816
26-1221063,16665161.0,15159124.0,2023,0.909629615939504
26-1588298,2731560.0,2073004.0,2023,0.7589084625635169
26-1814403,540622.0,540956.0,2023,1.0006178068965006
26-2058861,1767288.0,1914481.0,2024,1.0832875003960871
26-2155870,427671.0,591739.0,2023,1.3836313427845237
26-2335395,72969.0,335336.0,2023,4.5955953898230755
26-2373936,2568098.0,2183878.0,2023,0.8503873294554959
26-2471442,1829574.0,1800794.0,2024,0.9842695622040978
26-2525968,591979880.0,522956538.0,2023,0.8834025541543743
26-2842736,3232830.0,2606548.0,2023,0.8062743787950495
26-3022138,1425587.0,1262997.0,2023,0.8859487355033401
26-3389252,2578550.0,1212274.0,2023,0.47013786818173003
26-3763572,3515934.0,1326694.0,2023,0.3773375723207546
26-4008431,153307.0,280479.0,2022,1.8295250706099526
26-4117989,6692178.0,5763846.0,2023,0.8612810358600742
26-4467473,2190164.0,2191939.0,2024,1.0008104415925017
26-4788700,8023949.0,8003307.0,2023,0.9974274512462629
27-0034814,1529660.0,1584139.0,2023,1.0356151040100414
27-0268016,4337143.0,4951529.0,2023,1.1416568464539905
27-0418260,1205518.0,1251453.0,2023,1.0381039519940805
27-0600567,1076799.0,1074263.0,2023,0.9976448715126964
27-1037159,2121579.0,1262789.0,2023,0.5952118681416059
27-1153597,593936.0,804902.0,2023,1.3551998868564963
27-1236960,622945.0,364710.0,2023,0.5854609957540393
27-1343669,2846345.0,1480806.0,2023,0.5202482481919796
27-1494284,24593795.0,24747620.0,2023,1.006254626421014
27-1503981,171370509.0,176351745.0,2023,1.02906705493884
27-1880057,707994.0,625824.0,2023,0.8839396944041898
27-1983994,981972.0,946826.0,2023,0.9642087554431287
27-3128197,24133926.0,22065925.0,2023,0.9143114551689601
27-3292060,527910.0,245994.0,2023,0.4659771551969086
27-3397064,8195796.0,7674057.0,2023,0.9363406556239321
27-3715681,3541424.0,1334937.0,2023,0.37694921590862884
27-4689832,3378270.0,2869230.0,2023,0.8493193261639833
27-4967732,1624887.0,4819091.0,2023,2.965800698756283
27-5020487,5946403.0,2794159.0,2023,0.46989062127138037
27-5170073,3425105.0,3123029.0,2023,0.9118053315153842
30-0002955,4942374.0,4942374.0,2023,1.0
30-0186547,25690361.0,25177497.0,2023,0.9800367149375596
30-0199985,3830948.0,3726916.0,2023,0.9728443194739266
30-0246731,5004939.0,5234514.0,2024,1.0458696899202968
30-0274225,297050.0,407198.0,2023,1.370806261572126
30-0466165,1875451.0,1921438.0,2023,1.0245205020019186
31-0536688,14400067.0,17766137.0,2023,1.2337537735067483
31-0838645,1325689.0,1330985.0,2023,1.0039949037821088
31-0842914,1375948.0,1243802.0,2023,0.9039600333733542
31-0873280,1553817.0,2433281.0,2023,1.5660023027164718
31-0876202,2537945.0,3408714.0,2023,1.3431000277783798
31-0956722,1062846.0,808845.0,2024,0.7610180590602966
31-0989271,1026808.0,839794.0,2024,0.8178685791306651
31-1041777,1146828.0,1090735.0,2023,0.9510885677712787
31-1057335,660069.0,784753.0,2023,1.1888954033593457
31-1103390,935775.0,777458.0,2023,0.8308172370495044
31-1110376,4387736.0,4237040.0,2023,0.9656551807127868
31-1118091,6678185.0,8631550.0,2023,1.2924993841889676
31-1131099,84342013.0,77243418.0,2023,0.9158355990388799
31-1168245,795422.0,702188.0,2023,0.8827867471606267
31-1178289,820253.0,777517.0,2023,0.9478990018933183
31-1208260,10798452.0,8958191.0,2023,0.8295810362448247
31-1210524,12926632.0,14100027.0,2023,1.0907734512748564
31-1240715,10630304.0,10951097.0,2023,1.0301772178857727
31-1258416,9716478.0,9170107.0,2023,0.9437686165707369
31-1275208,5085289.0,4056835.0,2023,0.7977589867557183
31-1333992,13131030.0,13019065.0,2023,0.991473250765553
31-1429047,1580562038.0,1422218698.0,2021,0.8998183328505325
31-1433378,1613922.0,1662675.0,2023,1.03020777955812
31-1443005,1595222.0,1485181.0,2023,0.9310183786331934
31-1508554,2329708.0,2449265.0,2023,1.0513184484922573
31-1519694,520899.0,806804.0,2023,1.5488683986722953
31-1566039,2064661.0,1639397.0,2024,0.7940272034973296
31-1604543,1651036.0,1245742.0,2023,0.7545214035308739
31-1656193,843421.0,810085.0,2023,0.9604752549438537
31-1727952,19360366.0,4939415.0,2023,0.25513024908723314
31-1788636,680942.0,759919.0,2023,1.1159819779070759
33-1075347,1006587.0,815418.0,2023,0.8100819899323158
33-1153238,2522733.0,2522733.0,2023,1.0
34-0714662,11534862.0,12189604.0,2023,1.0567620141445992
34-0726081,184843797.0,173764940.0,2023,0.940063679821509
34-0737793,26353403.0,20330883.0,2023,0.7714708798708083
34-1015976,22170793.0,32841404.0,2023,1.481291354801788
34-1269314,9780584.0,8518463.0,2023,0.8709564786724392
34-1286014,1728342.0,1588739.0,2023,0.919227213132586
34-1344279,2324180.0,2323922.0,2023,0.9998889931072464
34-1381334,1552530.0,1681652.0,2023,1.0831687632445106
34-1487107,1103380.0,883097.0,2023,0.8003561782885316
34-1594381,1702897.0,1516998.0,2023,0.8908336793123718
34-1650917,82302277.0,51929777.0,2023,0.6309640376049377
34-1703387,5540946.0,2877826.0,2023,0.5193744894824819
34-1722175,2290687.0,2317982.0,2023,1.0119156392820146
34-1774211,1851814.0,1496871.0,2024,0.8083268622010634
34-1789783,26959591.0,18760642.0,2013,0.6958800673200124
34-1845898,564114.0,619994.0,2023,1.0990579918243475
34-1885473,9660928.0,9618508.0,2023,0.9956091174678043
34-1939487,468977.0,427916.0,2023,0.9124455996775961
34-1971509,1641158.0,1506324.0,2023,0.9178421577934605
34-4430716,167162682.0,163630041.0,2023,0.9788670476105427
34-6751071,2078874.0,2210587.0,2023,1.0633578562240906
35-0877575,53568949.0,42719920.0,2023,0.7974754180822178
35-0988724,35098409.0,38205810.0,2023,1.0885339560548173
35-1346514,3114874.0,3425101.0,2023,1.0995953608396358
35-1378456,830380.0,728447.0,2023,0.877245357547147
35-1437955,1041937.0,1093600.0,2023,1.049583612060998
35-1607101,3085992.0,2755720.0,2023,0.8929770394738548
35-1625609,376355.0,293579.0,2023,0.7800587211542294
35-1642430,4553156.0,4208036.0,2023,0.9242020260232683
35-1687064,8768853.0,8078409.0,2024,0.9212617659344956
35-1704590,5614991.0,4487923.0,2023,0.7992751902897084
35-1918822,1819678.0,1517012.0,2023,0.8336705724859014
35-1934465,9282935.0,9483015.0,2023,1.0215535280598216
35-1954403,774322.0,808886.0,2023,1.044637760518234
35-1966459,1240792.0,1444531.0,2023,1.1642007685413833
35-1993520,39741003.0,22303501.0,2023,0.5612213914178261
35-2036890,974113.0,1066567.0,2023,1.0949109600220919
35-2077713,2896677.0,2798000.0,2023,0.9659344138127931
35-2099782,16535508.0,16469900.0,2023,0.996032296074605
35-2216589,748587.0,851448.0,2023,1.1374068745516552
36-2166998,27782741.0,24673742.0,2023,0.8880960305536448
36-2167008,7187575.0,6504988.0,2023,0.9050323648796709
36-2167725,359509602.0,339959523.0,2023,0.9456201478590828
36-2167773,188952800.0,182805896.0,2023,0.9674685741624364
36-2170901,61473326.0,52750144.0,2023,0.8580980960750358
36-2174823,2664946106.0,2591162936.0,2023,0.9723134476026061
36-2194838,81093776.0,77328055.0,2023,0.9535633782794872
36-2251912,126705006.0,121849360.0,2023,0.9616775520297911
36-2256023,5717475.0,5680246.0,2023,0.9934885591978977
36-2548549,53774309.0,51035534.0,2023,0.9490690805529458
36-2780862,17601990.0,17704023.0,2023,1.0057966741260504
36-2852553,20112010.0,20889888.0,2021,1.0386772878493995
36-2855797,3987748.0,4153743.0,2023,1.0416262512074483
36-3100202,2696528.0,2756690.0,2024,1.0223109124029122
36-3105849,4740964.0,1596114.0,2023,0.3366644420839306
36-3107283,1670331.0,1658105.0,2023,0.9926804926688183
36-3108372,3999148.0,3709109.0,2023,0.9274748021328543
36-3152959,2057415454.0,1684720180.0,2023,0.8188526905076897
36-3267851,4521470.0,5707859.0,2023,1.2623901076419837
36-3283625,39036731.0,31759901.0,2023,0.8135901799769043
36-3287080,6026846.0,5780048.0,2023,0.9590502229524365
36-3304863,1257392.0,1220868.0,2024,0.9709525748533473
36-3311936,52314827.0,46825983.0,2023,0.8950805285086769
36-3317416,11431178.0,11818573.0,2023,1.0338893331903327
36-3331605,7187864.0,6686858.0,2023,0.9302983473254364
36-3332852,257834375.0,257408502.0,2023,0.9983482691165598
36-3449507,1482568.0,1705067.0,2023,1.1500767587051657
36-3556481,863225.0,906877.0,2024,1.0505685076312665
36-3592066,4016327.0,2863762.0,2023,0.713030089432459
36-3718992,22580146.0,24513772.0,2023,1.0856339015699898
36-3727669,11319706.0,9984130.0,2023,0.8820131900952198
36-3728180,7061690.0,6352646.0,2023,0.8995928736605543
36-3774128,2182975.0,1956321.0,2023,0.8961719671549148
36-3907579,1764150.0,1687015.0,2023,0.9562763937306918
36-3985169,1679172.0,1773924.0,2024,1.056427810849633
36-3999938,1595352.0,1857593.0,2022,1.1643781435068874
36-4024688,6912230.0,7277539.0,2022,1.0528496592271959
36-4083056,4230490.0,4315880.0,2023,1.0201844230810142
36-4109289,1576647.0,1411736.0,2023,0.8954039807261867
36-4113692,118524527.0,116129140.0,2023,0.9797899467677268
36-4229337,72605707.0,64910205.0,2023,0.8940096816356323
36-4313685,13132683.0,13484230.0,2023,1.0267688636054033
36-4405660,16664040.0,16933289.0,2023,1.0161574864198597
36-4461307,2247454.0,2281643.0,2023,1.0152123247016402
36-4534086,1884260.0,2451282.0,2023,1.3009255622897054
36-4724966,9147061001.0,8938053992.0,2023,0.9771503645840833
36-4784099,898937.0,898937.0,2023,1.0
36-6109056,2958064.0,4516131.0,2023,1.5267184888494636
37-0512290,17501132.0,19007323.0,2023,1.08606249012921
37-0645239,45396004.0,43655716.0,2023,0.961664290980325
37-0673461,16158224.0,15565164.0,2023,0.9632967088462198
37-0684691,50471561.0,48099140.0,2023,0.9529948954818338
37-1089023,1447432.0,1362761.0,2023,0.9415026059946167
37-1089178,1118640.0,924623.0,2023,0.8265599299148967
37-1097200,3024251.0,2645820.0,2023,0.8748678598436439
37-1097202,1000489.0,1599194.0,2023,1.5984123763479658
37-1242862,12427969.0,11106867.0,2023,0.8936992842515137
37-1307763,1505628.0,802499.0,2023,0.5329995191375293
37-1346397,2676122.0,2423912.0,2023,0.9057554177275924
37-1395774,847170.0,882198.0,2024,1.041347073196643
37-1450881,58864.0,26772.0,2023,0.45481108997010056
37-1753984,1715134.0,1484885.0,2024,0.8657545124754101
37-6062326,43909375.0,38293735.0,2023,0.8721084050957227
37-6147532,15742445.0,17327982.0,2024,1.100717328216805
38-0350304,58621064.0,61273657.0,2023,1.0452498269222816
38-1358172,36706890.0,26333312.0,2023,0.7173942548660484
38-1358212,880490402.0,904524555.0,2023,1.027296325939962
38-1362830,746553663.0,766593955.0,2023,1.0268437394298875
38-1369796,17470918.0,15399615.0,2023,0.8814428068404877
38-1474929,48974512.0,47807576.0,2023,0.9761725854460785
38-1507046,13830869.0,13543407.0,2023,0.9792159118852185
38-1660960,1277089.0,1229949.0,2023,0.9630879288757479
38-1676540,7785315.0,2354945.0,2023,0.3024855127891421
38-1707521,26379811.0,28782193.0,2023,1.0910689617905147
38-1852799,1858392.0,1947796.0,2023,1.0481082570308093
38-2083220,556839.0,556225.0,2023,0.9988973473481563
38-2208980,4769794.0,4386328.0,2023,0.9196053330605053
38-2252958,140378.0,383177.0,2023,2.7296086281326133
38-2292020,6038973.0,6382726.0,2023,1.0569224270418165
38-2377821,378809090.0,400589700.0,2023,1.0574975906729165
38-2425199,4132421.0,3386452.0,2023,0.8194837844450021
38-2516989,1214457.0,1454927.0,2022,1.1980061871272512
38-2534392,747988.0,745444.0,2023,0.9965988759177955
38-2561225,3617526.0,4290830.0,2023,1.186122781149327
38-2716658,1551252.0,1735893.0,2023,1.1190270826403448
38-2874694,7026231.0,6992073.0,2023,0.995138503132049
38-2884074,1308462.0,2146126.0,2023,1.640189780062394
38-2902088,900818.0,864225.0,2023,0.9593780319665015
38-2927999,6942623.0,5960813.0,2024,0.8585822678258636
38-2957148,99423284.0,9891797.0,2023,0.09949175486901037
38-3080446,1718675.0,1510493.0,2023,0.8788706416279983
38-3080448,2551393.0,2334746.0,2023,0.91508677808554
38-3201091,948676.0,1463232.0,2022,1.5423938204402767
38-3317919,7685372.0,5224644.0,2023,0.6798166699022506
38-3323628,970327.0,2064516.0,2023,2.1276497510633012
38-3399769,863317.0,1051996.0,2023,1.2185512390002746
38-3409849,16733074.0,17487667.0,2023,1.0450958980997753
38-3610205,833070.0,892876.0,2023,1.0717898856038508
38-3620056,860787.0,786956.0,2023,0.9142284909042538
38-3626401,10650612.0,10443254.0,2023,0.9805308840468511
38-3689305,1643769.0,178215.0,2014,0.10841851866046871
38-4033238,628501.0,48903.0,2023,0.0778089454113836
38-6000029,254736004.0,233788889.0,2023,0.9177693193302977
38-6020434,50683673.0,44232925.0,2023,0.8727253251752295
39-0704510,23063676.0,25990107.0,2023,1.126884846977559
39-0806174,3405853.0,3867004.0,2023,1.135399560697423
39-0806250,80736809.0,92576474.0,2023,1.1466451937678142
39-0806404,87829796.0,82056626.0,2023,0.934268662083651
39-0806828,41450526.0,41096760.0,2023,0.9914653435278481
39-0807065,20316162.0,20764733.0,2023,1.0220795148217463
39-0808442,95257833.0,89123318.0,2023,0.9356009389799996
39-0819992,29889394.0,30619654.0,2023,1.0244320778132872
39-0821863,10240001.0,9753258.0,2023,0.9524665085481925
39-0831153,31916309.0,35092367.0,2023,1.099512070772344
39-0833966,3107085.0,2991744.0,2023,0.962878067384703
39-0848401,39767580.0,39528290.0,2023,0.9939827869837692
39-0863391,36295084.0,41937912.0,2023,1.1554708621145497
39-0869788,38468676.0,33247456.0,2023,0.8642734675869791
39-0871113,56399043.0,46463955.0,2023,0.8238429683993043
39-0873606,31129579.0,37278756.0,2023,1.1975348590483668
39-0929538,32953831.0,26919971.0,2023,0.8168995890037792
39-0985690,17625379.0,16489996.0,2023,0.9355824915878405
39-1038707,2526489.0,2599221.0,2023,1.0287877762380917
39-1043627,1932564.0,1576848.0,2023,0.8159357206281396
39-1090394,78403388.0,12531647.0,2023,0.1598355290462703
39-1276210,6817136.0,8036459.0,2023,1.17886147496544
39-1278299,1915299.0,2223791.0,2023,1.1610672798346369
39-1308555,1008681.0,959878.0,2023,0.9516170127126415
39-1322995,2492040.0,1103749.0,2023,0.44290982488242564
39-1365168,19400445.0,17469099.0,2023,0.9004483660039757
39-1373090,4243963.0,752000.0,2023,0.17719287373617537
39-1378449,1772191.0,1259813.0,2023,0.7108787935386197
39-1403276,1400070.0,1379799.0,2023,0.9855214382138036
39-1441770,4365197.0,1613465.0,2023,0.369620202707919
39-1478014,5654859.0,3480546.0,2023,0.6154965137061773
39-1536207,86854899.0,81607919.0,2024,0.9395891301422157
39-1742974,10510903.0,10051176.0,2023,0.9562618930076702
39-1837474,11716959.0,7621123.0,2023,0.6504352366514212
39-1864684,4640996.0,3337542.0,2023,0.719143476960549
39-1893658,732818.0,709948.0,2023,0.9687917054439165
39-1893799,427910.0,685730.0,2023,1.6025098735715455
39-1904975,10830530.0,11078948.0,2023,1.0229368276529403
39-1906153,13826247.0,12991674.0,2023,0.9396385005996204
39-2007850,2569588.0,2342316.0,2022,0.9115531361447827
39-2010184,2030259.0,2175050.0,2023,1.0713165167596843
39-2023114,4154190.0,3958979.0,2023,0.9530086490988616
41-0695462,21392686.0,22681581.0,2023,1.0602493300747742
41-0706115,20734963.0,20919092.0,2023,1.008880121946685
41-0706143,32303919.0,30509690.0,2023,0.9444578535502147
41-0724029,62998183.0,68469103.0,2023,1.0868425046481103
41-0726173,10143017.0,11484437.0,2023,1.1322505917125052
41-0837659,14737443.0,14496091.0,2023,0.9836232106207298
41-0871848,2362325.0,2210954.0,2023,0.9359228725937371
41-0883453,11384117.0,10758301.0,2023,0.9450272691329508
41-0948382,56035773.0,54331454.0,2023,0.9695851612504748
41-0968007,2434010.0,2459991.0,2023,1.0106741549952547
41-0983062,4910696.0,4849249.0,2023,0.9874871097701833
41-0993494,9192949.0,9654137.0,2023,1.0501675795220882
41-1324087,1054361.0,1292001.0,2023,1.2253876992794688
41-1333578,1456087.0,1280166.0,2023,0.8791823565487502
41-1354967,4575456.0,5325060.0,2023,1.1638315394137764
41-1380923,4895950.0,5723188.0,2023,1.1689637353322644
41-1386635,1425739.0,2073571.0,2023,1.4543833057803708
41-1390018,2614831.0,2630886.0,2023,1.006139976159071
41-1447503,1959569.0,1989817.0,2023,1.0154360474165494
41-1464430,3421616.0,3653766.0,2024,1.0678480577598422
41-1616861,55474462.0,45512446.0,2023,0.8204215842597987
41-1647585,1053467.0,817421.0,2023,0.7759341298778225
41-1651783,25385711.0,25385796.0,2023,1.000003348340332
41-1670818,6256124.0,6469837.0,2023,1.034160608069789
41-1675502,4717188.0,21354.0,2023,0.004526849470489622
41-1678328,3852925.0,2127547.0,2023,0.5521900893477034
41-1703162,6579487.0,5814752.0,2023,0.883769813664804
41-1753148,9886783.0,2724604.0,2023,0.2755804390568702
41-1821520,3922320.0,4300024.0,2023,1.0962960696730506
41-1836919,21142915.0,10679953.0,2023,0.5051315298765567
41-1856806,2144896.0,1819478.0,2024,0.8482826206958286
41-1883153,9848549.0,10136049.0,2023,1.029192117539345
41-1897793,1842249.0,1500210.0,2023,0.8143361727974883
41-1931304,1648175.0,1767759.0,2024,1.0725554021872676
41-1935027,179673196.0,176335308.0,2023,0.9814224487886329
41-1968154,1156024.0,305751.0,2024,0.2644849933911407
41-1971550,848742.0,828482.0,2023,0.976129377360847
41-1976895,265280.0,305220.0,2024,1.1505579010856453
41-1984081,5805535.0,6301870.0,2023,1.0854934127517963
41-2004557,1865211.0,992319.0,2023,0.5320143404687191
41-2011396,15051514.0,12837362.0,2023,0.8528950642440355
41-2019107,3921257.0,352490.0,2023,0.08989209327519211
41-2059305,1438372.0,1150746.0,2023,0.8000336491533484
42-0680308,42204709.0,47214904.0,2023,1.1187117532311384
42-0698245,25418285.0,24097910.0,2023,0.9480541271765581
42-0727488,17237889.0,26521062.0,2023,1.5385330535542954
42-0738969,13095633.0,14695481.0,2023,1.1221665268108842
42-0843389,27848300.0,28498206.0,2023,1.0233373670924257
42-0953968,26064011.0,25831035.0,2023,0.9910613911266382
42-1096027,947578.0,933954.0,2023,0.9856222917796741
42-1126653,1172120.0,565605.0,2023,0.4825487151486196
42-1416426,6733372.0,5929225.0,2023,0.8805729135416847
42-1418132,18436674.0,16733635.0,2023,0.9076276447693331
42-1489471,30439908.0,29072880.0,2024,0.9550909286585229
42-1489488,5640018.0,4608575.0,2023,0.8171206191185915
42-1509105,526111.0,509678.0,2023,0.9687651465185103
42-1510879,19273540.0,8918068.0,2023,0.46271043098465564
42-1653982,1257013.0,900036.0,2023,0.7160116880255017
42-1711239,4608812.0,3228643.0,2023,0.7005369279545358
43-1992651,732251.0,704853.0,2023,0.9625838680998728
43-2104075,2446820.0,2063038.0,2023,0.8431507017271397
45-0226426,15579190.0,15705703.0,2023,1.0081206404184042
45-0226729,24974814.0,24239909.0,2023,0.9705741552269418
45-0308484,20573775.0,16963918.0,2023,0.8245408535866655
45-0343834,1585316.0,1682272.0,2023,1.0611587847470156
45-0354762,1014728.0,991749.0,2023,0.9773545225912756
45-0358986,10028814.0,10201952.0,2023,1.0172640553509118
45-0425948,16276380.0,15485522.0,2023,0.951410694515611
45-0447670,11285565.0,9092741.0,2023,0.8056965690242358
45-0455343,2193715.0,2068973.0,2024,0.9431366426358939
45-0458242,17303234.0,17020297.0,2023,0.9836483168406553
45-0464988,916646.0,753980.0,2023,0.8225421809509887
45-1257972,73808126.0,73920924.0,2023,1.0015282599100268
45-2412695,836223.0,1500758.0,2023,1.7946863456279007
45-2612118,18955356.0,21481371.0,2023,1.133261279819804
45-2696517,122112231.0,88885232.0,2023,0.727897863073192
45-2743815,5899338.0,643704.0,2023,0.10911461591114122
45-2907584,1976301.0,1444625.0,2023,0.7309741785284731
45-2942323,2929910.0,2778125.0,2023,0.9481946544433105
45-3215312,28703872.0,20919363.0,2023,0.728799341078444
45-3810502,4362985.0,946570.0,2023,0.21695467667204907
45-3848293,1500394.0,1273424.0,2023,0.8487264011986185
45-3971533,832704.0,671820.0,2022,0.8067932902928291
45-4135784,2442872.0,3490629.0,2023,1.4289037657314834
45-4247023,1525514.0,652021.0,2023,0.4274106956737205
45-4367209,12196127.0,12965259.0,2023,1.0630636266742712
45-4475683,20857122.0,18800973.0,2023,0.9014174151160452
45-4582324,8677582.0,5942945.0,2023,0.684861865897666
45-5423994,4054624.0,3990014.0,2023,0.9840651069001712
45-5596833,1031019.0,1013993.0,2023,0.9834862403117692
45-6011769,2046324.0,2061813.0,2023,1.007569182592786
45-6013474,21422108.0,20531614.0,2023,0.9584310750370598
46-0224598,200128779.0,209172426.0,2023,1.0451891379400262
46-0226738,30157075.0,23596492.0,2023,0.7824529401475442
46-0246437,4498402.0,5099735.0,2023,1.1336770257527007
46-0255944,27167311.0,28184742.0,2023,1.0374505596081998
46-0274380,28422776.0,30070356.0,2023,1.057966892466802
46-0356287,1271619.0,1428924.0,2023,1.123704505830756
46-0360899,210662984.0,200759854.0,2023,0.9529906497479406
46-0414463,3726317.0,4532362.0,2023,1.2163114410287692
46-0468444,1959188.0,1833662.0,2023,0.9359295789888464
46-0639645,1151795.0,1349879.0,2023,1.1719785204832458
46-0726303,280270366.0,307154942.0,2023,1.0959237195986677
46-0779062,3306782.0,3009694.0,2023,0.9101579723126593
46-0980402,144857.0,144256.0,2023,0.9958510807209869
46-1051875,9946832.0,4367434.0,2023,0.4390778893219469
46-1134776,853171.0,1620799.0,2023,1.8997352230678257
46-1393755,3218185.0,14701436.0,2023,4.568238308238961
46-1549875,5835819.0,5838144.0,2023,1.000398401663931
46-1551173,3300746.0,1193643.0,2023,0.36162825009861405
46-2014496,1119419.0,1000890.0,2023,0.8941156081860322
46-2590581,5316282.0,5333350.0,2023,1.003210514415902
46-2820184,1228028.0,1014992.0,2024,0.8265218708368213
46-2898940,960618.0,1257403.0,2023,1.308952153717711
46-2997666,1801771.0,2249853.0,2023,1.2486897613514703
46-3069542,9198561.0,8255942.0,2023,0.8975253846770164
46-3360695,880013.0,901779.0,2023,1.0247337255245093
46-3675050,10905992.0,12121550.0,2023,1.1114578114489724
46-4036273,1605417.0,1707660.0,2023,1.063686257215415
46-4136425,7827561.0,1679501.0,2023,0.21456249271005362
46-4183160,1060083.0,2510173.0,2023,2.367902324629298
46-4290005,1892933.0,1211778.0,2023,0.6401589491017379
46-4856936,11466467.0,11466467.0,2023,1.0
46-4959371,2402541.0,2402541.0,2023,1.0
46-5090278,424569967.0,450225227.0,2023,1.0604264596982198
46-5143606,225158457.0,235178585.0,2023,1.044502561145194
46-5304400,611069.0,684715.0,2023,1.1205199412832265
46-5311242,2555779.0,2769315.0,2023,1.0835502600185696
46-5336895,3526399.0,1223955.0,2022,0.3470835262827604
46-5593933,5042886.0,3318567.0,2023,0.6580690104832828
46-5737246,1750285.0,1007542.0,2023,0.5756445378895437
46-6015787,6602709.0,7002853.0,2023,1.060603004009415
47-0461859,29466297.0,28929145.0,2023,0.9817706310365364
47-0463911,46668664.0,40399808.0,2023,0.8656731206190089
47-0468078,36036401.0,31508885.0,2023,0.8743627034231304
47-0486026,55545631.0,49139219.0,2023,0.8846639801427406
47-0548478,1120105.0,1127291.0,2023,1.006415469978261
47-0614058,862043.0,836385.0,2024,0.9702358235030039
47-0771964,26500.0,169553.0,2023,6.3982264150943395
47-0785685,72553056.0,94749069.0,2023,1.3059280232110415
47-0803373,1414651.0,1265094.0,2022,0.8942799319408108
47-0838482,454352.0,526425.0,2023,1.15862811212452
47-0841285,35930314.0,31246885.0,2023,0.8696524333185621
47-1060223,1826120.0,2800961.0,2023,1.533831840185749
47-1204443,43229334.0,28120736.0,2023,0.6505012545416499
47-1508832,530697.0,249389.0,2023,0.46992728430724123
47-1872208,4024488.0,3544545.0,2023,0.8807443331921974
47-1920172,515692.0,339601.0,2023,0.658534551631594
47-2014889,2336407.0,788086.0,2024,0.33730681341050595
47-2226030,344200.0,484923.0,2023,1.4088407902382336
47-2237488,31590718.0,12858781.0,2023,0.4070430118112542
47-2312721,1166230.0,1189177.0,2023,1.0196762216715398
47-2379743,1336432.0,1334752.0,2024,0.9987429214505489
47-2584315,8556639.0,10038709.0,2023,1.1732070267309396
47-2882533,867648.0,651605.0,2023,0.7510015582355979
47-3198605,677479.0,640785.0,2023,0.9458374355515079
47-4344802,24126745.0,22753691.0,2023,0.9430899609541196
47-4379637,26418382.0,21846128.0,2024,0.8269290677983232
47-4579061,264527.0,157464.0,2023,0.5952662677155829
47-4591341,4439376.0,4174618.0,2023,0.9403614381841051
47-4619038,1172480.0,1246711.0,2024,1.0633111012554586
47-4688867,9784377.0,5082048.0,2023,0.5194043524692477
47-4914917,207776395.0,223515157.0,2023,1.075748556519137
47-5564646,2523839.0,2472280.0,2024,0.9795712008571069
47-5629011,5796103.0,2720869.0,2023,0.4694307537322922
48-6107868,1041838.0,1469118.0,2022,1.4101213432414637
51-0066725,5343423.0,5724818.0,2023,1.071376531485529
51-0101188,6731576.0,6191988.0,2023,0.9198422479371844
51-0103684,2697997080.0,2588355960.0,2023,0.9593620316297747
51-0107088,123946874.0,121397331.0,2023,0.9794303565897111
51-0178917,4525282.0,4465376.0,2023,0.9867619299747508
51-0376650,3380488.0,2457262.0,2023,0.726895643469227
51-0387484,1179736.0,1702663.0,2023,1.443257644083083
51-0415780,1916736.0,2535953.0,2023,1.3230580528565228
51-0436665,1620487.0,909476.0,2023,0.5612362209632042
52-0192004,36120781.0,23753467.0,2023,0.6576122205109574
52-0591586,51165512.0,49700412.0,2023,0.9713654775896702
52-0607930,20243258.0,18651815.0,2023,0.9213840479630304
52-0886223,2408525.0,4010590.0,2023,1.6651643640817513
52-0892064,69564440.0,77404775.0,2023,1.1127060751153894
52-0955532,79018802.0,56849229.0,2023,0.7194392671253103
52-1186250,4125675.0,4325065.0,2024,1.0483290613051197
52-1217106,15166156.0,14985037.0,2023,0.9880576858104321
52-1226188,11322319.0,12105197.0,2024,1.0691446690382067
52-1256458,8083211.0,7129387.0,2023,0.8819993688151899
52-1362103,4436577.0,4296781.0,2023,0.9684901220017144
52-1372665,308698017.0,314574011.0,2023,1.0190347643211457
52-1431619,8507261.0,8481485.0,2024,0.9969701176442101
52-1442707,1318455.0,1476149.0,2023,1.1196051438994885
52-1477004,1408198.0,1732871.0,2023,1.2305591969311134
52-1513535,4575550.0,5173411.0,2023,1.1306642917244922
52-1522421,4237850.0,3746011.0,2024,0.8839413853722996
52-1631939,28385531.0,23156342.0,2022,0.815779771743569
52-1632468,4865383.0,3975555.0,2023,0.8171103898706433
52-1712905,22884739.0,1811792.0,2023,0.0791703152043814
52-1729460,4529782.0,4166514.0,2023,0.9198045292245852
52-1744007,6026374.0,11490233.0,2023,1.9066578011918942
52-1771022,1067836.0,1269507.0,2023,1.1888595252454497
52-1797072,3868392.0,3820232.0,2023,0.9875503826913095
52-1822533,4243000.0,3368096.0,2023,0.7938006127739807
52-1860524,772247.0,857930.0,2023,1.1109528428080653
52-1888775,64061078.0,78590690.0,2023,1.2268087340022595
52-1901220,7015981.0,4793598.0,2023,0.6832398776450507
52-1920863,1510927.0,1556461.0,2023,1.0301364658914693
52-1929523,3147066.0,3444244.0,2021,1.0944301771872595
52-1942257,6820855.0,7146211.0,2023,1.0477001783500748
52-1963655,2054966.0,2128699.0,2021,1.0358803989944358
52-1965128,3551240.0,39504132.0,2021,11.124038927247947
52-2023392,16341799.0,16462476.0,2023,1.0073845602922908
52-2063810,2280248.0,1804953.0,2023,0.7915599531279054
52-2122145,32021373.0,36270635.0,2023,1.1327008058024246
52-2129899,865844.0,668040.0,2023,0.7715477614905225
52-2187972,2195212.0,2150445.0,2023,0.9796069810114012
52-2264611,52825850.0,33970570.0,2023,0.643067172605836
52-2283835,31691795.0,24142792.0,2022,0.7617994499838208
52-2296718,878301.0,929880.0,2023,1.0587258809906854
52-2322163,737556.0,924219.0,2023,1.2530831557197013
52-2353661,10248895.0,9895876.0,2023,0.9655554086562502
53-0204621,19411205.0,21299122.0,2023,1.0972591346080782
54-0505955,5745452.0,1385040.0,2023,0.24106719540951696
54-0505973,16363325.0,15930458.0,2023,0.9735465133156006
54-0551711,148968875.0,189106009.0,2023,1.2694330208239808
54-1031437,37077060.0,31845752.0,2023,0.8589071517536719
54-1082222,1762305.0,1744116.0,2024,0.9896788580864266
54-1190773,7219421.0,2703221.0,2023,0.3744373683152707
54-1251090,2379216.0,2333063.0,2023,0.9806015931298377
54-1428495,1287443.0,1440483.0,2023,1.11887128206841
54-1516042,2944714.0,1455542.0,2023,0.4942897680385939
54-1582304,12618213.0,10696506.0,2024,0.8477037120866481
54-1587929,698246.0,429319.0,2023,0.6148535043523343
54-1623646,1637264.0,1557867.0,2023,0.951506293426106
54-1691371,2103747.0,2718893.0,2024,1.2924049327224234
54-1799922,5706040.0,4498113.0,2024,0.7883073024374172
54-1911091,12376635.0,12435634.0,2023,1.0047669661422511
54-1916517,3106279.0,2645107.0,2023,0.8515355510564248
54-1950038,2611517.0,2229018.0,2023,0.8535337889816532
54-1963797,1336012.0,570552.0,2024,0.42705604440678674
54-1964259,1282504.0,1109116.0,2023,0.8648051000230799
54-1997025,1989201.0,1071241.0,2023,0.5385282834665778
54-2006078,2566199.0,2677674.0,2023,1.0434397332397058
54-2065665,23750328.0,23924632.0,2023,1.0073390144338217
55-0477361,72177450.0,70345825.0,2023,0.9746233068638473
55-0518114,1607220.0,1464908.0,2023,0.9114545612921691
55-0629032,31256472.0,30644431.0,2023,0.9804187433565759
55-0647494,1102754.0,1185325.0,2023,1.07487708047307
55-0678214,1013705.0,960450.0,2024,0.9474649922807917
55-0689535,1924024.0,4652216.0,2023,2.417961522309493
55-0745158,3428708.0,1502981.0,2023,0.43835199731210706
55-6025355,13634857.0,14454382.0,2023,1.0601051408166584
56-0525657,14775129.0,17122522.0,2023,1.1588746196395308
56-0538020,138112354.0,129893199.0,2023,0.9404893569477499
56-0554222,48167182.0,42091076.0,2023,0.8738538202214113
56-0594591,18789212.0,18011849.0,2023,0.9586271632892321
56-0653348,35105750.0,36656326.0,2023,1.044168718799627
56-0988617,809496.0,654613.0,2023,0.8086673683378299
56-1053910,1999631.0,1634709.0,2023,0.8175053297333358
56-1165833,3765330.0,2257284.0,2023,0.5994916780202532
56-1188297,829669.0,842459.0,2023,1.0154157862954987
56-1203878,3112357.0,2383170.0,2023,0.7657122881468932
56-1282557,38895412.0,36886596.0,2023,0.9483533944826192
56-1376950,4015833950.0,3902611082.0,2023,0.9718058890358253
56-1383462,1208508.0,1113022.0,2023,0.9209885246932581
56-1438138,2027562.0,1945775.0,2022,0.9596623925680201
56-1478458,2430435.0,1978021.0,2023,0.8138547214798997
56-1478492,48517989.0,47059216.0,2023,0.969933358120016
56-1488791,1582133.0,1697478.0,2023,1.0729047431537044
56-1509260,1623067183.0,1623015427.0,2023,0.9999681122257033
56-1728944,2547790.0,1967801.0,2023,0.7723560419029826
56-1822730,1521275.0,650472.0,2023,0.4275834415210925
56-1844262,69080898.0,68916772.0,2023,0.997624147850539
56-1856590,1487002.0,1335652.0,2023,0.8982180252615666
56-1865248,915962.0,871894.0,2024,0.95188883381625
56-1912849,2007879.0,1553079.0,2023,0.7734923269778706
56-1924027,5929453.0,3356425.0,2023,0.5660598034928348
56-1935926,1936204.0,1702291.0,2023,0.8791898994114257
56-2009319,1044320.0,1047730.0,2023,1.003265282671978
56-2049813,4086282.0,3418106.0,2023,0.8364831404195795
56-2055131,3429395.0,3468647.0,2022,1.011445750635316
56-2057124,1171581.0,862815.0,2022,0.7364535614695015
56-2057448,462855.0,669822.0,2023,1.4471529960786855
56-2086735,2105325.0,1949761.0,2023,0.9261092705401779
56-2093795,677423.0,839944.0,2023,1.2399106614331075
56-2095382,16371991.0,20624999.0,2023,1.2597734142414323
56-2217808,2623721.0,1409005.0,2023,0.5370254687903173
56-2267077,724460.0,896497.0,2023,1.2374692874692874
56-2273642,1860289.0,1797094.0,2023,0.966029471764871
56-6536254,2099272.0,1986067.0,2023,0.946074162852646
57-0342027,34634372.0,31331160.0,2022,0.9046261904214692
57-0468486,6704989.0,15062551.0,2023,2.246469159009806
57-0534143,6485782.0,5291432.0,2023,0.8158510415552049
57-0707663,5137686.0,2062871.0,2023,0.40151753143341185
57-0730861,1882320.0,2287363.0,2023,1.2151828594500405
57-0750323,376619.0,1266931.0,2022,3.3639593329067305
57-0760599,2226620.0,2397506.0,2023,1.0767468180470847
57-0904064,1377612.0,1250300.0,2023,0.9075850094221014
57-1014137,5558285.0,4567389.0,2023,0.8217263058659281
57-1063487,1213045.0,1256216.0,2023,1.0355889517701322
57-1102885,4867904.0,4184297.0,2023,0.8595685124439595
57-1126478,2486725.0,1233207.0,2023,0.495916114568358
58-1317668,1328671.0,846881.0,2023,0.6373895418805708
58-1354169,1633826.0,1580093.0,2023,0.9671121649429009
58-1505908,2127953.0,2964718.0,2023,1.393225320296078
58-1562750,67731085.0,57501791.0,2023,0.8489719454516342
58-1640904,1352794.0,1270912.0,2023,0.9394719373385748
58-1652358,3578507.0,4475302.0,2024,1.2506059091123756
58-1821225,2398182.0,2539147.0,2023,1.05877994247309
58-1888268,4613273.0,3563198.0,2023,0.7723796098778459
58-2089068,3025908.0,3028127.0,2023,1.0007333335977169
58-2282396,2836177.0,2792732.0,2023,0.9846818446098392
59-1762020,4882966.0,5779194.0,2023,1.1835417244355173
59-3788888,1658873.0,775526.0,2023,0.46750173159729524
61-0523304,88641505.0,84661051.0,2023,0.9550949185711591
61-0549561,11964663.0,12439853.0,2023,1.0397161207131367
61-0605336,210651104.0,221482866.0,2023,1.0514203903721293
61-0703077,1771619.0,1600759.0,2023,0.9035571418008048
61-0966651,773985.0,732697.0,2023,0.9466552969372791
61-0999804,1493958.0,1803232.0,2023,1.2070165292464714
61-1096261,1486629.0,1687390.0,2023,1.1350444529199955
61-1103422,2548565.0,2430329.0,2023,0.9536068336495244
61-1140804,1022223.0,942264.0,2024,0.9217792986461858
61-1191524,3078114.0,3139516.0,2023,1.019947929154021
61-1206831,754039.0,800098.0,2023,1.0610830474285813
61-1216638,649146.0,758556.0,2023,1.1685445184904475
61-1276558,1316549.0,1297657.0,2023,0.9856503631843555
61-1388556,37041345.0,28719014.0,2023,0.7753231962824244
61-1388928,7997389.0,7409895.0,2023,0.9265392742556352
61-1401738,1695798.0,979371.0,2023,0.5775281018140133
61-1656588,1058582.0,984712.0,2023,0.93021797083268
61-1685958,3107799.0,2416639.0,2023,0.7776046649091527
62-1691489,38675988.0,36646509.0,2023,0.9475261239609445
68-0594528,2302524.0,2346739.0,2023,1.0192028400138282
71-1019574,12116344.0,7931365.0,2023,0.6546005131580945
72-1525725,36150053.0,36093099.0,2023,0.9984245113001632
74-3096209,1628276.0,1505061.0,2023,0.9243279394893741
74-3231089,1814924.0,1301577.0,2023,0.7171523435692073
75-3148958,186359205.0,168040159.0,2023,0.9017003426259519
80-0103166,6149657.0,5369058.0,2024,0.8730662539390408
80-0163521,11896335.0,2772485.0,2023,0.233053709398735
80-0230140,621850.0,595226.0,2023,0.9571858165152368
80-0576305,211380.0,175483.0,2023,0.830177878701864
80-0837567,1477076.0,1454260.0,2024,0.9845532660472447
80-0903340,2568232.0,2418457.0,2024,0.9416816705032879
81-0583436,476733.0,663140.0,2023,1.3910092231920173
81-0893103,19764900.0,16338143.0,2023,0.8266241164893321
81-1275438,1227800.0,1185194.0,2023,0.9652989086170386
81-1349143,970642.0,989124.0,2023,1.0190410058497366
81-1534304,1291052.0,1697131.0,2023,1.3145334192580933
81-1594222,329526.0,322376.0,2023,0.9783021673555349
81-1723202,2854976046.0,2274451398.0,2023,0.7966621650597204
81-1907116,7564414.0,3437769.0,2023,0.4544660035793916
81-2173786,701004.0,679350.0,2023,0.9691100193436842
81-2772554,72012207.0,71463190.0,2023,0.9923760564649824
81-2921046,714593.0,660066.0,2023,0.9236950263996428
81-2969704,939970.0,424990.0,2023,0.45213145100375546
81-3057920,758136.0,1076799.0,2023,1.4203243217575738
81-3160991,2507797.0,1537439.0,2023,0.6130635773150698
81-3249020,727499.0,673808.0,2023,0.9261978366980573
81-3389623,3809313.0,3659640.0,2023,0.9607086632156507
81-3799018,3262773.0,3858648.0,2023,1.1826283961525978
81-3953180,1311900.0,1416862.0,2023,1.0800076225322053
81-4602703,580819.0,408672.0,2023,0.703613345982139
81-4744675,1123274.0,1126284.0,2023,1.0026796667598468
81-5034179,76201417.0,73892219.0,2023,0.969696127829224
81-5280080,1407251.0,903563.0,2023,0.6420766444649888
81-5454306,-383818.0,170904.0,2023,
82-0719315,499922.0,459331.0,2023,0.9188053336320466
82-0818155,3171921.0,1601549.0,2023,0.5049145297124361
82-1143067,674022.0,409438.0,2022,0.6074549495417063
82-1235705,26409094.0,27119201.0,2023,1.0268887300715428
82-1252089,347012.0,306188.0,2023,0.8823556534067986
82-1392228,1272361.0,1158143.0,2023,0.9102314516084664
82-1401986,10287857.0,5117143.0,2023,0.49739639654789136
82-1577991,991930.0,1314554.0,2023,1.3252487574728056
82-1933696,2205326.0,1056080.0,2023,0.47887704584265545
82-2060774,337454.0,309211.0,2023,0.9163056298043585
82-2299994,19818318.0,16771828.0,2023,0.8462790838253781
82-2354171,5704530.0,4234658.0,2023,0.7423324971557692
82-2359401,143712.0,242875.0,2023,1.690011968381207
82-2508931,1106432.0,682741.0,2023,0.6170654861753818
82-2577178,213402984.0,210114759.0,2023,0.9845914760029785
82-2966384,13996136.0,13574561.0,2023,0.9698791866555169
82-3351373,4074558.0,3653947.0,2023,0.8967713798650062
82-3417166,1417211.0,1280042.0,2023,0.903212012890106
82-4122848,5092580.0,1763898.0,2023,0.3463662819238971
82-4757260,201551931.0,193829833.0,2023,0.9616868071583993
82-5217687,32294170.0,45173732.0,2023,1.3988200346997617
83-0614523,69692189.0,66124778.0,2023,0.948811896265735
83-1362276,156438442.0,131421027.0,2023,0.8400814104246832
83-1866109,30849054.0,42972737.0,2023,1.3930001548831934
83-2134543,21484112.0,21155521.0,2023,0.9847053953172465
83-2227652,1148056.0,162135.0,2023,0.141225689339196
83-2643429,10363482.0,6077976.0,2024,0.5864801038878632
83-2954565,747482.0,747620.0,2023,1.0001846198303104
83-3200970,8304583.0,6458316.0,2023,0.77768095038607
83-3210801,2251806.0,2288555.0,2023,1.0163197895378198
83-3499967,662055.0,622246.0,2023,0.939870554561177
83-3889663,4986199.0,254320.0,2023,0.05100478340314937
83-4059404,2087892.0,5441.0,2023,0.0026059777038275928
84-1650039,14111076.0,19106236.0,2023,1.3539885973259587
84-1926748,1098877.0,954455.0,2023,0.8685730978080349
84-1949748,9373374.0,11876136.0,2022,1.2670075897963742
84-2173880,23871890.0,705557.0,2023,0.029555975668453565
84-2260420,289235.0,8000.0,2023,0.027659169879164003
84-2655937,4490874.0,524548.0,2024,0.11680309890680522
84-2931315,22481904.0,6651473.0,2023,0.29585897173121994
84-2983983,8574943.0,8894629.0,2023,1.0372814139989035
84-3040502,3293740.0,799970.0,2023,0.2428758796990655
84-3178470,1246089040.0,1176817380.0,2023,0.9444087398441446
84-3196350,35925141.0,37979925.0,2023,1.0571962682067135
84-3203088,1660370.0,1194067.0,2023,0.719157175810211
84-3332182,399105.0,409186.0,2023,1.0252590170506508
84-3381632,1787084.0,477965.0,2023,0.26745525112417773
84-3428678,1665827.0,1640527.0,2023,0.9848123484611547
84-3480493,39246340.0,36703718.0,2023,0.9352137804442402
84-4261122,40183451.0,31002755.0,2023,0.7715304243032785
84-4629801,2033907.0,568430.0,2023,0.2794768885696347
84-4887232,645881.0,421210.0,2023,0.6521479963027245
84-5026978,1582057.0,1110080.0,2023,0.7016687767886998
85-0626336,1737037.0,1341552.0,2023,0.772322063375737
85-0630127,828519.0,725615.0,2024,0.8757976582311329
85-1140807,2004687.0,1865116.0,2023,0.9303776599538981
85-1271112,75009.0,95996.0,2022,1.2797930914956872
85-1608328,110478228.0,137588524.0,2023,1.2453903949292162
85-1620990,69315129.0,141665788.0,2023,2.0437931811394305
85-2431526,2486572.0,155706.0,2023,0.0626187377642795
85-2985806,63728712.0,57167818.0,2023,0.8970496375322947
85-3033915,73294481.0,58639106.0,2024,0.8000480418164091
85-3066169,1431327.0,1322770.0,2023,0.9241563947302049
85-3230655,2499025.0,2633616.0,2023,1.0538574043877111
85-3600586,880737.0,734167.0,2023,0.833582556427174
85-3706751,934673.0,2902588.0,2023,3.1054582725723328
85-3994078,9014781.0,9736153.0,2023,1.0800210232505925
85-4188860,4238819.0,178499.0,2023,0.04211055013200611
86-0558130,1889493.0,1880703.0,2023,0.9953479584205922
86-1080961,621645.0,838481.0,2023,1.3488100121451954
86-1179451,5039145.0,4664431.0,2023,0.9256393693771463
86-2348362,7351435.0,3002640.0,2023,0.4084427054037749
86-2358048,129628867.0,172473673.0,2023,1.3305190193477507
86-2614124,29176927.0,22895067.0,2023,0.7846976825215349
87-0761142,1681604.0,1778731.0,2023,1.0577585448179239
87-2852513,212923.0,346619.0,2023,1.6279077412961493
87-3486516,163253423.0,174468418.0,2023,1.068696844414711
87-4495365,722652.0,617965.0,2023,0.8551349750640695
88-0575974,665443.0,559666.0,2023,0.8410427339381434
88-0984307,703628.0,188321.0,2023,0.2676428453671542
88-1295056,860395.0,1120792.0,2023,1.3026482022791857
88-2182886,1960238.0,1793606.0,2023,0.9149939956270616
88-2726911,1054916.0,912058.0,2023,0.8645787911075384
88-2816453,1620944.0,31781.0,2023,0.019606476226199054
88-3577015,67220872.0,81436322.0,2023,1.2114737517835235
88-4142509,23755672.0,29121380.0,2023,1.225870604712845
90-0805115,165555027.0,147069397.0,2023,0.8883414757318121
91-2156197,1520298.0,1422258.0,2023,0.9355126429160598
92-0514866,3097973.0,2780692.0,2024,0.8975843236851967
92-0573933,33055907.0,42372338.0,2023,1.281838613594841
92-0574426,18707485.0,21791254.0,2023,1.164841452498826
92-0683551,2050620.0,17426.0,2023,0.008497917702938623
92-1715117,33078441.0,33743126.0,2023,1.0200942057698548
92-2025224,200.0,90266.0,2023,451.33
92-2511120,74030.0,42015.0,2023,0.5675401864109145
92-2890279,12733590.0,12903894.0,2023,1.0133743900973724
92-3414074,2194282.0,246251.0,2023,0.11222395298325374
93-1113844,1785409.0,1253198.0,2023,0.7019108786838197
93-1412056,500000.0,286634.0,2023,0.573268
93-3068183,195812.0,206419.0,2023,1.0541693052519765
94-3321874,864145.0,1015621.0,2024,1.1752900265580428
95-2102389,1301016000.0,1265778000.0,2023,0.9729150141120478
01-0572814,3126560.0,2612953.0,2023,0.8357277646998619
01-0662680,1514752.0,1589506.0,2023,1.049350652780125
01-0690242,949309.0,1129881.0,2023,1.1902141452361665
01-0716217,16346125.0,4863365.0,2023,0.29752403092476043
01-0718296,5496827.0,5864399.0,2023,1.0668698505519638
01-0720150,19318748.0,19780138.0,2024,1.0238830176779572
01-0960970,3134883.0,3193196.0,2023,1.0186013321709295
02-0652284,2407178.0,2213603.0,2023,0.9195842600754909
03-0419149,1447051.0,1356982.0,2023,0.9377568586041543
03-0522656,6179582.0,4907522.0,2023,0.7941511254321085
04-3610622,1623969.0,1607598.0,2023,0.9899191425452086
04-3664461,950229.0,1201632.0,2022,1.2645709613156408
04-3730045,604107536.0,578061129.0,2023,0.9568844858773621
04-3775926,302428878.0,295269350.0,2023,0.9763265728876592
06-1692099,4145865.0,3881996.0,2023,0.9363536921728035
06-1713301,3673819.0,595472.0,2023,0.16208528509433917
11-3672256,960842.0,947904.0,2023,0.9865347268333399
13-2981115,77352814.0,85985184.0,2023,1.111597362185169
13-4243257,2364109.0,699964.0,2023,0.29607941089010703
13-4362029,2366677.0,1121279.0,2023,0.47377779054767505
14-1866709,4455201.0,3135808.0,2023,0.7038533166068153
16-1748771,12574625.0,12682775.0,2023,1.0086006540950525
20-0062024,3865247.0,4641093.0,2024,1.2007235242663665
20-0062075,2160012.0,1882878.0,2023,0.8716979350114722
20-0153356,154587.0,311885.0,2023,2.017537050334116
20-0330858,11566220.0,11325088.0,2023,0.9791520479465201
20-0379279,4336921.0,2291952.0,2023,0.5284744637958588
20-0411818,3795897.0,4191155.0,2023,1.1041276936650284
20-0442056,677579.0,675108.0,2023,0.9963531927642386
20-0690840,8519899.0,8181069.0,2023,0.9602307492142806
20-1285245,10510517.0,10308471.0,2023,0.9807767781546807
20-1376916,6303448.0,509776.0,2023,0.08087256371433539
20-1681285,914499.0,85.0,2023,9.294706719198162e-05
20-1880465,704457.0,704457.0,2024,1.0
20-1884900,864466.0,1066052.0,2023,1.2331913574391589
20-1892523,8649915.0,5786089.0,2023,0.6689185963099059
20-2099590,865787.0,912620.0,2023,1.0540929812990956
20-2175098,1745479.0,1639925.0,2023,0.9395272014157718
20-2190600,1632869.0,588333.0,2022,0.360306307487006
20-2278206,848206.0,881867.0,2023,1.0396849350275759
20-2358889,850291.0,942152.0,2023,1.1080347786816513
20-2536289,3267340.0,1457993.0,2023,0.4462324092380958
20-2563055,569587470.0,135307439.0,2023,0.23755339807597944
20-2654611,4733941.0,4843013.0,2023,1.0230404223457792
20-2685023,4027332.0,3504798.0,2023,0.8702530608353123
20-3028903,2086238.0,2023617.0,2023,0.969983769828754
20-3041145,5215708.0,5616952.0,2023,1.0769299201565732
20-3145206,376314.0,403515.0,2023,1.0722827213444093
20-3187437,4555075.0,4061363.0,2023,0.8916127615900946
20-3700131,38679409.0,38028059.0,2023,0.9831602907893447
20-3713023,10704966.0,12022911.0,2023,1.1231152906043793
20-3856995,42244571.0,42243911.0,2023,0.9999843766906759
20-3905776,1660698.0,1607454.0,2023,0.9679387823674142
20-4058168,937027.0,949059.0,2023,1.0128406118500322
20-4093582,1245858.0,1356580.0,2024,1.0888720865459787
20-4122028,2565486.0,1653277.0,2023,0.6444303340575626
20-4442678,1040982.0,1076027.0,2023,1.0336653275464898
20-4457248,2787615.0,3074427.0,2023,1.102887952604646
20-4535835,15102273.0,12267276.0,2023,0.8122801117421199
20-4570887,3465517.0,3403370.0,2023,0.9820670335768084
20-4591024,1338685.0,2073016.0,2023,1.5485465213997318
20-4627275,2463446.0,2673762.0,2023,1.0853747149318476
20-4773159,2280659.0,800434.0,2024,0.35096610234147235
20-5077249,428483215.0,352810365.0,2023,0.8233936654904906
20-5090958,470845.0,871895.0,2023,1.8517665049007634
20-5112363,773467.0,786351.0,2023,1.0166574656708043
20-5506295,810008.0,780142.0,2023,0.9631287592221311
20-5648104,1220355.0,1387007.0,2023,1.136560263202101
20-5924561,1787391.0,950612.0,2021,0.5318433403771194
20-5953542,2227302.0,5891300.0,2023,2.6450387060219045
20-5961971,3726123.0,3450712.0,2023,0.9260864442746523
20-8332371,1307668.0,1187015.0,2023,0.907734226118556
20-8964096,7323776.0,6917806.0,2023,0.9445682118076796
20-8993652,8886025.0,20173222.0,2023,2.270218911155438
23-2166344,1990270.0,2065307.0,2023,1.0377019198400217
23-3084482,23124062.0,25087822.0,2023,1.084922796003574
23-7005501,2709822.0,5020843.0,2023,1.8528312929779152
23-7037379,530826.0,619000.0,2020,1.1661071612920242
23-7072762,7226085.0,9953985.0,2023,1.3775073224297805
23-7073010,1758964.0,1239105.0,2023,0.7044515976449773
23-7113824,11538493.0,11528277.0,2023,0.9991146157474811
23-7129472,1462750.0,1719050.0,2023,1.1752179114681252
23-7168952,6659590.0,1664811.0,2023,0.24998701121240197
23-7352287,17264858.0,10201533.0,2023,0.5908842690742084
23-7373745,4472805.0,4863720.0,2023,1.0873981763121798
23-7396137,6807117.0,8939540.0,2023,1.3132637502778342
23-7454254,3061767.0,3094720.0,2023,1.010762739294009
26-0070100,229289.0,140282.0,2022,0.6118130394393102
26-0152908,112947739.0,130235259.0,2023,1.1530576898046627
26-0156609,1953284.0,1787274.0,2023,0.9150097988822926
26-0194016,275404576.0,226566831.0,2023,0.8226690866603465
26-0298579,427112.0,310718.0,2023,0.7274859989885557
26-0314772,2102167.0,2274953.0,2023,1.082194231000677
26-0417729,465836.0,752569.0,2023,1.6155234889531938
26-0479484,244081387.0,245278689.0,2023,1.0049053392178569
26-0614081,2414180.0,2830486.0,2023,1.1724419885841155
26-1214372,261898689.0,251683694.0,2023,0.9609963874236881
26-1390705,884180.0,667950.0,2023,0.7554457237214142
26-1657951,12939628.0,13030339.0,2023,1.0070103251809093
26-1720984,37447818.0,33107244.0,2023,0.8840900690128327
26-1808359,5149357.0,3929462.0,2023,0.763097606167139
26-1855027,78899305.0,80177610.0,2023,1.016201726998736
26-1880043,415985.0,86.0,2023,0.00020673822373402887
26-1972987,11380937.0,13832826.0,2023,1.2154382367638095
26-1988676,1998410.0,1729132.0,2023,0.8652538768320815
26-2037695,2356276582.0,2185617947.0,2023,0.9275727491824641
26-2097641,571272.0,444899.0,2023,0.7787866375386856
26-2123010,583435.0,987891.0,2023,1.6932323223666732
26-2583215,725719.0,397232.0,2023,0.5473633734269049
26-2913952,710802.0,562908.0,2023,0.7919336186448547
26-3283011,1051464.0,1124890.0,2023,1.0698321578294645
26-3312955,1203499.0,1573730.0,2022,1.3076288389105433
26-3538192,98130337.0,98130335.0,2023,0.9999999796189429
26-3586792,639951.0,578055.0,2023,0.9032800948822645
26-3704583,2477841.0,3489178.0,2024,1.4081525005034625
26-3783048,832678.0,1065036.0,2023,1.279049044168334
26-3909820,580792.0,606817.0,2022,1.0448095015082852
26-4022577,419787.0,138259.0,2023,0.3293551253373735
26-4142930,424610.0,770907.0,2023,1.8155648712936576
26-4230898,42714903.0,40903943.0,2023,0.9576035558362382
26-4311505,5626615.0,6489857.0,2022,1.1534211955145324
26-4359672,2991596.0,2978695.0,2023,0.995687586158024
26-4365882,218899.0,293824.0,2023,1.3422811433583526
26-4513862,2456321.0,2112967.0,2023,0.8602161525305528
26-4584304,420383.0,167341.0,2023,0.3980679523196704
26-4626264,51453053.0,39763757.0,2023,0.7728162797259086
26-4723391,1583156.0,2487227.0,2023,1.5710561688172233
27-0030546,2754122.0,2857508.0,2023,1.0375386420790365
27-0111679,1127218.0,814627.0,2023,0.7226880692111021
27-0220018,1130431.0,846123.0,2023,0.7484959276594503
27-0266088,763926.0,1034120.0,2023,1.3536913261232109
27-0287605,2020553.0,770368.0,2023,0.38126592076525584
27-0306873,346638.0,274104.0,2023,0.7907500043272809
27-0489593,1205302.0,1664604.0,2023,1.3810679813026112
27-0584116,8722982.0,5749930.0,2023,0.659170224127483
27-0615239,394120.0,632082.0,2023,1.6037805744443316
27-0910766,968000.0,904397.0,2023,0.9342944214876033
27-1113151,2143137.0,2483147.0,2023,1.158650613563202
27-1285566,1408934.0,1179704.0,2023,0.8373025280105385
27-1295368,932097.0,871155.0,2023,0.9346183927209293
27-1361341,4146997.0,4777230.0,2023,1.1519733436026116
27-1421933,800061.0,713908.0,2023,0.8923169608317366
27-1492193,3494571.0,3137013.0,2023,0.8976818613786929
27-1962030,1363917.0,1277206.0,2023,0.9364250170648214
27-1965272,54978984.0,45418176.0,2023,0.826100678761179
27-1996807,2973738.0,2129925.0,2023,0.7162450088070973
27-2015081,604033.0,651774.0,2023,1.0790370724778282
27-2044727,868016.0,1037423.0,2023,1.1951657573132293
27-2113343,984755.0,984710.0,2023,0.9999543033546415
27-2192831,11233636.0,13915973.0,2023,1.23877727567459
27-2305304,270304283.0,346850265.0,2023,1.2831844954524823
27-2362741,11518049.0,11602857.0,2023,1.0073630525447494
27-2369570,2253518.0,2931035.0,2023,1.3006485858999128
27-2578115,10596171.0,8564557.0,2023,0.8082690436007497
27-2850703,1829661.0,1960463.0,2023,1.0714897459146804
27-3026151,6237404.0,9698461.0,2021,1.5548874179065522
27-3272688,1644913.0,1495345.0,2023,0.9090723947102369
27-3311774,57516215.0,55160604.0,2023,0.959044401652647
27-3394972,1536792.0,1416343.0,2023,0.9216230953831097
27-3541853,981752.0,900011.0,2023,0.9167396654144835
27-3656127,5386137.0,5140804.0,2023,0.9544510286314662
27-3924066,737052.0,1107027.0,2023,1.501965939987952
27-3993262,53493313.0,50467712.0,2023,0.9434396407640708
27-4433830,9960767.0,9551270.0,2023,0.9588890092499905
27-4658935,377768499.0,412570722.0,2023,1.0921257942155733
27-4689910,1493087.0,976782.0,2023,0.6542030035758131
27-4971660,6025934.0,4671715.0,2023,0.7752681990874776
27-5014341,1713122.0,1792028.0,2023,1.0460597669051008
27-5284861,1140558.0,1813489.0,2023,1.5900015606396167
27-5395012,2140981.0,1849924.0,2024,0.8640543750738563
30-0037857,2488764.0,2706164.0,2023,1.0873525975142682
30-0053792,8523306.0,7856780.0,2023,0.9217995927871181
30-0085343,1425260.0,1509308.0,2023,1.0589702931394973
30-0092836,605565.0,200228.0,2023,0.3306465862459026
30-0154421,28051600.0,26923516.0,2023,0.9597853954854625
30-0273489,2652971.0,3066338.0,2023,1.1558128603742748
30-0975387,147185037.0,126708145.0,2023,0.8608765373344303
30-0999841,239930516.0,240575814.0,2023,1.002689520327627
30-1032421,4097405.0,2867057.0,2023,0.6997250698917974
31-1572690,1776144.0,1403673.0,2023,0.7902923411615275
31-1595125,7725470.0,12941391.0,2023,1.6751590518117345
31-1622521,597085.0,900232.0,2023,1.5077116323471533
31-1641324,2162390.0,3255495.0,2023,1.5055077946161424
31-1663800,1864836.0,1740399.0,2023,0.9332718802082328
31-1676770,632004.0,554950.0,2024,0.8780798855703444
31-1682049,14898145.0,14772858.0,2023,0.9915904295467657
31-1688648,2039935.0,1901247.0,2023,0.9320135200386287
31-1688873,830739.0,843035.0,2023,1.0148012793428502
31-1703246,975187.0,1034966.0,2023,1.0613000378388966
31-1719434,50501448.0,51481991.0,2023,1.019416136345239
31-1740153,802064.0,420104.0,2023,0.523778651080213
31-1743508,2178001.0,1621802.0,2024,0.7446286755607551
32-0102662,2969620.0,3014905.0,2023,1.015249425852466
32-0483333,26036112.0,22148522.0,2023,0.850684695164931
33-0126790,1250918.0,1230199.0,2023,0.9834369638937165
33-0227497,789703.0,613349.0,2023,0.7766831327727006
33-0322451,5979265.0,6073790.0,2023,1.0158087992420473
33-0416470,38719039.0,37546799.0,2023,0.9697244551963182
33-0420041,95801735.0,102284843.0,2023,1.0676721355829308
33-0435536,5049017.0,2031898.0,2024,0.40243437484959943
33-0496692,7386416.0,6536656.0,2023,0.8849563848015058
33-0521215,62599760.0,61276601.0,2023,0.9788631937247044
33-0533809,1358218.0,1300814.0,2023,0.9577357979352358
33-0555563,2644170.0,1409821.0,2023,0.5331809225579294
33-0578620,19739757.0,23713406.0,2023,1.2013018194702194
33-0616121,6997061.0,2361843.0,2023,0.3375478647392098
33-0620415,6158404.0,4827149.0,2023,0.7838311679454611
33-0621826,5500354.0,5610727.0,2023,1.0200665266271953
33-0642485,1165211.0,1293010.0,2023,1.1096788478653223
33-0644843,2495222.0,2371635.0,2023,0.9504705392947
33-0666116,1520590.0,1534027.0,2023,1.0088367015434798
33-0673939,8729813.0,6761814.0,2023,0.7745657323931223
33-0677892,878395.0,838132.0,2023,0.9541629904541806
33-0694603,26045405.0,25618637.0,2023,0.9836144609768979
33-0704378,3227589.0,2071303.0,2023,0.641749305751135
33-0709397,4546657.0,4089872.0,2024,0.8995338773080969
33-0709575,1016849.0,1140249.0,2023,1.1213552848062986
33-0719907,1238243.0,1635896.0,2024,1.3211429420558
33-0720982,18019823.0,14947626.0,2023,0.8295101455769016
33-0804576,998294.0,912301.0,2024,0.9138600452371746
33-0829212,14749521.0,12875669.0,2023,0.8729550607101071
33-0831245,1077925.0,1119238.0,2023,1.0383264141753832
33-0839353,1874516.0,1526487.0,2023,0.8143366074229295
33-0839354,2715237.0,3909227.0,2023,1.4397369364073929
33-0839356,2104053.0,2698158.0,2023,1.2823621838423271
33-0852933,10420794.0,8739506.0,2023,0.8386602786697444
33-0855459,1012513.0,867949.0,2023,0.8572225739323841
33-0880696,31709132.0,27502751.0,2023,0.8673448077985862
33-0895564,1021239.0,446416.0,2023,0.43713175857952935
33-0913559,5471154.0,4062008.0,2023,0.7424408086484131
33-0919418,5571706.0,4931627.0,2023,0.8851197460885409
33-0934595,1246076.0,1379803.0,2024,1.1073184942170462
33-0935692,1995313.0,1442860.0,2023,0.7231246425999329
33-0944779,838259.0,894612.0,2021,1.067226239145658
33-0948905,804096.0,801027.0,2023,0.9961832915472779
33-1030838,1551417.0,1474649.0,2023,0.9505174946516636
33-1065485,535557922.0,521423147.0,2023,0.9736073832178325
34-1484011,61070.0,125115.0,2023,2.0487145898149666
34-1896807,1629597.0,1327616.0,2023,0.8146897668564682
34-2051062,251411.0,219983.0,2023,0.8749935364801062
35-2112529,19904102.0,20364798.0,2023,1.023145781708715
35-2175243,3772700.0,1982634.0,2023,0.5255212447318897
35-2417146,1040070.0,973223.0,2023,0.935728364437009
35-2534806,3554847.0,3292786.0,2023,0.926280652866354
35-2639189,1797294.0,1017579.0,2023,0.5661728131290708
36-3453183,12906443.0,23523823.0,2023,1.822641838653764
36-4496735,1246341.0,2041795.0,2023,1.6382314310449548
36-4595806,67744756.0,72143665.0,2023,1.0649335721277082
36-4816075,2066781.0,3185128.0,2023,1.5411057097970224
36-4829234,1008627.0,1178451.0,2023,1.1683714594195873
36-4848824,790668.0,635751.0,2023,0.8040682056185403
37-1515621,12876313.0,12876313.0,2023,1.0
37-1702450,1850754.0,968822.0,2023,0.5234742164544829
38-3807713,21736014.0,20156612.0,2023,0.9273370913360656
38-3833117,66397004.0,63139624.0,2023,0.950940858717059
38-3913077,2644930.0,2014515.0,2023,0.7616515370917188
38-3992480,898281.0,1857737.0,2023,2.0681022976106584
38-4022173,2856915.0,2487718.0,2023,0.8707707439668314
41-0695598,19993963.0,20210286.0,2023,1.0108194158406716
41-0695603,52266420.0,50077928.0,2023,0.9581281442272113
41-0758434,16097214.0,19379929.0,2023,1.203930630480529
41-2096004,70109276.0,69383441.0,2023,0.9896470903507832
41-2121187,34708843.0,26373372.0,2024,0.7598458986374164
41-2164787,19821482.0,19231693.0,2023,0.9702449594838569
41-2262408,3329239.0,723070.0,2022,0.2171877717400283
42-0782518,21613581.0,21659636.0,2023,1.0021308361626886
42-1591532,1540296.0,1545933.0,2023,1.0036596861901868
42-1596718,1489691.0,1190827.0,2023,0.7993785288358458
42-1598432,2095600.0,1976183.0,2023,0.9430153655277724
42-1602964,2809376.0,2813769.0,2023,1.0015636924356155
42-1687057,6654854.0,1521855.0,2023,0.22868345421251915
43-0633449,145024655.0,144553811.0,2023,0.9967533520421062
43-0652666,16734956.0,19224384.0,2023,1.1487561724094166
43-0669091,1292642.0,1292642.0,2024,1.0
43-0970674,24009340.0,16496898.0,2023,0.6871033522787382
43-1077667,2505808.0,2464161.0,2023,0.9833798120207135
43-1111319,2782835.0,2524494.0,2023,0.9071662531195706
43-1240629,37106716.0,31855733.0,2023,0.858489686880402
43-1265685,8443057.0,7557166.0,2023,0.8950746157464056
43-1338221,997545.0,870637.0,2023,0.8727796740999153
43-1350160,2304825.0,2222389.0,2023,0.9642332932001345
43-1360031,783508.0,759466.0,2023,0.969314927224738
43-1483863,2294161.0,1920987.0,2023,0.8373374841608763
43-1505584,6693580.0,3466140.0,2024,0.5178305181980345
43-1557403,2050442.0,1603488.0,2023,0.7820206570095618
43-1583004,7274978.0,6901623.0,2024,0.9486795698901083
43-1583953,8911138.0,14700128.0,2023,1.6496353215492792
43-1596092,1028780.0,854995.0,2023,0.8310766150197321
43-1656689,69300766.0,62924019.0,2023,0.9079844658571307
43-1680758,2019664.0,1949302.0,2023,0.9651615318191541
43-1848056,9272385.0,6462532.0,2023,0.6969654517149579
43-1865485,499374.0,531509.0,2023,1.064350566909771
43-1896981,754810.0,1105314.0,2023,1.4643605675600482
43-1927828,1495242.0,1637352.0,2023,1.0950414715477494
43-1960221,80179244.0,60198998.0,2023,0.7508052582785639
44-0537826,25423649.0,25797577.0,2023,1.0147078808396073
44-0546278,38435690.0,42379925.0,2023,1.102619076176335
44-0565390,12429831.0,17679543.0,2023,1.4223478179228664
45-0532426,31261534.0,31251032.0,2023,0.9996640599914259
45-0567263,677820.0,523741.0,2023,0.7726844885072733
45-1027361,125585939.0,129397172.0,2023,1.0303476092176211
45-1226980,167709.0,171338.0,2023,1.0216386717468948
45-1351163,1453337.0,1811893.0,2022,1.246712221597606
45-1611066,1254139.0,1253459.0,2023,0.9994577953480436
45-2208681,1498400.0,1383729.0,2019,0.9234710357714896
45-2782303,1991718.0,1851424.0,2023,0.9295613133987843
45-2830129,573679.0,502776.0,2024,0.8764064921323598
45-2896080,19334298.0,19110913.0,2023,0.9884461799440559
45-2923474,1090681.0,1146347.0,2023,1.051037837827926
45-2992960,1320793.0,1564685.0,2023,1.184655733335958
45-3131515,1200459.0,1074864.0,2023,0.895377518099327
45-3191747,4127413.0,768598.0,2023,0.1862178560759488
45-3303791,1140743.0,1010732.0,2023,0.8860295439025266
45-3760055,4367108.0,4215065.0,2023,0.9651845111226927
45-3975579,832686.0,818278.0,2023,0.9826969589977494
45-3980723,1441068.0,1669986.0,2023,1.1588530173454687
45-4128140,1688819.0,1321450.0,2023,0.7824698798391065
45-4166209,34276984.0,28370954.0,2023,0.827696917558441
45-4243702,76807483.0,60695855.0,2023,0.7902336156491419
45-4364243,147934290.0,133448654.0,2023,0.9020806061934661
45-4782206,2142013.0,2011804.0,2023,0.9392118535228311
45-4879810,1488749.0,1721047.0,2023,1.1560357051457297
45-4885063,327333.0,148062.0,2023,0.45232836285983996
45-5021995,1039218.0,594101.0,2023,0.5716808215408125
45-5055149,181720065.0,180339975.0,2023,0.9924054066346498
45-5138803,2455432.0,2675979.0,2023,1.089820039813768
45-5390085,357783.0,140979.0,2023,0.3940349317882627
45-5444536,5329083.0,4819272.0,2023,0.904334197834787
45-5465651,605933.0,658120.0,2022,1.0861266839733106
46-0499256,1303806.0,1270327.0,2024,0.9743221000670345
46-0501764,1979405.0,941309.0,2023,0.47555149148355186
46-0517825,183941306.0,166213931.0,2023,0.9036248280198684
46-0667062,1291570.0,1171423.0,2023,0.9069760059462515
46-0877261,197334860.0,185032634.0,2023,0.9376581208206193
46-0942043,13889658.0,205455.0,2023,0.014791940881481747
46-2084353,1254141.0,1467373.0,2023,1.1700223499590556
46-2418733,715585.0,553646.0,2023,0.7736970450750086
46-2431099,3153900.0,2989939.0,2023,0.9480132534322585
46-2490091,3630630.0,6503383.0,2023,1.791254685825876
46-2710915,25833805.0,23872850.0,2023,0.9240934504228084
46-2838964,5343606.0,4925170.0,2024,0.9216940769959462
46-3050626,56504.0,103029.0,2023,1.8233930341214781
46-3103295,12390616.0,3276694.0,2020,0.2644496447957067
46-3268365,2640869.0,2626020.0,2024,0.9943772296164634
46-3333160,12902961.0,18306016.0,2023,1.4187453562015726
46-3605872,1593290.0,2078037.0,2023,1.3042427932140415
46-3631230,5938014.0,6607544.0,2023,1.1127531865030968
46-3670992,8108035.0,8037398.0,2023,0.9912880247803568
46-3745855,1027056.0,998114.0,2024,0.971820426539546
46-3851119,16416705.0,15975827.0,2023,0.973144550017802
46-3987074,791904.0,613973.0,2023,0.7753124116054472
46-3989456,1333482.0,1333482.0,2023,1.0
46-4007700,134443600.0,124898999.0,2023,0.9290066540913811
46-4181792,852966.0,811969.0,2023,0.9519359505537149
46-4346713,11575099.0,11169583.0,2023,0.9649665199407798
46-4352926,9953290.0,1495469.0,2023,0.1502487117325025
46-4780380,1125733.0,1049159.0,2023,0.9319785419810914
46-4814484,1523852.0,1185110.0,2021,0.777706758924095
46-4916276,4067597.0,2255581.0,2023,0.5545242067982644
46-5456475,2645749.0,1747366.0,2023,0.6604428462412724
46-5611941,591400.0,477408.0,2021,0.8072505918160298
47-0646706,100477161.0,57455577.0,2023,0.5718272334545758
47-0978716,1507142.0,1623199.0,2023,1.0770046883438986
47-0988154,424796.0,468402.0,2023,1.1026516257215229
47-1049280,1407341.0,621307.0,2023,0.44147580437150624
47-1089244,4630326.0,2617924.0,2023,0.5653865408180763
47-1158807,1800000.0,80307.0,2023,0.044615
47-1167331,1460596.0,1078842.0,2023,0.7386313532284081
47-1350187,249405.0,306597.0,2023,1.2293137667649006
47-1379810,1501172.0,1297668.0,2023,0.8644365868801177
47-1624928,1090795.0,996999.0,2023,0.9140113403526785
47-1798297,1755429.0,1661353.0,2023,0.9464085417296855
47-2064997,1320806.0,220985.0,2023,0.1673107178495555
47-2219204,52057517.0,45305166.0,2023,0.870290567258519
47-2315561,827072.0,958701.0,2023,1.1591505939023448
47-2378825,53744655.0,55073281.0,2023,1.0247210815661576
47-2507725,1688317236.0,1665639619.0,2023,0.9865679171446899
47-2540179,30265732.0,27683708.0,2023,0.9146882024859005
47-2987546,1807105.0,1732770.0,2023,0.9588651461868569
47-3218232,571276.0,571276.0,2023,1.0
47-3368777,9147335.0,8958651.0,2023,0.9793727899983984
47-3372077,23440715.0,23888004.0,2023,1.0190817131644663
47-3480410,5602111.0,4689339.0,2023,0.8370664201405505
47-3581724,6432922.0,8821232.0,2023,1.371263634161894
47-3696537,1320672.0,1154856.0,2023,0.8744457367158538
47-3700373,644267.0,680556.0,2022,1.0563260263213854
47-3701240,3298119.0,2567658.0,2023,0.7785219393235963
47-3752176,50832211.0,51200346.0,2023,1.0072421598973926
47-3911650,1586349.0,1683379.0,2023,1.0611656073159186
47-4157731,3703484.0,3915044.0,2023,1.0571245886305976
47-4407466,684934.0,667923.0,2023,0.9751640304029293
47-4426886,1513783.0,1509152.0,2023,0.996940776848465
47-4607273,1399895.0,960481.0,2023,0.6861093153415078
47-4649648,21032140.0,16281011.0,2023,0.7741014941893692
47-4734481,1064804.0,659357.0,2023,0.6192285152948336
47-4846563,763404.0,703360.0,2022,0.9213470194025706
47-4946358,1548314.0,1668524.0,2023,1.0776392902214926
47-4980676,2206608.0,2461750.0,2023,1.1156263368935488
47-5018774,5152042.0,6018.0,2023,0.001168080539716097
47-5200316,1025440.0,1075030.0,2024,1.0483597285067874
47-5217326,805826.0,875030.0,2023,1.0858795819444893
47-5437700,13753704.0,12403524.0,2023,0.9018315357084898
47-5457904,79657879.0,75539525.0,2023,0.9482994770674223
47-5487600,4096068.0,5421670.0,2023,1.3236279280519756
47-5501988,567115.0,408460.0,2023,0.7202419262407096
48-0559088,231596911.0,241789820.0,2023,1.0440114203423032
48-0847946,9624884.0,8822428.0,2023,0.9166269432441991
48-0908425,1841245.0,1554751.0,2023,0.8444020214583068
48-0917798,4822639.0,4603872.0,2023,0.9546374920453303
48-0976868,1195712.0,1318608.0,2023,1.1027806026869347
48-1021157,1590559.0,1205394.0,2023,0.7578429973361567
48-1053950,774322.0,765250.0,2023,0.9882839438889764
48-1150706,14339073.0,13685545.0,2023,0.9544232740847334
48-1158274,26271184.0,26404019.0,2023,1.0050563004697466
48-1160604,6122813.0,6605547.0,2023,1.0788418656588075
48-1160735,1144335.0,970250.0,2023,0.8478723450737765
48-1177617,1090716.0,1174948.0,2023,1.0772263357280905
48-1206434,1315021.0,1690869.0,2023,1.2858114052931473
48-1249429,5976256.0,5768804.0,2023,0.9652872969297165
51-0141214,6419082.0,3880328.0,2023,0.6044988987521892
51-0179146,1721113.0,1180051.0,2023,0.6856324947868037
51-0188718,4782748.0,4091387.0,2023,0.8554469104372633
51-0189851,2789180.0,2072626.0,2023,0.7430951032203013
51-0434656,925067.0,909367.0,2023,0.9830282563317035
51-0549810,328596.0,327722.0,2023,0.9973401989068643
51-0550681,1645226.0,1256253.0,2023,0.7635747307664722
51-0673005,33641714.0,39738687.0,2023,1.1812325317312906
52-1243220,31986085.0,48543717.0,2023,1.5176510973443609
52-1811974,1072879.0,962371.0,2024,0.8969986363793121
54-1921358,11841613.0,6937273.0,2010,0.5858385171006686
54-2102541,766582.0,788230.0,2023,1.0282396403776766
55-0830072,8976427.0,5250065.0,2023,0.5848724665170228
55-0899390,910558.0,834295.0,2024,0.916245862427215
56-1993872,9955601.0,5198915.0,2023,0.5222100604473803
56-2444917,20242196.0,17154262.0,2023,0.8474506422129299
56-2528573,980586.0,477115.0,2022,0.4865610971398735
57-0622490,3851090.0,3718604.0,2023,0.9655977917940116
58-0655369,34023554.0,33300331.0,2023,0.9787434610740547
58-1178491,22711285.0,19303154.0,2023,0.8499366724516028
58-1272768,11140116.0,2172118.0,2023,0.19498163214817513
58-1374660,2465510.0,2160322.0,2023,0.8762170909872602
58-1447368,2435646.0,2863576.0,2023,1.1756946617037123
58-1526202,3622093.0,3116279.0,2023,0.8603531162783506
58-1535414,21865885.0,24342904.0,2023,1.1132823574257342
58-1736408,788812.0,589266.0,2023,0.7470297105013616
58-1753685,989961.0,1027032.0,2024,1.0374469297275348
58-1829807,23638248.0,9033858.0,2023,0.38217121675007387
58-1846592,8978047.0,8633298.0,2023,0.9616008915970256
58-1857324,5229157.0,2518879.0,2023,0.48169886656682903
58-1897274,437288615.0,437726924.0,2023,1.0010023334360076
58-1899845,2784589.0,3331675.0,2023,1.1964692096391962
58-1972467,1019944.0,1160595.0,2023,1.1379007082741797
58-2131548,20365735.0,285607.0,2023,0.014023898474570154
58-2158058,1608007.0,1867578.0,2023,1.1614240485271519
58-2198156,1135293.0,1167954.0,2023,1.0287687847982856
58-2204209,1602041.0,1486422.0,2023,0.9278301866181952
58-2244226,3667671.0,2361331.0,2024,0.6438230146597118
58-2314421,7569425.0,6879785.0,2023,0.908891362289738
58-2335303,2715499.0,2781495.0,2024,1.0243034521463643
58-2424268,5104566.0,5076213.0,2023,0.9944455610917755
58-2424746,1355690.0,1106387.0,2023,0.8161061894680938
58-2475939,812530.0,400396.0,2023,0.49277688208435383
58-2512196,733329.0,731421.0,2023,0.9973981664437108
58-2516541,1062517.0,870624.0,2023,0.8193977131660011
58-2570480,159271.0,210163.0,2023,1.3195308624922302
58-2580080,1157424.0,278113.0,2023,0.24028618725721948
58-6045874,11267846.0,11777128.0,2023,1.0451978133176474
59-0830750,3863337.0,2934027.0,2022,0.759454067817537
59-1009537,67066026.0,63627280.0,2024,0.9487259614875645
59-1258427,2246277.0,2176882.0,2023,0.9691066595971912
59-1274328,26299076.0,31195396.0,2023,1.1861784041386092
59-1391115,26553228.0,30457788.0,2023,1.147046528580254
59-1630423,15869602.0,15343965.0,2023,0.9668777452641849
59-1814635,6459470.0,6001173.0,2023,0.9290503710056708
59-1834379,30895227.0,30286540.0,2023,0.9802983483500542
59-1860916,43753714.0,43854675.0,2023,1.002307484114377
59-1869324,2961021.0,3359264.0,2023,1.134495162310568
59-1873758,1934276.0,1908203.0,2023,0.9865205379170294
59-1987355,105129826.0,85498282.0,2023,0.8132638020346385
59-2110264,2063632.0,2844698.0,2023,1.3784909324918397
59-2161558,1160993.0,1808774.0,2024,1.5579542684581216
59-2186044,11381270.0,9994332.0,2023,0.878138555714784
59-2196535,3941761.0,3586080.0,2023,0.9097659650090404
59-2247419,7391093.0,9788958.0,2023,1.324426306095729
59-2486620,4203585.0,4291084.0,2024,1.02081532786895
59-2617673,4001038.0,2913755.0,2024,0.7282497691848965
59-2634092,1360034.0,1222730.0,2021,0.8990437003780788
59-2669952,13001377.0,10712323.0,2023,0.8239375721510114
59-2790823,1730848.0,1956218.0,2023,1.1302078518737637
59-2809056,5651060.0,23758486.0,2023,4.204253007400381
59-2856392,1794508.0,1628017.0,2023,0.90722192378078
59-2870908,8150552.0,5662157.0,2023,0.6946961383719777
59-2880071,9352583.0,8310086.0,2023,0.8885337879385834
59-2934243,2299005.0,2561351.0,2024,1.1141128444696728
59-3061078,2742517.0,2695033.0,2023,0.9826859778809028
59-3066029,1178598.0,1320212.0,2023,1.1201546243927107
59-3096209,655308.0,698776.0,2023,1.0663321674693427
59-3122517,20820090.0,21700039.0,2023,1.0422644186456447
59-3202547,32527182.0,33650632.0,2023,1.0345388051138276
59-3229898,20078671.0,20364822.0,2023,1.0142514910473905
59-3331584,7939207.0,8637047.0,2023,1.0878979474902217
59-3489180,860414.0,793646.0,2022,0.9224001469060243
59-3529562,1157929.0,1244912.0,2023,1.0751194589651005
59-3590360,9130640.0,9127838.0,2023,0.999693121183181
59-3675485,1962529.0,1907480.0,2023,0.9719499686374061
59-3683911,887648.0,912070.0,2022,1.0275131583690833
59-3760782,1367425.0,1519075.0,2023,1.1109018776166883
59-3803314,2091933.0,4580008.0,2023,2.1893664854467136
59-6031176,25345234.0,27078865.0,2023,1.068400670516595
61-0978955,938739.0,871685.0,2024,0.9285701350428607
61-1531458,4032417.0,4067545.0,2023,1.0087114006314326
62-0789275,8463644.0,8351213.0,2022,0.9867160055408758
62-1027049,1810959.0,1685999.0,2024,0.9309978856506415
62-1300726,4725730.0,3846947.0,2023,0.81404290977267
62-1481111,1282104.0,1147607.0,2024,0.8950966536256029
62-1504578,949688.0,1028220.0,2024,1.0826924210898736
62-1572386,9094900.0,7906645.0,2023,0.8693493056548175
62-1597364,8634919.0,7271147.0,2023,0.8420631392141605
62-1632388,10564723.0,4174620.0,2023,0.39514713258454576
62-1651393,1177501.0,1438302.0,2023,1.221486860733027
62-1751430,40214549.0,5746450.0,2023,0.1428948015803932
62-1806067,1154287.0,1049256.0,2023,0.9090078983822915
62-1816368,14803920.0,15058939.0,2023,1.0172264508319417
62-1816561,1380345.0,1366690.0,2024,0.9901075455773738
62-1834568,7224172.0,6563235.0,2024,0.9085103455454826
62-6073178,11522987.0,8405966.0,2023,0.7294953990662317
63-0756933,4338027.0,4400857.0,2023,1.0144835428640717
63-0760276,9547000.0,9855945.0,2023,1.0323604273593798
63-0867285,1416961.0,1457226.0,2023,1.0284164490060066
63-0931008,113957207.0,118823465.0,2023,1.0427025032300064
63-0962910,12070746.0,9233140.0,2023,0.7649187548143255
63-1097123,457147.0,919465.0,2023,2.011311459989894
63-1115297,822277.0,807392.0,2023,0.9818978276177006
63-1174691,355290.0,18416.0,2023,0.05183371330462439
63-1189418,1637603.0,1550438.0,2023,0.9467728136795059
64-0345119,167156010.0,166998369.0,2022,0.9990569229308596
64-0364542,2274706.0,2126878.0,2023,0.9350122609251481
64-0508153,1850247.0,2173165.0,2023,1.1745269685614947
64-0655993,19334027.0,18156821.0,2022,0.939112219094346
64-0757480,622797.0,791499.0,2020,1.2708779907417667
64-0844470,19464024.0,19155987.0,2023,0.9841740330776411
64-0849483,4243141.0,4761984.0,2013,1.1222780482666026
64-0864053,870303.0,615899.0,2023,0.70768341600569
64-0889822,106100300.0,110763881.0,2023,1.043954456302197
64-0926753,19097200.0,23302301.0,2023,1.220194635862849
64-0927575,3643109.0,4113073.0,2023,1.1290008067285386
65-0159176,923114.0,1062639.0,2023,1.151146012301839
65-0232993,458543202.0,500914192.0,2023,1.0924034852445594
65-0292125,3318833.0,3324862.0,2023,1.0018166024021093
65-0443188,6186470.0,3899484.0,2023,0.6303245631191939
65-0522900,13504017.0,10050767.0,2023,0.744279794671467
65-0534683,1755048.0,1715422.0,2023,0.9774217001472324
65-0545058,15185807.0,8106997.0,2023,0.5338535515432272
65-0650914,682252.0,907070.0,2023,1.3295234019101447
65-0665009,6948538.0,9919565.0,2023,1.4275758440120785
65-0675186,2186911.0,2013130.0,2023,0.9205358608557915
65-0699777,1168745.0,971197.0,2023,0.8309742501572199
65-0768645,863004.0,959418.0,2023,1.1117190650333022
65-0791636,1218519.0,973199.0,2024,0.798673635782454
65-0820596,2604928.0,2830768.0,2023,1.086697213896123
65-0870180,1606365.0,1616151.0,2023,1.0060920152020245
65-0959425,1741587.0,1463310.0,2022,0.8402164232966829
65-0971509,745520.0,737698.0,2022,0.9895079944200021
65-1059288,837650.0,727874.0,2023,0.8689476511669552
65-1190535,13192537.0,12939933.0,2023,0.9808525077473726
65-1238414,1486750.0,1441423.0,2023,0.9695126954767109
68-0007197,3145170.0,1262580.0,2022,0.40143458064269977
68-0012837,1647877.0,1329002.0,2023,0.8064934458093657
68-0132934,8806784.0,7614952.0,2023,0.8646688734502856
68-0248670,6055016.0,1162854.0,2023,0.19204804743703402
68-0289600,10648366.0,8698650.0,2023,0.816899982588878
68-0327714,831664.0,150.0,2023,0.00018036129975567057
68-0358026,2623206.0,2634577.0,2023,1.004334772030866
68-0360646,1071144.0,1557754.0,2023,1.4542899927554092
68-0372707,3777425.0,1256805.0,2023,0.33271474615644253
68-0385944,-907521.0,10143.0,2023,
68-0412326,5618665.0,4025475.0,2023,0.7164468783954907
68-0434502,14884731.0,3439352.0,2023,0.23106578143736692
68-0486556,1271519.0,1741563.0,2023,1.3696712357424465
71-0236913,254830565.0,248082086.0,2023,0.973517780333768
71-0407683,37884851.0,37388479.0,2024,0.9868978764097555
71-0448822,984728.0,772354.0,2023,0.7843323232405294
71-0486446,1927051.0,2315680.0,2024,1.2016703242415483
71-0557895,11271658.0,11201035.0,2023,0.9937344621350293
71-0569731,3911534.0,4232854.0,2024,1.0821467996954648
71-0689680,14224173.0,11732263.0,2023,0.8248116076765939
71-0751575,1063554.0,1114919.0,2023,1.0482956201565694
71-0759299,20145934.0,20942964.0,2023,1.039562821957026
71-0761800,485055.0,481578.0,2023,0.9928317407304327
71-0779347,610634.0,637620.0,2023,1.044193412093005
71-0835247,18692278.0,19124186.0,2023,1.0231062260041286
71-1014135,1002001.0,973662.0,2023,0.9717175930962145
72-0693091,2369759.0,2622136.0,2024,1.106499015300712
72-0793816,1939773.0,2646532.0,2024,1.3643513957561013
72-0834346,853810.0,906504.0,2023,1.0617163069066888
72-0859660,1987264.0,924763.0,2023,0.46534481578693115
72-0910067,5802753.0,4065847.0,2024,0.700675524186537
72-0933181,7479178.0,6655287.0,2023,0.8898420387908939
72-0986472,2328949.0,2408824.0,2023,1.0342965861425046
72-1116016,2061363.0,2134028.0,2023,1.035250948037779
72-1234351,606247.0,936328.0,2022,1.5444661994203683
72-1273159,1139832.0,1019896.0,2023,0.8947774759789162
72-1296054,1619728.0,1923626.0,2022,1.187622860134541
72-1308278,756116.0,650395.0,2023,0.8601788614445403
72-1327147,746225.0,869466.0,2023,1.1651526014271836
72-1436129,2004740.0,1942019.0,2023,0.9687136486526932
72-1508267,937603.0,571048.0,2023,0.6090509522687108
72-1510673,937506.0,889007.0,2023,0.948268064417721
72-1552640,2161299.0,2311752.0,2023,1.0696123026013522
72-1553662,1429098.0,675559.0,2024,0.4727170564929767
73-0685955,3274673.0,2698786.0,2023,0.824139081978567
73-0783486,2338011.0,2311578.0,2023,0.9886942362546626
73-0790960,15513649.0,14072340.0,2021,0.9070941336883411
73-1004845,585432.0,655138.0,2023,1.1190676286912913
73-1028332,8909055.0,8517635.0,2023,0.9560649249555648
73-1058658,1132920.0,1167634.0,2023,1.0306411750167708
73-1097811,1832845.0,1790805.0,2024,0.9770629813213884
73-1115656,1411337.0,1279312.0,2023,0.9064539511116055
73-1173571,4035083.0,1970434.0,2023,0.48832551895462867
73-1440267,4943559.0,5950638.0,2023,1.203715379951974
73-1473840,6601920.0,4834421.0,2023,0.7322750048470748
73-1486908,751883.0,584293.0,2023,0.7771062785034374
73-1572250,1131327.0,1325796.0,2023,1.1718945981135427
73-1575885,4579529.0,3312209.0,2023,0.7232641173360841
73-1633096,8451594.0,7703400.0,2023,0.9114730310045656
74-1100163,23213612.0,33579070.0,2023,1.4465249957654156
74-1282696,471054211.0,566993326.0,2023,1.2036689467149249
74-1297211,9914295.0,8773802.0,2022,0.8849647907390289
74-1460204,7877017.0,7199544.0,2023,0.9139937110710818
74-1589570,6021422.0,2399593.0,2023,0.39850935543132504
74-1592603,1622342.0,1546483.0,2022,0.9532410552152382
74-1623486,892960.0,884053.0,2023,0.9900253090843935
74-1655329,9622585.0,8605090.0,2023,0.8942597025643317
74-1883434,9808440.0,9768586.0,2023,0.9959367646639017
74-2029166,14413466.0,14814054.0,2023,1.0277926211502493
74-2172517,6359762.0,6375376.0,2023,1.0024551233206527
74-2270453,281880.0,293659.0,2023,1.0417872853696608
74-2304144,1709808.0,1604069.0,2023,0.9381573837530296
74-2379330,2287595.0,2022871.0,2023,0.8842784671237697
74-2395660,964225.0,901804.0,2021,0.9352630350799865
74-2444724,645617.0,634227.0,2023,0.9823579614539271
74-2524800,1252239.0,1100857.0,2024,0.8791109364905582
74-2576856,4187782.0,3137173.0,2023,0.7491251932407179
74-2678601,25916885.0,26233144.0,2023,1.0122028168122827
74-2685268,25488130.0,18150001.0,2023,0.7120962189066048
74-2699491,904893.0,997899.0,2023,1.102781212806376
74-2746185,88121465.0,34965677.0,2023,0.3967895563243303
74-2758007,7818213.0,6795611.0,2023,0.8692025914361761
74-2759890,13449331.0,13151175.0,2023,0.9778311649850836
74-2783782,844017.0,899500.0,2023,1.065736827575748
74-2824054,9800885.0,10322264.0,2021,1.0531971347485456
74-2848203,1361684.0,1646846.0,2023,1.2094186316355338
74-2852195,1109935.0,1083936.0,2023,0.9765761058079978
74-2867580,88151369.0,86670128.0,2023,0.983196619442178
74-2912461,2022570.0,1970633.0,2023,0.9743212843066
74-2930580,6641730.0,6641140.0,2023,0.9999111677228674
74-2941598,78467797.0,82150138.0,2022,1.0469280538104058
74-2982915,4346797.0,4700408.0,2023,1.081349784680536
74-2995059,945995.0,917509.0,2023,0.9698877901045989
74-3018462,4859282.0,5759143.0,2023,1.1851839428129505
74-3061811,2319437.0,1355477.0,2023,0.584399145137376
74-3162757,434957.0,374007.0,2021,0.85987120565941
74-3225684,1843563.0,1814912.0,2023,0.9844588983397909
75-0703337,12719889.0,12942467.0,2023,1.0174984231387554
75-1047527,788660349.0,761823477.0,2023,0.9659715718762476
75-1285348,1729599.0,1523562.0,2023,0.8808758561955691
75-1590896,27349422.0,24496584.0,2023,0.8956892763583816
75-1633066,2933911.0,2795048.0,2023,0.952669661758656
75-1641173,2663992.0,3082588.0,2023,1.1571311024958033
75-1670281,12828939.0,11856746.0,2023,0.9242187526185914
75-1688689,1220986.0,1124614.0,2023,0.921070348062959
75-1734175,7085888.0,7230770.0,2023,1.0204465551812278
75-1748586,53503130.0,44708893.0,2023,0.8356313546515877
75-1842956,11759493.0,4608151.0,2023,0.39186646907311395
75-1943648,854165.0,1057006.0,2023,1.237472853605568
75-1957156,8144172.0,7993413.0,2023,0.9814887259257294
75-2246348,24963286.0,32807021.0,2023,1.3142108374674712
75-2305037,3848458.0,3702708.0,2023,0.9621276885443468
75-2401109,13670612.0,13472176.0,2023,0.9854844830648402
75-2443511,3455855.0,3458714.0,2023,1.0008272916543084
75-2531526,921335.0,1283505.0,2023,1.3930926318874242
75-2627746,1350019.0,1316594.0,2023,0.9752410891994854
75-2731061,2692362.0,2117560.0,2023,0.7865064207561985
75-2766222,2658588.0,2450107.0,2023,0.9215820578442391
75-2770738,551641981.0,451744572.0,2023,0.8189089800255793
75-2771437,48751227.0,41908008.0,2023,0.8596298099327838
75-2791607,2017097.0,2319165.0,2023,1.1497538293894642
75-2792161,928096.0,132165.0,2023,0.1424044495397028
75-2805439,6371375.0,5875567.0,2023,0.9221819465970846
75-2821401,2149875.0,2109074.0,2023,0.9810216873074016
75-2839577,1130979.0,536969.0,2022,0.4747824672252977
75-2839932,31386288.0,31311948.0,2023,0.9976314497592069
75-2849911,49529.0,1069.0,2023,0.021583314825657694
75-2865891,3079496.0,2631960.0,2023,0.8546723230035045
75-2870676,1067975.0,953204.0,2024,0.8925340012640746
75-2917844,2499686.0,1826267.0,2023,0.7305985631795353
75-2978558,864868.0,982556.0,2023,1.1360762567235694
75-3155083,1835853.0,2371299.0,2023,1.2916606068132905
75-3192344,6017426.0,6035051.0,2023,1.0029289932273366
75-6114836,4940204.0,10144622.0,2023,2.0534824067993953
76-0252589,3873351.0,2258447.0,2023,0.5830731581000534
76-0465911,2958242.0,2467642.0,2022,0.834158260209949
76-0485959,1813977.0,1710952.0,2023,0.9432049028185032
76-0542634,26661193.0,520070.0,2023,0.019506628979430892
76-0573676,2298249.0,2405253.0,2023,1.0465589237719672
76-0580544,2782264.0,5222706.0,2021,1.87714249977716
76-0586364,14332736.0,9429639.0,2023,0.6579092086814409
76-0590599,1226573.0,1094415.0,2023,0.8922542726767995
76-0631349,1505928.0,1499417.0,2023,0.9956764201210151
76-0685688,630442.0,605094.0,2023,0.9597932878837387
76-0690838,7585951.0,7462803.0,2023,0.9837663069534723
76-0695546,988743.0,1004977.0,2023,1.016418826732528
76-0698013,7997497.0,6358243.0,2019,0.7950291197358373
77-0222294,2296500.0,6431113.0,2023,2.8003975615066405
77-0262053,3162223.0,2920126.0,2023,0.9234408832014693
77-0282660,3302404.0,3262257.0,2023,0.9878430985427585
77-0322201,1007831.0,637330.0,2023,0.63237784906398
77-0333450,1044201.0,1141757.0,2023,1.0934264571667716
77-0363955,1658543.0,1667781.0,2023,1.0055699490456382
77-0376230,1510942.0,1388171.0,2023,0.91874539194754
77-0377245,5710240.0,4826404.0,2023,0.8452191151335146
77-0388915,1420049.0,1591161.0,2023,1.1204972504469917
77-0408564,956266.0,901657.0,2023,0.9428935045269831
77-0429830,3026207.0,3114878.0,2023,1.029301035917239
77-0439585,7690202.0,7460862.0,2023,0.9701776364261953
77-0450519,1776810.0,1771481.0,2023,0.9970008048131201
77-0500020,1163667.0,599331.0,2023,0.5150365181791698
77-0526246,895353.0,941651.0,2023,1.0517092141311863
77-0568015,867748.0,1047162.0,2023,1.2067581832513588
77-0592408,1001252.0,1059407.0,2023,1.0580822809842079
80-0153639,8072714.0,1108422.0,2023,0.13730475277583226
80-0202027,44371283.0,43720003.0,2023,0.9853220381299319
80-0233384,1777372.0,1630520.0,2023,0.9173768912754336
80-0251526,2676554.0,1388559.0,2023,0.5187860958531006
80-0764192,388942355.0,362606275.0,2023,0.9322879607699193
80-0773742,1062313.0,982488.0,2023,0.9248573631312053
80-0854238,1139435.0,1115784.0,2023,0.979243221421143
81-0224734,21678257.0,20053755.0,2023,0.9250630712607568
81-0226578,39283378.0,34916768.0,2023,0.888843316885834
81-0236460,16613134.0,15924724.0,2023,0.9585623037772404
81-0245848,15686324.0,15089380.0,2023,0.9619449400637141
81-0269223,5183566.0,5132413.0,2023,0.9901316969823477
81-0307201,7283367.0,7399874.0,2023,1.0159963104976037
81-0369020,2006588.0,2204049.0,2023,1.098406349484797
81-0373589,8677534.0,8239353.0,2023,0.9495039719809798
81-0463482,47126946.0,55318685.0,2023,1.1738228273905125
81-0541460,1444890.0,1428733.0,2023,0.9888178338835483
81-0543240,7755830.0,4372412.0,2023,0.5637581019697441
81-0549382,119226050.0,90873328.0,2023,0.7621935642420428
81-0620077,1940033.0,2092218.0,2023,1.0784445419227404
81-0817660,128704242.0,117133192.0,2023,0.9100958148683242
81-0838614,1189676.0,1294867.0,2023,1.088419872301366
81-0851756,330353913.0,287116184.0,2023,0.8691169461037986
81-0864789,164575967.0,171028562.0,2023,1.0392073953300849
81-0875069,21215055.0,17333692.0,2023,0.8170467623110098
81-1381404,12563325.0,14952475.0,2022,1.1901686058428003
81-1563572,15229217.0,15153918.0,2023,0.9950556223606243
81-1645149,535453.0,565119.0,2023,1.055403555494133
81-1665556,512503.0,422705.0,2023,0.8247854158902485
81-2116147,741983.0,1088074.0,2023,1.4664406057820731
81-2309847,1952806.0,1909121.0,2023,0.977629626291603
81-2417744,455312.0,729673.0,2023,1.6025780124398215
81-2614437,157936.0,238134.0,2022,1.5077879647452133
81-2677745,11066443.0,11943126.0,2023,1.0792199444753838
81-2751731,2334494.0,2292465.0,2023,0.981996526870491
81-3052133,1379462.0,2026852.0,2023,1.4693061497888307
81-3074181,581471.0,116950.0,2023,0.2011278292468584
81-3257997,14891498.0,15368141.0,2023,1.032007726825065
81-3600755,1629585.0,1659001.0,2023,1.018051221630047
81-3747248,28253170.0,24791269.0,2023,0.8774685814016622
81-3799704,1252780.0,1297799.0,2023,1.035935279937419
81-3886910,841984.0,1070319.0,2023,1.2711868634083308
81-4454819,1345752.0,566371.0,2023,0.420858375094371
81-4653473,13615624.0,5374923.0,2023,0.3947614152682242
81-4670687,58152595.0,64221821.0,2023,1.1043672427687878
81-4899129,1454655.0,1994366.0,2023,1.3710233698024616
81-4930735,185877.0,173395.0,2023,0.9328480661943113
81-5128459,266735187.0,253880393.0,2023,0.9518069057758023
81-5458014,714170.0,632244.0,2023,0.88528501617262
82-0352547,863438.0,839415.0,2023,0.9721775043488936
82-0380784,1496882.0,1213497.0,2023,0.8106831400203891
82-0508784,18272008.0,17154035.0,2023,0.9388149895731219
82-0541383,4141251.0,3207166.0,2023,0.7744437610760613
82-0551704,376526447.0,254902000.0,2023,0.6769829902545995
82-0558836,11645837.0,12337778.0,2023,1.0594153086635165
82-0855915,3949958.0,473081.0,2023,0.11976861526122556
82-1249028,314222.0,474101.0,2022,1.5088090585636906
82-1305690,2675806.0,2674212.0,2024,0.9994042916414718
82-1338688,810645.0,693343.0,2023,0.8552979417624238
82-1340617,110070.0,10155.0,2023,0.092259471245571
82-1353618,592774.0,523231.0,2023,0.8826821014416961
82-1682066,66339243.0,52275783.0,2023,0.7880069267597762
82-1710458,7121393.0,7259906.0,2023,1.019450267665329
82-1961357,158699.0,160280.0,2023,1.0099622555907726
82-1993081,6161035.0,7164645.0,2023,1.1628963315416971
82-2631641,4131718.0,4802049.0,2023,1.1622402593787862
82-2640505,939781.0,1185522.0,2023,1.2614875167725246
82-2709135,1680818.0,1869350.0,2024,1.1121668140155567
82-2748395,21466162.0,26920213.0,2023,1.2540766719267282
82-2913146,510146282.0,578474728.0,2023,1.1339389277368095
82-2923189,961947.0,931244.0,2023,0.9680824411324117
82-3228207,1433302.0,1450034.0,2023,1.011673743565557
82-3294057,3229783.0,2998971.0,2023,0.9285363753540099
82-3300758,32981381.0,27841964.0,2023,0.8441721709591239
82-3591958,2269223.0,2007937.0,2023,0.8848566227294541
82-3733402,4875890.0,797071.0,2023,0.16347189948911892
82-3791092,1901190.0,2278127.0,2023,1.198263719039128
82-4052186,137294277.0,120094801.0,2023,0.8747254701665387
82-4308876,8906072.0,2421343.0,2023,0.2718755249227718
82-4314522,84316714.0,95205379.0,2023,1.129140054011118
82-4462446,462964.0,293726.0,2023,0.634446738839305
82-5255262,2817958.0,3384280.0,2023,1.2009689285645848
82-5388429,51734323.0,51347295.0,2023,0.9925189317737858
82-5426152,346677901.0,340115753.0,2023,0.9810713403390544
83-0292017,1010886.0,1009640.0,2023,0.9987674178888618
83-0309016,875194.0,815880.0,2023,0.9322275975383744
83-0370410,5000.0,244206.0,2011,48.8412
83-0459992,838832.0,1048391.0,2024,1.249822372060198
83-0606549,913597.0,55440.0,2023,0.06068321152543189
83-1125021,1157691.0,566226.0,2023,0.4890994229030026
83-1193631,3189298.0,1542890.0,2023,0.4837710367610678
83-1248921,9957848.0,14491488.0,2022,1.455283109362585
83-1299512,2901275.0,2678931.0,2023,0.9233633488724785
83-1605004,1043372901.0,1064566596.0,2023,1.0203126753432903
83-1869297,74355931.0,77978091.0,2023,1.0487138006516252
83-2191732,2873364.0,118033.0,2023,0.04107833187859248
83-2249459,91746203.0,91433911.0,2023,0.9965961316132069
83-2425004,2470586.0,2426306.0,2023,0.9820771266412098
83-2428033,1042160.0,817787.0,2023,0.7847038842404237
83-2464309,567149.0,653642.0,2023,1.15250489730212
83-2470471,651080.0,446799.0,2023,0.6862428580205198
83-2483067,1158086.0,1412094.0,2023,1.2193343154135359
83-2707481,5750967.0,7106607.0,2023,1.2357238356610287
83-3172348,3082523.0,2787194.0,2023,0.9041924423597164
83-3223257,802926.0,227161.0,2023,0.28291648296356076
83-3776985,0.0,555629.0,2023,
83-4119436,844470.0,657593.0,2023,0.7787049865596173
83-4538290,19470844.0,19571785.0,2023,1.0051842128671977
83-4627390,3026533.0,205545.0,2023,0.06791434291316169
83-4642238,785546.0,798760.0,2023,1.0168214210243576
83-6000182,35495153.0,38254836.0,2023,1.077748164657862
84-0255530,124667103.0,123277692.0,2023,0.9888550309860011
84-0404253,62909574.0,65148258.0,2023,1.0355857440713236
84-0412668,304141627.0,277807954.0,2023,0.9134164130712696
84-0674500,1043510.0,1244017.0,2023,1.1921466972046266
84-0745911,2756974.0,2655407.0,2024,0.9631599717661465
84-0746803,3913662.0,3391433.0,2023,0.8665625697875801
84-0777280,2951981.0,743894.0,2023,0.25199823440598024
84-0811596,1552380.0,1449697.0,2023,0.9338544686223734
84-0815774,1877810.0,1740921.0,2023,0.9271017834605205
84-0909291,23400819.0,12113952.0,2023,0.5176721378854304
84-1049318,1884486.0,1689631.0,2023,0.896600452324931
84-1217901,8312100.0,5336740.0,2023,0.6420447299719686
84-1229714,1463220.0,1972212.0,2023,1.3478574650428508
84-1291988,413651.0,88565.0,2023,0.21410561076849807
84-1295393,2221071.0,1925691.0,2023,0.8670101045846801
84-1300818,722856.0,577781.0,2023,0.7993030423763516
84-1304443,1434394.0,1346446.0,2023,0.9386863023688052
84-1312666,1466261.0,1399276.0,2023,0.954315773249101
84-1313876,1121705.0,1356498.0,2022,1.2093179579301152
84-1324465,2116628.0,1878979.0,2023,0.8877228308422642
84-1335158,3229718.0,4473857.0,2023,1.3852159848011498
84-1454927,1039553.0,1944640.0,2023,1.8706501736804184
84-1462250,1462340.0,1532901.0,2023,1.0482521164708618
84-1559406,9783164.0,3996767.0,2023,0.40853521416997607
84-1602733,108115790.0,114894903.0,2023,1.0627023397784912
84-2280561,5260403.0,3377748.0,2022,0.6421082187049167
84-2444519,444536.0,242134.0,2023,0.5446892940054349
84-2837062,1224246.0,1146550.0,2023,0.936535630910781
84-2909645,2025215.0,2062043.0,2023,1.018184735941616
84-2983836,2637266.0,417348.0,2023,0.15825024855285738
84-3215567,71729.0,61891.0,2020,0.8628448744580295
84-3391892,2475554.0,1219926.0,2023,0.4927890888261779
84-3654542,85768806.0,90174323.0,2023,1.051365026580876
84-3702899,2045580.0,1753943.0,2022,0.8574306553642488
84-3839351,3820981.0,3801384.0,2023,0.9948712123928384
84-4037419,12416204.0,11592398.0,2023,0.9336507357643287
84-4125422,5058810.0,7602905.0,2023,1.5029038449753993
84-4273963,39769109.0,59813796.0,2023,1.504026554882082
84-4423856,0.0,18732.0,2020,
84-4743270,2786455.0,1114547.0,2023,0.3999874392373105
84-5074208,375087951.0,342974365.0,2023,0.9143838507358505
84-5088508,1521588.0,431118.0,2023,0.2833342534247115
85-0141285,47456085.0,50334189.0,2023,1.0606477335835858
85-0206752,3164813.0,3064736.0,2023,0.968378226454454
85-0285504,3889280.0,3544970.0,2023,0.9114720462399211
85-0455143,861286.0,504563.0,2023,0.5858251498340853
85-0462470,5611257.0,3920534.0,2023,0.698690863740513
85-0472887,985366.0,909376.0,2024,0.9228814470968147
85-0941543,1146192.0,263309.0,2023,0.22972503734103886
85-1218118,641125.0,571489.0,2023,0.8913846753753168
85-1374727,12346796.0,536427.0,2023,0.043446656120340856
85-1376874,330499.0,243633.0,2023,0.7371671321244543
85-1438188,3576416.0,3965945.0,2023,1.1089160209550566
85-1941193,117227793.0,96626881.0,2023,0.824265974196068
85-2594179,308651.0,275925.0,2023,0.8939708602920451
85-2845792,847865.0,775249.0,2023,0.9143542898928485
85-2873226,969046.0,1442191.0,2023,1.4882585553214192
85-3053540,259192.0,212074.0,2023,0.8182119818512917
85-3261449,1076620.0,1459827.0,2023,1.3559352417751853
85-4102045,868380.0,863387.0,2023,0.994250213040374
86-0146520,14889240.0,15441166.0,2023,1.0370687825570681
86-0462786,3847744.0,4212290.0,2023,1.0947427895410922
86-0581455,1046419.0,956566.0,2021,0.9141328664712701
86-0601113,1111451.0,1084646.0,2023,0.9758828774277949
86-0615007,3526460.0,3546421.0,2024,1.0056603506065573
86-0635950,3975344.0,4142814.0,2023,1.0421271718875147
86-0688577,882279.0,70381.0,2014,0.07977181821169947
86-0709757,881686.0,674288.0,2023,0.764771131672727
86-0739825,8173267.0,6240286.0,2023,0.7634995895766038
86-0750139,1891286.0,2070561.0,2023,1.0947900000317246
86-0781669,653799.0,2137391.0,2023,3.269186707229592
86-0793043,4374450.0,2021406.0,2023,0.46209374892843674
86-0852629,20582457.0,22373670.0,2023,1.0870261990587422
86-1017490,1003528.0,583739.0,2023,0.5816868089380665
86-1065925,1066950.0,991459.0,2023,0.9292459815361545
86-1764266,676317.0,229867.0,2023,0.3398805589686493
86-2303900,40121.0,14161.0,2022,0.3529573041549313
86-2537776,5045113.0,952403.0,2022,0.18877733759382595
86-3258250,2851028.0,1127186.0,2023,0.3953612521518554
86-3663621,210795.0,129667.0,2023,0.6151331862710216
86-3969289,2654331.0,2600345.0,2023,0.9796611650920702
87-0276435,123401691.0,117777620.0,2023,0.954424684504526
87-0288909,15677936.0,12939916.0,2023,0.8253583890124312
87-0459593,1632943.0,1599969.0,2023,0.9798070110224301
87-0465916,1062351.0,1054433.0,2023,0.9925467194928983
87-0476889,14493892.0,14628564.0,2023,1.0092916381604058
87-0529257,2813504.0,3280624.0,2022,1.1660278428607174
87-0540153,1807588.0,1547788.0,2023,0.8562725576846051
87-0540825,1981614.0,1938514.0,2022,0.9782500527347909
87-0559307,8803399.0,6477953.0,2024,0.7358468019000388
87-0620659,16862552.0,16147329.0,2023,0.9575851270910832
87-0729403,1789799.0,1522401.0,2023,0.8505988661296604
87-0741588,19349290.0,19982557.0,2023,1.0327281776230548
87-0771027,1281706.0,561307.0,2023,0.43793740530199593
87-0950609,852867.0,260602.0,2023,0.30555995248966134
87-1061849,13187456.0,12639399.0,2023,0.9584410366942646
87-1560240,510539.0,528638.0,2023,1.0354507686973964
87-1877002,1700649.0,1737410.0,2023,1.0216158654725342
87-3077790,6253058.0,4507245.0,2024,0.720806523784043
87-3163918,7500.0,13378.0,2023,1.7837333333333334
87-3860174,181441.0,163440.0,2023,0.9007886861293753
87-4131795,101693.0,141716.0,2023,1.393566912176846
87-6125806,2337859.0,2283113.0,2023,0.9765828478107533
88-0247057,2424479.0,2170926.0,2023,0.8954195932404446
88-0285930,3330744.0,3177091.0,2023,0.9538682648681496
88-0294837,2255756.0,1045893.0,2023,0.463655200296486
88-0435559,107805941.0,99675346.0,2023,0.924581197245892
88-0465561,3105528.0,2445704.0,2023,0.7875324260480021
88-0502318,114789624.0,63592276.0,2023,0.5539897578199228
88-0502320,404540011.0,388242567.0,2023,0.9597136412793542
88-1127275,1043855.0,564806.0,2023,0.5410770653012152
88-3038334,111176.0,322730.0,2023,2.9028747211628407
88-3647066,130325.0,131004.0,2023,1.005210051793593
90-0475369,205484800.0,218583109.0,2023,1.0637434447706107
90-0605040,6510406.0,633177.0,2022,0.0972561465444705
90-0766970,1018565.0,874146.0,2023,0.8582132706307403
91-0598103,11543228.0,11015963.0,2023,0.9543225690422125
91-0614877,2371830.0,2470657.0,2024,1.0416669828781995
91-0686012,72019775.0,75261505.0,2023,1.0450116651988985
91-1057994,7691074.0,7640877.0,2023,0.9934733432547912
91-1148798,3205304.0,2687813.0,2023,0.8385516631183813
91-1176122,2705648.0,2487909.0,2023,0.9195242692323613
91-1286274,128924851.0,118425016.0,2023,0.9185584864472716
91-1403639,1373455.0,1181593.0,2023,0.8603070359057996
91-1455635,962890.0,951548.0,2023,0.9882208767356604
91-1469975,1236784.0,496681.0,2023,0.4015907385606541
91-1565651,22126975.0,3777581.0,2023,0.17072288462385843
91-1630508,782373.0,911862.0,2023,1.1655080121629964
91-1643002,2134100.0,1975444.0,2023,0.9256567171172859
91-1663391,1453365.0,1470644.0,2024,1.0118889611350212
91-1669492,1443575.0,1331456.0,2023,0.9223324039277488
91-1691325,1722067.0,1668913.0,2024,0.969133605138476
91-1700810,1709291.0,1917150.0,2023,1.1216053907731334
91-1755886,4523613.0,2693587.0,2023,0.5954503623541625
91-1787129,2204630.0,2301526.0,2023,1.0439511391934246
91-1821187,2248007.0,1782955.0,2023,0.7931269786971304
91-1868360,860896.0,984529.0,2023,1.1436096810764598
91-1919863,1937240.0,4353215.0,2023,2.2471221944622246
91-1955616,7784020.0,8281800.0,2023,1.0639489621044138
91-1962947,1948857.0,2060901.0,2023,1.0574921607896322
91-2061674,2542168.0,2620999.0,2023,1.0310093589408724
91-2147601,1141376.0,1348738.0,2023,1.1816772036559382
91-2148404,663000.0,19176.0,2023,0.028923076923076923
91-2169497,687836.0,551253.0,2024,0.8014308643339401
91-2193633,8003392.0,8458608.0,2023,1.0568778837772785
91-2198760,7194680.0,4710247.0,2023,0.6546847114812612
91-2198765,2569733.0,2237423.0,2022,0.8706830631820505
91-6071384,30396800.0,24612805.0,2023,0.8097169767870303
92-0078235,8005903.0,6890592.0,2023,0.860688919163772
92-1493729,74766.0,29240.0,2023,0.3910868576625739
92-1553413,916819.0,218102.0,2023,0.2378899215657616
92-2694655,35010.0,48973.0,2023,1.3988289060268495
93-0421470,24871020.0,26038741.0,2023,1.0469510699601383
93-0547036,17145500.0,16915991.0,2023,0.9866140386690385
93-0573822,10601038.0,12876835.0,2023,1.2146768080635122
93-0607742,833590.0,911300.0,2023,1.0932232872275338
93-0710963,4491542.0,4100096.0,2023,0.912848193337611
93-0736825,6792149.0,6871552.0,2023,1.0116904090296017
93-0786506,993684.0,833529.0,2023,0.8388270315311508
93-0793127,10148730.0,8680841.0,2023,0.8553622965632153
93-0798451,786704.0,600882.0,2023,0.7637968028635929
93-0801200,27913722.0,25454684.0,2023,0.9119057644838621
93-0813981,30362375.0,28721293.0,2023,0.9459501438869654
93-0860753,9979815.0,7879267.0,2023,0.7895203468200562
93-0889144,1007834.0,907607.0,2023,0.9005520750441045
93-1037330,8070132.0,7754027.0,2023,0.9608302565559027
93-1067826,1116765.0,1239124.0,2024,1.1095655755687186
93-1102851,801124.0,641032.0,2023,0.8001657670972284
93-1116265,3242688.0,3139997.0,2023,0.9683315200228946
93-1122800,974255.0,873923.0,2023,0.8970166948078275
93-1290320,10403303.0,1933931.0,2023,0.1858958640347205
93-1305493,94624460.0,91518850.0,2023,0.9671796277622087
93-1308023,1670505.0,1639488.0,2023,0.9814325608124489
93-1329784,158736712.0,133617806.0,2023,0.8417574253396404
93-2188178,7261929.0,9263.0,2023,0.001275556398306841
93-6031270,31459792.0,29145609.0,2023,0.9264399777341186
93-6087366,10903120.0,5318813.0,2023,0.4878248611406643
94-1156621,4658111308.0,4221939186.0,2023,0.9063628811851484
94-1196203,9914543261.0,10126687245.0,2023,1.021397252340861
94-1575233,66107067.0,64655261.0,2023,0.9780385658313959
94-1583439,129470266.0,134894885.0,2023,1.0418985699774495
94-2191240,5560940.0,5373153.0,2023,0.9662310688480724
94-2211685,8083699.0,7599917.0,2023,0.9401533877003585
94-2221680,16582373.0,847817.0,2020,0.05112760399250457
94-2221849,26847693.0,26797990.0,2023,0.9981487049930138
94-2319894,8533146.0,4329478.0,2023,0.5073718415224584
94-2450442,3014031.0,5148646.0,2023,1.708225960516
94-2462783,4210265.0,3985776.0,2023,0.946680553361843
94-2465776,1998333.0,1683476.0,2023,0.8424401738849331
94-2508419,9893992.0,2492784.0,2023,0.2519492637552163
94-2520559,2577316.0,2800864.0,2023,1.0867367447375487
94-2562423,4139662.0,4049894.0,2023,0.9783151378059368
94-2590869,4058368.0,4783810.0,2023,1.1787521486469439
94-2827909,78595410.0,45358302.0,2023,0.5771113351275857
94-2832488,1806123.0,2581939.0,2023,1.4295477107594554
94-2901051,5162774.0,4984149.0,2023,0.9654013520638324
94-2972913,827005.0,909665.0,2023,1.099951028107448
94-3053383,4046833.0,4567537.0,2023,1.1286695052649813
94-3081666,41074614.0,62817838.0,2023,1.5293591803443363
94-3116010,4687739.0,1659566.0,2023,0.3540226962294616
94-3145270,4500687.0,1175509.0,2023,0.26118434807841556
94-3198972,1139748.0,1129463.0,2023,0.9909760754131615
94-3205085,13604800.0,6355732.0,2023,0.4671683523462307
94-3210351,15445854.0,15242645.0,2024,0.9868437834515333
94-3221405,867785.0,993462.0,2023,1.1448250430694238
94-3229506,1734308.0,1729014.0,2023,0.9969474856830506
94-3233154,5822650.0,8205263.0,2023,1.4091973585910196
94-3237618,1728949.0,1682661.0,2023,0.9732276660560838
94-3262050,1470004.0,1036904.0,2023,0.7053749513606765
94-3265242,770058.0,2772.0,2023,0.003599728851592997
94-3266305,2786972.0,2802102.0,2023,1.0054288310036843
94-3301988,2178600.0,2070866.0,2023,0.9505489764068668
94-3306836,987754.0,871319.0,2023,0.8821214593917109
94-3327191,1044871.0,4731924.0,2023,4.528715985035474
94-3346915,4316341.0,2216317.0,2023,0.5134712479852727
94-3360307,1133514.0,938155.0,2023,0.8276518860816894
94-3365039,950248.0,1079855.0,2023,1.1363928153492562
94-3381744,1940969.0,1218258.0,2023,0.6276545375016294
95-1644040,12138784.0,19562827.0,2023,1.6115969276659012
95-1916050,28989932.0,27573544.0,2023,0.9511420723580862
95-2082686,147736276.0,162147751.0,2023,1.0975486548747175
95-2224265,32719260.0,25926270.0,2023,0.7923855857375748
95-2319356,26203186.0,23823378.0,2023,0.9091786777378903
95-2408623,117190739.0,108557718.0,2023,0.9263335902336105
95-2415066,29491321.0,26200545.0,2023,0.8884154426314101
95-2430665,1943504.0,2075451.0,2023,1.0678912932517761
95-2570847,1046902.0,1045065.0,2023,0.9982452989869157
95-2751567,747167.0,978364.0,2023,1.3094314925578887
95-2789388,34694264.0,32551145.0,2023,0.9382284345331551
95-2954450,2679860.0,2759718.0,2023,1.0297993178748144
95-3075415,39471061.0,38700369.0,2023,0.980474505106412
95-3221290,5908318.0,4707151.0,2023,0.7966989928436485
95-3247823,4181569.0,2472466.0,2023,0.5912771019681846
95-3251812,2128924.0,1278849.0,2023,0.6007020447888229
95-3282684,2261822.0,1236950.0,2024,0.5468821153919274
95-3411454,2260450.0,1737903.0,2023,0.768830542591077
95-3447973,3418478.0,2412756.0,2023,0.7057983114122718
95-3492461,19480902.0,23227418.0,2023,1.192317378322626
95-3495141,2437055.0,2491894.0,2023,1.0225021593685821
95-3508428,3087429.0,2012127.0,2023,0.6517160394619601
95-3582588,19289581.0,18970126.0,2023,0.9834389870884184
95-3667817,7159124.0,7818547.0,2024,1.092109453614716
95-3713078,1192299.0,1084463.0,2023,0.9095562438616488
95-3760201,6438811.0,6660821.0,2023,1.0344799684289536
95-3837425,1745691.0,1420516.0,2023,0.813727057079403
95-3909215,23827281.0,33029066.0,2023,1.3861869509995706
95-3935881,9759291.0,8524608.0,2023,0.8734864038791342
95-4178092,1358387.0,1317119.0,2023,0.9696198506022216
95-4203106,20500688.0,21192211.0,2023,1.0337316971996258
95-4207717,16967100.0,13905853.0,2023,0.8195774764102292
95-4336013,16448669.0,14315313.0,2023,0.8703022110785985
95-4418555,956290.0,1633697.0,2023,1.7083698459672274
95-4426350,4198045.0,3884039.0,2023,0.9252018499087075
95-4438489,2147608.0,1588571.0,2023,0.7396931842310143
95-4481955,2836547.0,2038201.0,2023,0.7185500539917019
95-4488635,1005893.0,945331.0,2023,0.9397928010235681
95-4511231,4330269.0,2762763.0,2023,0.638011864851814
95-4522977,4025788.0,2214517.0,2023,0.5500828657644168
95-4523780,3102679.0,2896766.0,2023,0.9336338048505823
95-4525241,1414263.0,1714150.0,2023,1.2120447186980075
95-4529650,1888641.0,1587635.0,2023,0.840622966461069
95-4540326,63666243.0,45458373.0,2023,0.714010609986834
95-4597000,3970642.0,4260817.0,2023,1.073080121552132
95-4648166,15866369.0,4041722.0,2023,0.2547351571112458
95-4680440,6548226.0,4856894.0,2023,0.7417114192454567
95-4680659,2795778.0,2733894.0,2022,0.9778651953052067
95-4693880,3836077.0,3943782.0,2023,1.028076860813795
95-4712513,12696966.0,5688271.0,2023,0.44800238104126605
95-4722308,1591685.0,1544298.0,2023,0.9702284057461118
95-4740768,992412.0,872655.0,2023,0.8793273358242343
95-4814680,5439162.0,2616201.0,2023,0.4809933956738189
95-4819568,850500.0,904590.0,2023,1.0635978835978837
95-6097903,1829896.0,1232270.0,2023,0.6734098549862944
95-6111785,125716969.0,123822450.0,2023,0.9849302841528099
95-6130458,1196426747.0,1155490167.0,2023,0.9657842988694066
95-6152773,106484453.0,99188330.0,2023,0.9314818004464933
95-6377511,32741209.0,19051743.0,2022,0.5818888056332923
99-0074140,2766488.0,2807487.0,2023,1.0148198727050326
99-0199316,2445292.0,5284830.0,2023,2.1612265529024755
99-0229787,1049344.0,842218.0,2023,0.802613823493535
99-0240539,31684442.0,30962273.0,2023,0.9772074572119654
99-0298721,1305328.0,784258.0,2023,0.6008129757424954
99-0330585,1628614.0,1199901.0,2023,0.736762056570802
66-0202913,1177942.0,916791.0,2023,0.77829893152634
66-0205634,28344653.0,23336324.0,2023,0.8233060394142063
66-0277132,42452657.0,36345687.0,2023,0.8561463420298994
66-0387659,2691543.0,2720373.0,2023,1.0107113280374862
66-0398333,1406883.0,1235244.0,2024,0.8780005160343823
66-0470812,1089318.0,1081550.0,2023,0.9928689326716349
66-0502690,1192642.0,1072517.0,2023,0.8992782410815652
66-0514937,7321935.0,5373972.0,2023,0.733955163491618
66-0519278,2074166.0,2258120.0,2023,1.0886881763561835
66-0519281,1935514.0,2060958.0,2023,1.064811724430823
66-0528601,1061372.0,1041685.0,2023,0.9814513667215642
66-0537875,6757323.0,6698050.0,2023,0.9912283311009404
66-0572240,752173.0,487745.0,2023,0.6484478969598749
66-0653561,1593370.0,1404137.0,2024,0.8812372518624049
66-0658219,1092166.0,1634492.0,2023,1.4965600467328226
66-0760220,535005.0,537990.0,2018,1.0055793871085317
66-0791854,459.0,102305.0,2023,222.88671023965142
66-0963647,10882833.0,2574288.0,2023,0.23654575973002617
96-0002543,1706361.0,1363466.0,2023,0.7990489702940937
98-0055958,1503016.0,1452190.0,2023,0.9661839927186404
98-0148939,927508695.0,881271294.0,2023,0.9501488220549782
98-0224967,74706506.0,53069671.0,2023,0.7103754925976594
98-0233371,11003158.0,13547420.0,2023,1.2312301613773065
98-1587843,16664405.0,16917520.0,2023,1.015188961142027
98-1609081,6988297.0,8547232.0,2023,1.2230779544715973
98-6001091,457980035.0,391732350.0,2019,0.8553480939403832
98-6001152,92121000.0,92714000.0,2024,1.0064371858750991
