EIN,NAME,ICO,STREET,CITY,STATE,ZIP,GROUP,SUBSECTION,AFFILIATION,CLASSIFICATION,RULING,DEDUCTIBILITY,FOUNDATION,ACTIVITY,ORGANIZATION,STATUS,TAX_PERIOD,ASSET_CD,INCOME_CD,FILING_REQ_CD,PF_FILING_REQ_CD,ACCT_PD,ASSET_AMT,INCOME_AMT,REVENUE_AMT,NTEE_CD,SORT_NAME
010674605,IGLESIA FUENTE DE AGUA VIVA ORLANDO FL INC,% RODOLFO O FONT,PO BOX 3869,CAROLINA,PR,00984-3869,0000,03,3,7000,201611,1,10,000000000,1,01,,0,0,06,0,12,,,,X20,
010674736,US-JAPAN RELATIONSHIP FUND INC,% TATSUHIKO WAKAO,KAWASAKI KANAGAWA 216-0033,JAPAN,,00000-0000,0000,03,3,1200,200401,1,15,000000000,1,01,202312,0,0,02,0,12,0,0,0,Q20,
010728628,INTERSECTIONS INC,% MOELILIA SEUI,PO BOX 1715,PAGO PAGO,AS,96799-1715,0000,03,3,1000,200211,1,15,000000000,1,01,202412,0,0,02,0,12,0,0,0,O50,
010880225,YENZA INC,% CZERINA PATEL/YENZA,THREE ANCHOR BAY WESTERN CAPE 8005,SOUTH AFRICA,,00000-0000,0000,03,3,1000,200910,1,15,000000000,1,01,202511,0,0,02,0,11,0,0,0,Q21,YENZA
020533102,PATHSTONE CORPORATION,,VILLA NEVAREZ CALLE 5 STE 1122,SAN JUAN,PR,00927-0000,9113,03,9,1000,198209,1,15,994566560,1,01,,0,0,01,0,09,,,,,PARQUE PLATINO INC
020681313,TOASTMASTERS INTERNATIONAL,% DAYTON UNITED COMMUNICATORS CLUB,NASSAU,THE BAHAMAS,,00000-0000,0820,03,9,2000,194505,1,16,059319000,1,01,202512,0,0,02,0,12,0,0,0,,1694 DAYTON UNITED COMMUNICATORS CL
030182719,PROCTOR CEMETERY ASSOC,% WIN THOMAS,5113 TURNER HOLE,CHRISTIANSTED,VI,00820-4586,0000,13,3,1000,201705,1,00,900000000,5,01,202512,0,0,02,0,12,0,0,0,Y50,
030356850,KOSA COMMUNICATIONS LTD,% ALDO MAZZA,MONTREAL QUEBEC H3C 2S1,CANADA,,00000-0000,0000,03,3,1000,201808,1,16,000000000,1,01,202412,0,0,02,0,12,0,0,0,Q21,
030424472,KINGDOM HARVEST MINISTRIES INTERNATIONAL,% SNIDER VICK,DELTA BRITISH COLUMBIA V4L 2P8,CANADA,,00000-0000,0000,03,3,1700,201408,1,15,000000000,1,01,202512,0,0,02,0,12,0,0,0,Q33,
043319132,OTTOMAN STUDIES FOUNDATION INC,,FATIH ISTANBUL TURKEY 34093,TURKEY,,00000-0000,0000,03,3,2000,199806,2,16,092000000,1,01,202412,4,3,01,0,12,104474,69523,69523,A76P,
043328623,TRIGLAV CIRCLE,% BARBARA BAUDOT,OUGNY 58110,FRANCE,,00000-0000,0000,03,3,2000,199905,1,15,000000000,1,01,202412,0,0,02,0,12,0,0,0,V05,
043575007,PENTECOSTAL MOVEMENT COUNCIL INC,% GENARO TORRES,PO BOX 6193,ST CROIX,VI,00823-6193,0000,03,3,7000,200510,1,10,000000000,1,01,,0,0,06,0,05,,,,X20,
043700254,IGLESIA EVANGELICA MISIONERA FUERZA AGAPE,% ROBERT RANSOM,PO BOX 580,SAN ANTONIO,PR,00690-0580,2046,03,9,7000,196911,1,10,001000000,5,01,,0,0,06,0,12,,,,,
043720924,GLOBAL EQUIP MINISTRIES,% PAUL PERRY,BELO HORIZONTE MG 30331-970,BRAZIL,,00000-0000,1894,03,9,7000,196709,1,10,029000000,5,01,,0,0,06,0,12,,,,,
043778039,MACEDONIA COMMUNITY ACTION PROJECT,% FAYE MORRIS,BONNEAU SC 29431,ARMENIA,,00000-0000,0000,03,3,1000,200706,1,15,000000000,1,01,202412,0,0,02,0,12,0,0,0,M60,
060602997,TITI MILLIE DAY CARE INC,,PO BOX 1347,GUANICA,PR,00653-1347,0000,03,3,1000,200206,1,15,000000000,1,01,202509,4,5,01,0,09,312816,658393,658393,P33,
060706038,BERMUDA INSTITUTE OF OCEAN SCIENCES BIOS INC,,ST GEORGES ST GEORGES GE01,BERMUDA,,00000-0000,0000,03,3,8000,194710,1,16,161180000,1,01,202412,8,8,01,0,12,42851737,17945200,16851664,U50Z,
061291614,NATIONAL AIR TRAFFIC CONTROLLERS ASSOCIATION,% FACILITY REPRESENTATIVE,1 JOHN BREWERS BAY,ST THOMAS,VI,00802-6003,3254,05,9,3000,199002,0,00,263000000,0,01,202512,0,0,02,0,12,0,0,0,,NATCA LOCAL STT
061497455,HODGMAN FAMILY FOUNDATION TR,% THOMAS F HODGMAN,VALAISE CH-1965,SWITZERLAND,,00000-0000,0000,03,3,1000,199712,1,04,602000000,2,01,202512,4,4,00,1,12,271456,482815,,T22Z,WILLIAM & THOMAS F HODGMAN JR TTEES
061680846,GEORGIAS WORKFORCE LEADERSHIP ASSOCIATION,,ATHENS GA 30605,GEORGIA,,00000-0000,0000,03,3,1000,200601,1,15,000000000,1,01,202506,0,0,02,0,06,0,0,0,B60,
061700976,SEED OF LIFE WORLD MINISTRIES,% HELEN SPENCER,CEB-KU ATTN AMC-ITT/FWD,APO,AE,09366-0000,0000,03,3,7000,200506,1,10,000000000,1,01,,0,0,06,0,12,,,,X20,
061782395,IGLESIA PENTECOSTAL CRISTO CUENTA CONTIGO INC,% JOSE VELAZQUEZ,PO BOX 10012,HUMACAO,PR,00792-1012,0000,03,3,7000,202405,1,10,000000000,1,01,202512,0,0,06,0,12,0,0,0,X20,
061807560,ORDER OF ST JOHN INC,,PO BOX 1463,FREDERIKSTED,VI,00841-1463,0000,03,3,1000,201407,1,15,000000000,1,01,202412,2,3,02,0,12,12285,25852,25852,Z99,
066037010,AMERICAN ACADEMY OF INSURANCE MEDICINE,% AAIM,OTTAWA ON K2E 8A5,CANADA,,00000-0000,0000,06,3,1000,194406,2,00,205000000,5,01,202412,5,5,01,0,12,846388,653949,452522,,
066039988,WIEGAND MEMORIAL FOUNDATION INC,% CHRISTOPHER WIEGAND,MONTREAL QC H4A 2Z6,CANADA,,00000-0000,0000,03,3,1000,195711,4,04,161180059,1,01,202312,5,4,00,1,12,863737,119329,,,
066098211,SUPREME EMBLEM CLUB OF THE UNITED STATES OF AMERICA INC,% ERICKSON,WEST HAVEN CT 06516,AFGHANISTAN,,00000-0000,1065,04,9,3000,196701,2,00,602160040,5,01,202506,0,0,02,0,06,0,0,0,,WEST HAVEN 45
112518719,LENNIE TRISTANO JAZZ FOUNDATION INC,% CAROL TRISTANO,ARCUEIL ILE DE FRANCE 94110,FRANCE,,00000-0000,0000,03,3,3000,198809,1,16,090000000,1,01,202512,0,0,02,0,12,0,0,0,,
113242441,THE JOSEPH KATZ AND SHIRELY KATZ CHARITABLE TRUST,% MELTZER LIPPE,EFRAT ISRAEL 90435,IRAN,,00000-0000,0000,03,3,1000,199602,1,04,602000000,2,01,202411,5,3,00,1,11,666041,31496,,T20J,
113371873,ESH-DAT INC,% SILBER,JERUSALEM 91342,ISRAEL,,00000-0000,0000,03,3,1270,202209,1,15,994602029,1,01,202412,2,3,02,0,12,21667,27618,27618,X30,
113579283,MARIE AND PAUL NAPOLI FOUNDATION,% MARIE ELIZABETH KAISER NAPOLI,200 DORADO BEACH DRIVE 3812,DORADO,PR,00646-0000,0000,03,3,1000,200102,1,04,000000000,1,01,202412,3,4,00,1,12,65700,317993,,T20,
113789744,SEMINOLE FOOTBALL PARENT ASSOCIATION,% FRANK A SALVAGE,CHICAGO 60646,ASHMORE & CARTIER IS,,00000-0000,0000,03,3,1000,201906,1,16,995321000,1,01,202512,0,0,02,0,12,0,0,0,N65,
122680572,CANADIAN UNICEF COMMITTEE-COMITE UNICEF CANADA,% CANADIAN UNICEF COMMITTEE,TORONTO ONTARIO M4P2Y3,CANADA,,00000-0000,0000,03,3,1000,200501,4,15,000000000,1,01,202412,8,9,01,0,12,16386741,61510262,61510262,Q42,
132556216,UPPER CANADA EDUCATIONAL FOUNDATION,% PATTI MACNICOL,TORONTO ONTARIO M4V1W6,CANADA,,00000-0000,0000,03,3,1200,196808,4,16,059602040,1,01,202506,2,5,01,0,06,21561,808959,808959,,
133085180,ROYAL SHAKESPEARE,,WARWICKSHIRE CV37 6BB,UNITED KINGDOM,,00000-0000,0000,03,3,1200,198110,2,15,123090094,1,01,202503,9,9,01,0,03,216659130,104260892,104260892,A650,
133211128,WORLD FEDERATION OF SOCIETIES OF ANAESTHESIOLOGISTS,% MICHAEL ROSEN TREASURER,LONDON N7 9DP,UNITED KINGDOM,,00000-0000,0000,03,3,1000,198503,1,15,162000000,5,01,202512,6,6,01,0,12,2401346,2331792,1808235,G91Z,
133537034,STUTTGART VETERANS OF FOREIGN WARS POST 10810,% WAYNE J HOLDER,PSC 480 BOX GD,APO,AE,09128-0000,0000,19,3,1000,201703,1,00,000000000,5,01,202506,0,0,02,0,06,0,0,0,W30,POST 10810
133582797,AMERICAN FRIENDS OF KRYAT MELECH,% BEN ZION DAVIDOVITZ,MONSEY NY 10952,ISRAEL,,00000-0000,0000,03,3,1000,199101,1,15,029000000,1,01,202412,0,0,02,0,12,0,0,0,X99Z,
133617417,TOASTMASTERS INTERNATIONAL,% NICHIBEI TOASTMASTERS CLUB,SHIBUYA KU 150-0,JAPAN,,00000-0000,0820,03,9,2000,194505,0,16,059319000,5,01,202512,0,0,02,0,12,0,0,0,,6394 NICHIBEI TOASTMASTERS CLUB
133785442,GREAT PACIFIC FOUNDATION,% JIM PATTISON GROUP,VANCOUVER BC V6C 1C7,CANADA,,00000-0000,0000,03,3,1000,199501,4,04,602000000,1,01,202512,8,7,00,1,12,29091844,7133980,,Z99Z,
133787075,US-CUBA TRADE AND ECONOMIC COUNCIL INC,% JOHN S KAVULICH,CHEEKTOWAGA NEW YORK 14225,AFGHANISTAN,,00000-0000,0000,06,3,1000,199505,2,00,229000000,1,01,202507,0,0,02,0,07,0,0,0,,
133801234,MULE FAMILY FOUNDATION,% MULE FAMILY FOUNDATION,200 DORADO BEACH DRIVE RES 3431,DORADO,PR,00646-0000,0000,03,3,1000,199608,1,04,602000000,2,01,202508,8,6,00,1,08,31243807,3662681,,T99Z,
133823577,AMERICAN FRIENDS OF ENGLISH NATIONAL OPERA INC,% PETER KOHL,LONDON NW3 1SU,UNITED KINGDOM,,00000-0000,0000,03,1,1000,200811,1,15,994602000,1,01,202412,4,4,01,0,12,205333,239638,239638,A116,
133824844,KEREN TEFERT YAACOV,% DAVID GARBER,JERUSALEM 91430,ISRAEL,,00000-0000,0000,03,3,1000,199512,1,04,994029602,1,01,202504,3,1,00,1,04,75743,1121,,T30J,
133932623,OBEROI FAMILY FOUNDATION,% C/O EY US LLP,LOCAL,UNITED KINGDOM,,00000-0000,0000,03,3,1000,199803,1,04,602000000,2,01,202505,6,4,00,1,05,2265347,406928,,T22Z,
133989532,GARY WILLIAMS FOUNDATION,% CUMBERLAND HOUSE,POOLE DORSET BH15 2QS,UNITED KINGDOM,,00000-0000,0000,03,3,1000,199807,2,04,602000000,2,01,202501,6,3,00,1,01,1210009,58364,,T20Z,
134028661,REDRESS TRUST LIMITED,% WHITE & CASE LLP,LONDON LONDON SE1 0QR,UNITED KINGDOM,,00000-0000,0000,03,3,1200,202410,1,15,000000000,1,01,202503,3,4,01,0,03,88606,200000,200000,Q70,
134038907,CIEE INC,% LORI SANDS,6471 AVE ISLA VERDE APT 909,CAROLINA,PR,00979-7121,0000,03,3,2000,199904,1,16,000000000,1,01,202508,9,9,01,0,08,207090335,218142320,218141529,Q22,COUNCIL INTERNATIONAL STUDY PROGRAM
134045482,INTERNATIONAL PEDIATRIC TRANSPLANT ASSOCIATION INC,% THE TRANSPLANTATION SOCIETY,MONTREAL QUEBEC H3C 3X6,CANADA,,00000-0000,0000,03,3,1000,199905,1,15,000000000,1,01,202412,6,4,01,0,12,2201218,471615,245122,Q300,
134079395,LOZOWICK FAMILY FOUNDATION INC,% LOEB & LOEB LLP,JERUSALEM 93550,IRAN,,00000-0000,0000,03,3,1000,200011,4,04,000000000,1,01,202512,4,4,00,1,12,226334,225828,,T22,
134082426,NACHALAT YISROEL FOUNDATION,% DAVID GARBER,JERUSALEM 91430,ISRAEL,,00000-0000,0000,03,3,1000,200012,1,15,000000000,1,01,202508,0,0,02,0,08,0,0,0,X20,
134088704,DB FOUNDATION,% RICHARD BRONKS,HAMPSHIRE HAMPSHIRE RG25 3AQ,UNITED KINGDOM,,00000-0000,0000,03,3,1000,200102,2,04,000000000,1,01,202510,5,2,00,1,10,776039,13424,,T22,
134103202,M OKADA FOUNDATION OF AMERICA,% KAZUKO KANO,SAITAMA SAITAMA 336-0021,JAPAN,,00000-0000,0000,03,3,8000,200008,1,15,000000000,1,01,202512,0,0,02,0,12,0,0,0,H40,
134203820,JOINT ISRAEL,% BINYAMIN CHERNOFSKY,JERUSALEM 91034,ISRAEL,,00000-0000,0000,03,3,1000,200211,2,15,000000000,1,01,202412,9,9,01,0,12,104955000,111513000,111513000,Q30,
136163055,FRIENDS OF MCMASTER INCORPORATED,% HELEN CHEN,HAMILTON ONTARIO L8S 4L8,CANADA,,00000-0000,0000,03,3,1000,198809,4,17,602000000,1,01,202412,2,6,01,0,12,20193,4622725,4622725,,
136271584,FRED & SUZAN EHRMAN FOUNDATION,,RAANANA 43524,IRAN,,00000-0000,0000,03,3,1000,196804,1,04,602000000,1,01,202512,6,6,00,1,12,4543518,3841234,,,
136620923,UNIVERSITY OF WESTERN ONTARIO FOUNDATION INC,% FINANCIAL SERVICES DEPARTMENT,LONDON ONTARIO N6A 3K7,CANADA,,00000-0000,0000,03,3,2000,196104,1,15,000000000,1,01,202504,2,5,01,0,04,14290,505803,505803,,
137030069,LEWART FAM CHARITABLE TR,% LEE ANN SANDLER,CAESAREA 38900,ISRAEL,,00000-0000,0000,03,3,1000,199412,1,04,602000000,2,01,202511,6,6,00,1,11,3811607,2316832,,,LEWART ELEANOR ET AL TTEE
137119948,THE EDUCATION RENAISSANCE TRUST,% GORMAN DARBY & CO,LONDON W14 8SH,UNITED KINGDOM,,00000-0000,0000,03,3,1000,199804,2,04,119000000,2,01,202503,4,4,00,1,03,332009,122691,,T20Z,BODDY DAVID ET AL TTEE
137265426,LOMDIM TR,% YIGAL GROSS,JERUSALEM ISRAEL 91344,ISRAEL,,00000-0000,0000,03,3,1000,200201,4,15,000000000,1,01,202604,0,0,02,0,04,0,0,0,T20,GROSS YIGAL TTEE
141782056,AMERICAN FRIENDS OF THE JEWISH BIBLE ASSOCIATION INC,% JOSHUA BACKON,JERUSALEM JERUSALEM 9129001,ISRAEL,,00000-0000,0000,03,3,1000,199509,4,15,994602000,1,01,202512,0,0,02,0,12,0,0,0,X99Z,
141807509,CIAR ASSOCIATION INC,% CANADIAN INSTITUTE FOR ADVANCED R,TORONTO ONTARIO M5G 1M1,CANADA,,00000-0000,0000,03,3,1000,199809,4,15,994602000,1,01,202603,0,0,02,0,03,0,0,0,Z99,
141857764,SOUTHERN SHRIMP ALLIANCE INC,% SALVATORE J VERSAGGI,NEW PORT RICHEY,ANGOLA,,00000-0000,0000,06,3,2000,200308,2,00,000000000,1,01,202512,8,5,01,0,12,10522189,664734,664734,S41,
141965395,GIVE CHILDREN A CHANCE,% JARROD WILLIAM GOSY,CMR 414 BOX 2247,APO,AE,09173-0000,3317,03,9,7000,199112,2,10,001000000,1,01,,0,0,06,0,06,,,,,
141980939,EAGLE EYE EVANGELISTIC ENTERPRISES INC,% ANTHONY MOLINA,SAN RAMON ALAJUELA 20201,COSTA RICA,,00000-0000,0000,03,3,1700,201504,1,15,000000000,1,01,202512,0,0,02,0,12,0,0,0,X20,
161319746,DANSVILLE AREA HISTORICAL SOCIETY,% ALBERT HAWK,DANSVILLE 14437,AFGHANISTAN,,00000-0000,0000,03,3,2000,201607,1,15,060000000,1,01,202512,0,0,02,0,12,0,0,0,A80,
161388348,AMERICAN FEDERATION OF TEACHERS,% KAREN WEBB-PRESIDENT,WINDSOR NEW YORK 13865,AFGHANISTAN,,00000-0000,0787,05,9,3000,196711,2,00,263264279,5,01,202506,0,0,02,0,06,0,0,0,,3807 WINDSOR OFFICE PRSNL & SCHL
161597741,PAUL HOY MINISTRIES,% REV PAUL A HOY,OAKVILLE ONT L6H 7G5,CANADA,,00000-0000,1621,03,9,7000,196402,0,10,001000000,5,01,,0,0,06,0,12,,,,,
161645986,INTERNATIONAL SOCIETY FOR PHOTOGRAMMETRY & REMOTE SENSING,,HANNOVER 30167,GERMANY,,00000-0000,0000,03,3,1000,200305,1,16,000000000,1,01,202412,6,4,01,0,12,1200071,364234,364234,B90,
161655556,ZERO TOLERANCE BASKETBALL ORGANIZATION INC,% BOYD TODMAN,OSWALD HARRIS COURT BLDG 38 APT 285,ST THOMAS,VI,00802-0000,0000,03,3,1200,201408,1,15,000000000,1,01,202412,1,3,02,0,12,5745,37100,37100,N63,
161701355,RESONANCE PROJECT FOUNDATION,% NASSIM HARAMEIN,CALUSES CEDEX 74301,FRANCE,,00000-0000,0000,03,3,1000,200605,1,16,000000000,1,01,202412,3,2,02,0,12,86000,13331,13331,,
200072423,MINISTERIO VIDA ABUNTANTE-ABUNDANT LIFE MINISTRY-INC,% DARTHA RAE RIVERA,C1 CALLE MIOSOTIS-JARD DEL CARIBE,MAYAGUEZ,PR,00682-0000,0000,03,3,1270,200406,1,15,000000000,1,01,202512,0,0,02,0,12,0,0,0,X20,
200105601,JERUSALEM INSTITUTE FOR MARKET STUDIES INC,% ROBERT MARK SAUER,TEL AVIV,ISRAEL,,00000-0000,0000,03,3,2000,200312,4,15,000000000,1,01,202512,0,0,02,0,12,0,0,0,Q30,
200443576,INTERNATIONAL FACILITY MANAGEMENT ASSOCIATION INC,% CHAPTER ADMINISTRATOR,OTTAWA ONTARIO K1Z 7S8,CANADA,,00000-0000,7100,06,9,1000,198904,0,00,000000000,5,01,,0,0,01,0,06,,,,,OTTAWA CHAPTER
200443614,INTERNATIONAL FACILITY MANAGEMENT ASSOCIATION INC,% CHAPTER ADMINISTRATOR,"VANCOUVER,BC,V6A 4G2",CANADA,,00000-0000,7100,06,9,1000,198904,0,00,000000000,5,01,,0,0,01,0,06,,,,,BRITISH COLUMBIA CHAPTER
200443640,INTERNATIONAL FACILITY MANAGEMENT ASSOCIATION INC,% CHAPTER PRESIDENT,"REGINA,SK,54P 3B8",CANADA,,00000-0000,7100,06,9,1000,198904,0,00,000000000,5,01,,0,0,01,0,06,,,,,REGINA CHAPTER
200644142,STRATEGIC SOLUTIONS NETWORK INC,% SANA JOSEPH,1013 ESTATE WHIM,FREDERIKSTED,VI,00840-3752,0000,03,3,1000,201511,1,16,000000000,1,01,202412,0,0,02,0,12,0,0,0,P20,
200835061,FRIENDS OF JOURNALISTS FOR HUMAN RIGHTS INC,% ALEXANDRA SICOTTE - LEVESQUE,TORONTO ON M5V 3A8,CANADA,,00000-0000,0000,03,3,1000,200411,1,15,000000000,1,01,202512,0,0,02,0,12,0,0,0,R63,
201096061,KAMIEN FAMILY FOUNDATION,% ANITA KAMIEN,LOCAL,ISRAEL,,00000-0000,0000,03,3,1000,200603,1,04,000000000,1,01,202512,3,1,00,1,12,46916,1886,,B99,
201430313,AMERICAN FRIENDS OF THE FRANCO AMERICAN INSTITUTE INC,% MICHAEL LAVEAN,ROMILLE BRITTANY 35850,FRANCE,,00000-0000,0000,03,3,1200,200501,1,17,000000000,1,01,202412,4,3,02,0,12,138589,47931,7840,B11,
201445557,HUANGGANG HIGH SCHOOL OVERSEAS,% YINGCHUN DAI,CALGARY ALBERTA T2X 0E2,CANADA,,00000-0000,0000,03,3,1000,201203,1,15,000000000,1,01,202512,0,0,02,0,12,0,0,0,B84,
201567425,IMAGINE GLOBAL INCORPORATED,% ABE CARMELI OREN FUERST,HERZLIYA,ISRAEL,,00000-0000,0000,03,3,1200,200509,1,15,000000000,1,01,202412,0,0,02,0,12,0,0,0,H05,
201653634,SANABEL MICROFINANCE OF THE ARAB COUNTRIES INC,,NEW CAIRO 11853,EGYPT,,00000-0000,0000,03,3,1000,200601,2,15,000000000,1,01,202406,4,4,01,0,06,482875,346026,346026,Q32,
201654549,TEXAS 4-H,% DEBORAH MOORE,KYLE TX 78640,AFGHANISTAN,,00000-0000,5932,03,9,1200,201111,1,15,000000000,5,01,202508,0,0,02,0,08,0,0,0,,KYLE 4-H CLUB
201880890,OSSIES FAIR HOUSING AND HOMECARE INC,% DIANA L BROWN,ALBANY 31721,GEORGIA,,00000-0000,0000,03,3,1000,202407,1,16,000000000,1,01,202512,0,0,02,0,12,0,0,0,L80,
201897309,INSTITUTE ARTES LIBERALES FOUNDATION,% JULIE J KIDD,WARSAW 00-378,POLAND,,00000-0000,0000,03,3,2000,200610,2,11,000000000,1,01,202412,4,4,01,0,12,219158,313570,313570,B42,
202032957,OLD ROAD FUND INC,% R BRAXTON HILL III,ST JOHNS ANTIGUA 00000-0000,ANTIGUA & BARBUDA,,00000-0000,0000,03,3,1200,200503,1,15,000000000,1,01,202412,4,4,01,0,12,352887,255574,255574,P20,
202318102,MESHI EARLY CHILDHOOD DEVELOPMENT CENTER,,JERUSALEM MIDDLE EAST 97253,ISRAEL,,00000-0000,0000,03,3,1000,200306,2,11,000000000,1,01,202412,7,8,01,0,12,5496648,13186093,13186093,B28,
202866021,SOCIETY FOR NEUROECONOMICS INC,% PODIUM SPECS,VICTORIA BRITISH COLUMBIA V8N 1X6,CANADA,,00000-0000,0000,03,3,2000,200509,1,16,000000000,1,01,202512,4,4,01,0,12,317595,222963,222963,V22,
202956696,GUSENGHWE INC,% RICHARD CHANG,330 WESTERN BLVD APT 1014,TAMUNING,GU,96913-5124,0000,03,3,1200,200707,1,15,000000000,1,01,202512,0,0,02,0,12,0,0,0,T20,
203193115,AMERICAN FRIENDS OF UHN INC,% HORACE POLLACK CFO,TORONTO ONTARIO M5G 2C4,CANADA,,00000-0000,0000,03,3,1000,200511,4,15,000000000,1,01,202503,3,6,01,0,03,69590,1247410,1247410,E112,
203234211,TOASTMASTERS INTERNATIONAL,% CTS CLUB,VANCOUVER BRITISH COLUMBIA V5Z 2,CANADA,,00000-0000,0820,03,9,2000,194505,1,16,059319000,1,01,202512,0,0,02,0,12,0,0,0,,798351 CTS CLUB
203317540,INTERNATIONAL SCHOOL PSYCHOLOGY ASSOCIATION INC,% DR ROBERT D CLARK,EGKOMI 1095,CYPRUS,,00000-0000,0000,03,3,2100,200605,1,16,000000000,1,01,202412,4,3,01,0,12,484674,80591,80591,V23,
203825842,SEASTAR SERVICES INC,% DEBORAH FINLEY JACKSON,9160 ESTATE THOMAS,ST THOMAS,VI,00802-3641,0000,03,3,1000,201209,1,15,000000000,1,01,202512,0,0,02,0,12,0,0,0,P20,
203868031,TOASTMASTERS INTERNATIONAL,% SOUTH COUNTY PRESENTERS,SINGAPORE 79347,SINGAPORE,,00000-0000,0820,03,9,2000,194505,1,16,059319000,5,01,202512,0,0,02,0,12,0,0,0,N500,834852 SOUTH COUNTY PRESENTERS
203925212,ISAIAH 61 INTERNATIONAL INC,% MELODY L FIREBAUGH,QUITO PICHINCHA,ECUADOR,,00000-0000,0000,03,3,1700,200611,1,15,000000000,1,01,202512,0,0,02,0,12,0,0,0,P32,
204416398,HADDEN FAMILY FOUNDATION,% PAT HADDEN,BURLINGTON ONTARIO L7L 0G5,CANADA,,00000-0000,0000,03,3,1000,200610,4,04,000000000,1,01,202512,5,4,00,1,12,764259,354223,,T22,
204733601,AMERICAN FRIENDS OF THE ART GALLERY OF ONTARIO INC,% KATE HALPENNY,TORONTO ON M5T 1G4,CANADA,,00000-0000,0000,03,3,1000,200612,4,15,000000000,1,01,202512,3,4,01,0,12,47548,403049,403049,A11,
204792577,INTERNATIONAL FEDERATION FOR PROFESSIONAL SPEAKERS INC,,TORONTO ONTARIO M3B 3N7,CANADA,,00000-0000,0000,06,3,2000,200706,2,00,000000000,1,01,202412,4,4,01,0,12,202284,105651,104630,S41,
204859523,MARIANAS RACING ASSOCIATION,% DAVID J BURGER,PO BOX 504053,SAIPAN,MP,96950-4053,0000,03,3,1200,202209,1,15,000000000,1,01,202412,2,3,02,0,12,16591,37473,37473,N70,
205238137,RENAISSANCE COALITION,% RANDALL R BRENNAN,"MBABANE,ESWATINI,H100",SOUTH AFRICA,,00000-0000,8029,03,9,7000,198208,1,10,000000000,5,01,,0,0,06,0,12,,,,,MISSIONS IN AFRICA INC
205478637,BOBS AND CROW LAKES FOUNDATION,% ALEXANDER CAMERON,VERONA ONTARIO K0H 2W0,CANADA,,00000-0000,0000,03,3,1000,200709,4,15,000000000,1,01,202506,0,0,02,0,06,0,0,0,C32,
205526017,TOASTMASTERS INTERNATIONAL,% LAUGHING MATTERS,WINNIPEG MANITOBA R2G 3H8,CANADA,,00000-0000,0820,03,9,2000,194505,1,16,059319000,1,01,202312,0,0,02,0,12,0,0,0,,947037 LAUGHING MATTERS
205537750,ACC KEENE FARM INC,,ANJOU QUEBEC H1M-1B3,CANADA,,00000-0000,0000,03,3,1000,200705,1,17,000000000,1,01,202510,0,0,02,0,10,0,0,0,C11,
206652035,RANDOLPH H KNIGHT CHARITABLE FOUNDATION,% MARK THAW,PO BOX 8209,ST THOMAS,VI,00801-1209,0000,03,3,1000,201002,1,04,000000000,2,01,202412,6,1,00,1,12,1993944,1,,T22,
206975076,PRIOR FAMILY FOUNDATION,% GERTRUDE PRIOR,PO BOX 12030,ST THOMAS,VI,00801-5030,0000,03,3,1000,200804,1,04,000000000,2,01,202512,8,4,00,1,12,10625258,410289,,T20,GERTRUDE J PRIOR TTEE
208080321,AMERICAN SCHOOLS INTERNATIONAL INCORPORATED,% MARY WEISS,OXFORD KOSOVO 10000,KOSOVO,,00000-0000,0000,03,3,2000,202404,1,11,000000000,1,01,202206,6,6,01,0,06,2719609,1410030,1410030,B20,
208394751,CHALLENGEAID FOUNDATION,% EUGENE FRANK HODAL,LLANDOVERY WALES SA19 8TE,UNITED KINGDOM,,00000-0000,0000,03,3,1000,200703,1,15,000000000,1,01,202512,0,0,02,0,12,0,0,0,O50,
208713975,KNIGHTS OF COLUMBUS,% MARTIN,CMR B467 BOX 7925,APO,AE,09096-0000,0188,08,9,1000,000000,0,00,000000000,5,01,202312,0,0,02,0,12,0,0,0,,10292 LIEUTANT GEN TIMOTHY J MAUDE
222514884,INSTITUTE FOR RESEARCH IN CLASSICAL PHILOSOPHY AND SCIENCE INC,,BAYSVILLE ON P0B 1A0,CANADA,,00000-0000,0000,03,3,2000,198407,1,15,124123994,1,01,202512,0,0,02,0,12,0,0,0,,
222530466,ISE CULTURAL FOUNDATION INC,,TOKYO 100-0006,JAPAN,,00000-0000,0000,03,3,2000,198408,1,04,093090000,1,01,202412,2,1,00,1,12,11516,1,,,
223275938,PADMASAMBHAVA BUDDHIST CENTER OF PUERTO RICO,% NESTOR KUILAN,1453 ALFONSO AVE,ALTAMIRA RIO PIEDROS,PR,00921-0000,9243,03,9,7000,199209,1,10,001029123,5,01,,0,0,06,0,12,,,,,
223480547,IGLESIA PENTECOSTAL VIDA Y VERDAD DE LAS ASAMBLEAS DE DIOS,% BARBARA NIEVES,PO BOX 2877,GUAYAMA,PR,00785-2877,1678,03,9,7000,196408,1,10,001002029,5,01,,0,0,06,0,12,,,,,
230959360,PENNSYLVANIA MOTOR TRUCK ASSOCIATION,% PENNSYLVANIA MOTOR TRUCK ASSOCIAT,CAMP HILL,AKROTIRI,,00000-0000,0000,06,3,2000,194502,2,00,920059279,5,01,202412,6,6,01,0,12,2533603,1200929,1182307,,
233050252,GLOBAL IMPORTUNE INC,% MARK KONRAD,LONDON ONTARIO N5Y 2X4,CANADA,,00000-0000,0000,03,3,1200,200206,1,15,000000000,1,01,202509,0,0,02,0,09,0,0,0,Q700,
233070432,HAVEN YOUTH LACROSSE,% MARESA MAHONEY,SWARTHMORE PA 19081,PARAGUAY,,00000-0000,0000,03,3,1000,200204,1,16,000000000,1,01,202512,0,0,02,0,12,0,0,0,N60,
237020087,AMERICAN FEDERATION OF TEACHERS,% ROSA SOTO-THOMAS,PO BOX 1530,KINGSHILL,VI,00851-1530,0787,05,9,3000,196810,2,00,263264279,5,01,202506,4,4,01,0,06,466669,403966,403966,,1826 ST CROIX
237024566,PROFESSIONAL HOCKEY PLAYERS ASSOCIATION,% MR LARRY LANDON,NIAGARA FALLS ON L2J 2K9,CANADA,,00000-0000,0000,05,3,3000,197506,2,00,200264205,5,01,202504,7,6,01,0,04,6542517,2650900,2650900,,
237034732,FAMILIES PLANNING ASSOCIATION OF PUERTO RICO,,PO BOX 192379,SAN JUAN,PR,00919-2379,0000,03,3,1200,195709,1,15,602059000,5,01,202312,6,6,01,0,12,4890073,1711211,1683180,,
237050819,ARNOLD AIR SOCIETY-SILVER WINGS,% UNIV OF PUERTO RICO MAYAGUEZ,ROTC BLDG SANCHEZ HALL BOX 9000,MAYAGUEZ,PR,00681-0000,1224,04,9,3000,197001,2,00,059000000,5,01,202405,0,0,02,0,05,0,0,0,,756 AFROTC DET
237057588,TAU BETA PI ASSOCIATION INC,% JOSUAN H SANCHEZ,PO BOX 9000,MAYAGUEZ,PR,00681-9000,0782,07,9,1000,197003,2,00,059319000,5,01,202605,0,0,02,0,05,0,0,0,,PUERTO RICO ALPHA CHAPTER
237063049,NATIONAL TREASURY EMPLOYEES UNION,% HIRAM GONZALEZ,PO BOX 37297,SAN JUAN,PR,00937-0297,0878,05,9,3000,194508,2,00,263264480,5,01,202509,0,0,02,0,09,0,0,0,,188 NTEU CHAPTER
237067592,THE GOVERNORS OF THE UNIVERSITY OF CALGARY,% CONTROLLERS OFFICE ADMIN RM 201,CALGARY AB T2N1N4,CANADA,,00000-0000,0000,03,3,1000,196912,1,11,030000000,1,01,202503,9,9,01,0,03,4083730580,1269876563,1269761785,,
237068987,ELISABETH HEIM E V,,BOHMERSTRASSE,GER,,00000-0000,0000,03,2,1270,197006,2,10,030382029,1,01,,0,0,06,0,12,,,,,
237069575,UNIVERSITY OF SASKATCHEWAN,% TAX DEPT,SASKATOON SASKATCHEWAN S7N 5A2,CANADA,,00000-0000,0000,03,3,2000,197006,4,11,030000000,1,01,202504,9,9,01,0,04,2257014245,972501077,962171944,B43Z,
237069576,UPPER CANADA COLLEGE FOUNDATION,,TORONTO ONTARIO M4V1W6,CANADA,,00000-0000,0000,03,3,2000,197006,4,17,059000000,1,01,202506,9,8,01,0,06,121880274,21126217,11266401,,
237069639,SAINT JOHN BAPTIST COLLEGE IN THE UNIVERSITY OF OXFORD,% ZOE HANCOCK,OXFORD OX1 3JP,UNITED KINGDOM,,00000-0000,0000,03,3,1200,201506,2,11,046030000,1,01,202507,9,9,01,0,07,1266193400,199477182,91098059,B43,
237069967,YORK UNIVERSITY,,TORONTO ON M3J1P3,CANADA,,00000-0000,0000,03,3,2000,202410,4,11,046030000,1,01,202504,9,9,01,0,04,2738822163,1022387878,1017395087,B43,
237075452,CAMBRIAN HEIGHTS BAPTIST CHURCH,,CALGARY,CANADA,,00000-0000,0000,03,3,7000,197001,4,10,001000000,1,01,,0,0,06,0,12,,,,,
237088831,CARLETON UNIVERSITY,% J K KETTLES DIR OF FIN,OTTAWA ONTARIO K1S 5B6,CANADA,,00000-0000,0000,03,3,2000,197012,4,11,046030927,1,01,202504,9,9,01,0,04,1398304287,586364620,586364620,,
237098804,ASSOCIATION LA CROIX DOR,,GENEVA,SWITZERLAND,,00000-0000,0000,03,3,7000,195006,2,10,001000000,5,01,,0,0,06,0,12,,,,,
237099181,AMERICAN SCHOOL OF MILAN,,20073 OPERA,ITALY,,00000-0000,0000,03,3,2000,197103,2,11,046030000,5,01,202508,8,8,01,0,08,42878752,26638342,26638342,,
237099472,QUEENS UNIVERSITY AT KINGSTON DEPARTMENT OF FINANCIAL SERVICES,% PETER VIVEIROS,KINGSTON ON K7L 3N6,CANADA,,00000-0000,0000,03,3,2000,193402,4,11,046030000,1,01,202504,9,9,01,0,04,2849707030,882649356,882649356,,RICHARDSON HALL
237101211,PONTIFICIA UNIVERSITA GREGORIANA,,ROME,ITALY,,00000-0000,0000,03,3,2700,196304,2,10,046030029,5,01,,0,0,06,0,09,,,,,
237102787,SHAWNIGAN LAKE SCHOOL,% 1975 RENFREW RD,SHAWNIGAN LAKE BC V0R 2W1,CANADA,,00000-0000,0000,03,3,2000,196211,4,11,046030000,1,01,202406,8,8,01,0,06,14368296,46772630,46772630,,
237103810,UNIVERSITY OF NEW BRUNSWICK,% WILLIAM BEST,FREDERICTON NEW BRUNSWICK E3B5A3,CANADA,,00000-0000,0000,03,3,2000,195804,4,11,030000000,1,01,202504,9,9,01,0,04,736364332,321501621,321501621,,
237105307,MASTER FELLOWS & SCHOLARS OF PEMBROKE COLL IN THE UNIV OF OXFOR,,OXFORD OXFORDSHIRE OX1 1DW,UNITED KINGDOM,,00000-0000,0000,03,3,2000,196205,2,11,030000000,1,01,202407,0,0,02,0,07,0,0,0,,
237112044,MISSION DU KIANGNAN-LUXEMBOURG,% RV G GERMAIN SJ,KOWLOON,HONG KONG,,00000-0000,0000,03,3,7000,194802,2,10,001000000,5,01,,0,0,06,0,12,,,,,
237112052,PROCURE DES MISSIONS DE CHINE CEYLAN ET MADAGASCAR 1150,,BRUXELLES,BELGIUM,,00000-0000,0000,03,3,7000,195003,2,10,029000000,5,01,,0,0,06,0,12,,,,,
237128019,CLUB DE LEONES CAPITAN CORREA DE ARECIBO INCORPORATED,% JOSE MARRERO NIEVES,PO BOX 2302,ARECIBO,PR,00613-2302,0239,04,9,3000,197109,2,00,279319000,5,01,202406,0,0,02,0,06,0,0,0,,14377 ARECIBO CAPITAN CORREA
237128118,F K MORROW FOUNDATION,% SUSAN OUELLETTE,LOCAL,CANADA,,00000-0000,0000,03,3,1000,194605,1,04,602000000,1,01,202509,9,7,00,1,09,64327278,7161279,,,
237128119,NATIONAL TRUST FOR PLACES OF HISTORIC INTEREST OR NATURAL BEAUT,% JAMES BENNETT,UNITED KINGDOM WILTSHIRE SN22NA,UNITED KINGDOM,,00000-0000,0000,03,3,2000,195403,2,16,059062000,2,01,202502,9,9,01,0,02,2481522000,898624000,898624000,,
237133516,ISLAND RESOURCES FOUNDATION,,PO BOX 370,CHARLOTTE AMA,VI,00804-0370,0000,03,3,1000,197312,1,15,161180059,1,01,202506,0,0,02,0,06,0,0,0,T30,
237144209,ANCIENT & ACCEPTED SCOTTISH RITE OF FREE MASONRY SOUTHERN JURISDICTION,,KITANAKAGUSKU OKINAWA 901-2304,JAPAN,,00000-0000,0095,10,9,1000,194009,1,00,030059902,5,01,202512,0,0,02,0,12,0,0,0,,VALLEY OF KITANAKAGUSUKU & BODIES Y
237147885,ST CATHERINES COLLEGE IN THE UNIVERSITY OF OXFORD,,OXFORD OXFORDSHIRE OX1 3UJ,UNITED KINGDOM,,00000-0000,0000,03,3,2000,196410,2,11,030000000,1,01,202407,0,0,02,0,07,0,0,0,,
237157589,FUTURE BUSINESS LEADERS OF AMERICA PHI BETA LAMBDA INC,% JOSE R JIMENEZ-HERNANDEZ,PO BOX 190931,SAN JUAN,PR,00919-0931,2205,03,9,2000,197110,1,16,059200205,5,01,,0,0,02,0,06,,,,,PUERTO RICO CHAPTER
237161572,AMERICAN INTERNATIONAL CHURCH SOCIETY,,LONDON W1T 4TD,UNITED KINGDOM,,00000-0000,0000,03,3,7000,197203,2,10,001000000,1,01,202512,0,0,06,0,12,0,0,0,,
237167109,COMMUNITY CHURCH OF TEHRAN IRAN,,ARMISH-MAAG APO 205              EN,APO,AE,09008-0000,0000,03,3,7000,196307,1,10,001000000,5,01,,0,0,06,0,12,,,,,
237169959,COIF CHARITIES INVESTMENT FUND,% CCLA INVESTMENT MANAGEMENT LTD,LONDON ENGLAND,UNITED KINGDOM,,00000-0000,0000,03,3,1000,197102,2,04,000000000,2,01,202412,9,9,00,1,12,4885397681,104360139,,A12,
237169963,BRIDGE STREET UNITED CHURCH,% BRIDGE STREET METHODIST CHURCH,BELLEVILLE,CANADA,,00000-0000,0000,03,3,7000,196405,4,10,001000000,1,01,,0,0,06,0,12,,,,,
237169965,BALLYWEANEY PRESBYTERIAN CHURCH MOUNTHAMILTON,% WALLACE SAYERS,BALLYMENA,IRELAND,,00000-0000,0000,03,3,7000,195811,2,10,001000000,5,01,,0,0,06,0,12,,,,,
237169970,ASSOCIATION DE LEGLISE ANGLICANE DE ST PAUL,,MONTE CARLO,MONACO,,00000-0000,0000,03,3,7000,195910,2,10,029000000,5,01,,0,0,06,0,12,,,,,
237172320,UNIVERSITE DE MONTREAL SUCCURSALE A QUEBEC,% DANIEL JUTRAS,MONTREAL QUEBEC H3C 3T4,CANADA,,00000-0000,0000,03,3,2000,197205,4,11,030000000,1,01,202504,9,9,01,0,04,4213423000,1508676000,1508676000,B43Z,YUES CLOUTIER
237176806,UNITED STEELWORKERS,% DAVID TOUCET,PO BOX 6828,BAYAMON,PR,00960-5828,0260,05,9,3000,194012,2,00,263059269,5,01,202512,0,0,02,0,12,0,0,0,,06135 LOCAL
237208844,UNION FOR INTERNATIONAL CANCER CONTROL,% 62 ROUTE DE FRONTENEX,GENEVA GENEVA 1202,SWITZERLAND,,00000-0000,0000,03,3,8000,196212,2,15,161180561,5,01,202412,7,8,01,0,12,9204056,14460182,14460182,G30Z,
237213053,PROTESTANT COMMUNITY CHURCH,,CIUDAD,DOMINICAN REP,,00000-0000,0000,03,3,7000,195710,2,10,001000000,5,01,,0,0,06,0,09,,,,,
237213057,PORT WILLIAMS UNITED BAPTIST COMMUNITY CHURCH,,PORT WILLIAMS,CANADA,,00000-0000,0000,03,3,7000,196304,4,10,001000000,5,01,,0,0,06,0,12,,,,,
237213309,MCMASTER UNIVERSITY ONTARIO,% OMER AHMED,HAMILTON ONTARIO L8S 4L8,CANADA,,00000-0000,0000,03,3,1000,193811,4,11,317000000,1,01,202504,9,9,01,0,04,3062492760,1126613610,1115308465,,
237214286,ST PAULS ANGELICAN CHURCH,,FORT ERIE,CANADA,,00000-0000,0000,03,3,7000,197301,4,10,001000000,5,01,,0,0,06,0,12,,,,,
237215274,BALLYDOWN PRESBYTERIAN CHURCH,% ULSTER BANK,BALLYDOWN BAINBRIDGE,CO DOWN N IRELAND,,00000-0000,0000,03,3,7000,197206,2,10,001000000,5,01,,0,0,06,0,12,,,,,
237216206,ST BENEDICTS ABBEY,,INVERNESS SH,SCOTLAND,,00000-0000,0000,03,3,7000,196107,2,10,029000000,5,01,,0,0,06,0,12,,,,,
237216209,ROMAN CATHOLIC DIOCESE OF QUIMPER ET LEON,,QUIMPER FINIST,FRANCE,,00000-0000,0000,03,3,7000,197301,2,10,029000000,5,01,,0,0,06,0,12,,,,,
237216210,ROMAN CATHOLIC DIOCESE OF LIEGE,,LIEGE,BELGIUM,,00000-0000,0000,03,3,7000,197301,2,10,029000000,5,01,,0,0,06,0,12,,,,,
237221636,EVANGELICAL FREE CHURCH OF CANADA,,CALGARY,CANADA,,00000-0000,0000,03,3,7000,197207,4,10,001029000,1,01,,0,0,06,0,12,,,,,
237222740,PSI FOUNDATION,% SAMUEL MOORE,TORONTO ONTARIO M4C 5R4,CANADA,,00000-0000,0000,03,3,1000,198707,4,04,911602162,1,01,202412,9,7,00,1,12,105176586,6538666,,,
237225198,DARWIN COLLEGE CAMBRIDGE UK,,CAMBRIDGE CB3 9EU,UNITED KINGDOM,,00000-0000,0000,03,3,1000,197305,2,09,998000000,2,01,202506,0,0,02,0,06,0,0,0,,
237225998,SYNOD OF THE DIOCESE OF NIAGARA,,HAMILTON,CANADA,,00000-0000,0000,03,3,7000,197210,4,10,029000000,1,01,,0,0,06,0,12,,,,,
237226027,PAKISTANI LUTHERAN CHURCH,% BISHOP MANZAL,MARDAN,W PAKISTAN,,00000-0000,0000,03,3,7000,197301,2,10,001000000,1,01,,0,0,06,0,12,,,,,
237226033,INSTITUT PASTEUR,,PARIS 75015,FRANCE,,00000-0000,0000,03,3,1000,197505,2,15,059000000,1,01,202512,9,9,01,0,12,1605929544,490767999,409245392,,
237226533,UNION DEGLISES BAPTISTES FRANCAISES AU CANADA,,MONTREAL,CANADA,,00000-0000,0000,03,3,7000,197211,4,10,001000000,1,01,,0,0,06,0,12,,,,,
237229877,TRUSTEES OF THE PRESBYTERIAN CHURCH IN IRELAND,,BELFAST,IRELAND,,00000-0000,0000,03,3,7000,197210,2,10,001000000,1,01,,0,0,06,0,12,,,,,
237247277,SOUTHEASTERN MENNONITE CONFERENCE INC,,HC 1 BOX 3321,FLORIDA,PR,00650-9506,0000,03,3,7000,197308,1,10,001000000,1,01,,0,0,06,0,06,,,,,
237253795,BISHOPS UNIVERSITY FOUNDATION,% ISABELLE GOYETTE,SHERBROOKE QUEBEC J1M 1Z7,CANADA,,00000-0000,0000,03,3,1200,197302,4,17,059927000,1,01,202504,9,8,01,0,04,67089203,11780054,8855740,B43I,
237254561,JEWISH AGENCY FOR ISRAEL,,JERUSALEM FC 91000,ISRAEL,,00000-0000,0000,03,3,1000,194809,2,15,561382029,5,01,202412,9,9,01,0,12,1308760000,515416779,455512779,,
237254943,ROME FESTIVAL ORCHESTRA LTD,,1COND PLAYA AZUL 1 1303,LUQUILLO,PR,00773-0000,0000,03,3,2100,197303,1,11,030000000,1,01,202412,4,4,01,0,12,163255,390918,95832,A68Z,
237259899,INTEGRAL DE LOIZA CONCILIODE SALUD,,PO BOX 509,LOIZA,PR,00772-0509,0000,03,3,1000,197312,1,15,998000000,1,01,202306,9,9,01,0,06,89328769,58681999,58681999,,
237259907,ESK-OMI MISSION INC,,ST NORBERT MANITOBA R3V 1L6,CANADA,,00000-0000,0000,03,3,1000,197304,4,16,029927000,1,01,202512,0,0,02,0,12,0,0,0,P28Z,
237282005,DISABLED AMERICAN VETERANS,% DOMINGO OQUENDO VELEZ,PO BOX 66,MERCEDITA,PR,00715-0066,0557,04,9,3000,194206,1,00,908279265,5,01,202506,0,0,02,0,06,0,0,0,,4 PONCE
237282007,DISABLED AMERICAN VETERANS,% STEVEN A VELEZ,PO BOX 2506,SAN GERMAN,PR,00683-2506,0557,04,9,3000,194206,1,00,908279265,5,01,202606,0,0,02,0,06,0,0,0,,6 MAYAGUEZ
237282008,DISABLED AMERICAN VETERANS,% JUAN LOZANO,PO BOX 266,PUERTO REAL,PR,00740-0266,0557,04,9,3000,194206,1,00,908279265,5,01,202606,0,0,02,0,06,0,0,0,,7 FAJARDO
237282009,DISABLED AMERICAN VETERANS,% JIMMY DELUCCA,14 CALLE ESPERANZA,ARROYO,PR,00714-0000,0557,04,9,3000,194206,2,00,264927160,5,01,202506,0,0,02,0,06,0,0,0,,8 ARROYO
237282012,DISABLED AMERICAN VETERANS,% WILFREDO L ARROYO,7 CALLE LOS ANGELES,ARECIBO,PR,00612-5479,0557,04,9,3000,194206,1,00,264927160,2,01,202506,0,0,02,0,06,0,0,0,W24,11 SGT A BERMUDEZ
237282028,KINGSWOOD UNIVERSITY,% DR STEPHEN J LENNOX PRES,SUSSEX E4E1E6,CANADA,,00000-0000,2079,03,9,7200,197005,1,10,601030000,5,01,,7,6,06,0,06,,,,B42,
237282029,HALF MOON BAY FOUNDATION,% VICKI LEAKEY C G A,GANANOQUE ON K7G 2V5,CANADA,,00000-0000,0000,03,3,1700,197304,4,10,001000000,1,01,,0,0,02,0,12,,,,,
237283520,SOUTH SHORE COMMUNITY SERVICE ASSOCIATION,,CHESTER NOVA SCOTIA B0J1J0,CANADA,,00000-0000,0000,03,3,2100,197305,4,11,046030160,5,01,202503,7,6,01,0,03,6834540,4118594,4118594,P82Z,
237285905,HEBREW UNIVERSITY ASSOCIATION JERUSALEM PALESTINE,% YANIV COHEN,JERUSALEM 91000,ISRAEL,,00000-0000,0000,03,3,1000,193802,4,11,059000000,5,01,202509,9,9,01,0,09,3594914000,1055254078,1055254078,B430,HEBREW UNIVERSITY OF JERUSALEM
237303703,INTERNATIONAL WATER RESOURCES ASSOCIATION INC,% TREASURER IWRA,PARIS 75008,FRANCE,,00000-0000,0000,03,3,1000,198804,1,16,199000000,1,01,202412,4,4,01,0,12,186016,145395,145395,C032,
237311301,EMMANUEL COLLEGE,% MICHAEL GROSS,CAMBRIDGE CB2 3AP,UNITED KINGDOM,,00000-0000,0000,03,3,2000,200902,2,11,030000000,5,01,202507,9,8,01,0,07,576582220,35632960,35632960,B42,
237320162,SAINT VINCENTS HOME,% LAWRENCE SMITH,ZAPOPAN JALISCO 45080,MEXICO,,00000-0000,0000,03,3,7000,197310,1,10,001000000,1,01,,0,0,06,0,12,,,,,APDO POSTAL 39-181
237320169,ASIAN VEGETABLE RESEARCH AND DEVELOPMENT CENTER ASVEG,,SHANHUA TAINAN 74199,TAIWAN,,00000-0000,0000,03,3,8000,197310,2,15,161180911,5,01,202512,8,8,01,0,12,18465452,28135687,28135687,,
237320915,UNITED STEELWORKERS,% DORALIS VAZQUEZ,P O BOX 6686,PONCE,PR,00733-0000,0260,05,9,3000,194012,2,00,263264279,5,01,202512,0,0,02,0,12,0,0,0,,08198 LOCAL
237322865,ALPHA PI MU ASSOCIATION,% MAYRA MENDEZ,400 CALLE MARGINAL ST 2 PMB 128,SABANA GRANDE,PR,00637-0000,1085,03,9,2000,199401,2,16,036000000,5,01,202512,0,0,02,0,12,0,0,0,,PUERTO RICO CHAPTER
237327231,EVANGELICAL LUTHERAN CHURCH OF CANADA,,SASKATOON,CANADA,,00000-0000,0000,03,3,7000,197312,4,10,001000000,1,01,,0,0,06,0,01,,,,,
237327232,ST ANDREWS AMERICAN CHURCH,,ATHENS 15669,GREECE,,00000-0000,0000,03,3,7000,197312,2,10,001000000,1,01,,0,0,06,0,12,,,,,
237327757,CROSSROADS GOSPEL ASSOCIATION INC,% CROSSROADS BIBLE CHURCH,BALBOA-ANCON,REPUBLIC OF PANAMA,,00000-0000,0000,03,3,7000,197312,2,10,001000000,1,01,,0,0,06,0,12,,,,,
237327860,BOY SCOUTS OF AMERICA,,OPC 557 BOX 80,FPO,AP,96371-0000,1761,03,9,1200,196511,1,15,059328908,5,01,202412,6,6,01,0,12,2376943,1324307,1192829,,803 FAR EAST COUNCIL
237328457,NOBEL FOUNDATION,% BARRY J HART ESQ K&L GATES LLP,STOCKHOLM SE-102 45,SWEDEN,,00000-0000,0000,03,3,2800,195204,2,15,914199059,5,01,202412,9,8,01,0,12,383275825,27106928,22380911,,
237334441,MORAVIAN CHURCH VIRGIN ISLAND CONFERENCE,,PO BOX 869,CHRISTIANSTED,VI,00821-0869,0000,03,3,7000,201009,1,10,000000000,1,01,,0,0,06,0,12,,,,X20,
237341852,AMERICAN POSTAL WORKERS UNION,,PO BOX 788,KINGSHILL,VI,00851-0788,2474,05,9,3000,197311,2,00,263279000,5,01,202512,0,0,02,0,12,0,0,0,,6176 VIRGIN ISLAND AREA LOCAL
237344366,MONTSERRAT FOUNDATION INC,% WILLIAM ANDERSON WHITE ESQ,PALM LOOP MSR1330,MONTSERRAT,,00000-0000,0000,03,3,1000,201305,1,15,602561000,1,01,202512,0,0,02,0,12,0,0,0,M20,
237348742,TRANSPLANTATION SOCIETY,% DENISE RAINVILLE,MONTREAL QUEBEC H3X3X6,CANADA,,00000-0000,0000,03,3,2000,197402,4,15,161180000,1,01,202412,8,7,01,0,12,13757084,5438945,4888511,G90Z,
237352551,DISABLED AMERICAN VETERANS,% RODNEY FERRER,1700 AVE JESUS T PINERO STE 180,SAN JUAN,PR,00921-1280,0557,04,9,3000,194206,1,00,264927160,5,01,202506,4,3,01,0,06,207926,88310,88310,,DEPT OF PUERTO RICO
237357706,ST CROIX ANIMAL WELFARE CENTER INC,% NANCY WALLACE,PO BOX 4405,KINGSHILL,VI,00851-4405,0000,03,3,1400,201506,1,15,913911059,1,01,202412,5,6,01,0,12,999906,1645291,1645291,D20,
237360926,VANCOUVER MANDARIN CHURCH,,VANCOUVER,CANADA,,00000-0000,0000,03,3,7000,197403,4,10,001000000,1,01,,0,0,06,0,12,,,,,
237361922,ASSOCIATION FOR IRANIAN STUDIES INC,% RIVANNE SANDLER,TORONTO ONTARIO M5S 1C1,CANADA,,00000-0000,0000,03,3,2000,197404,1,16,059000000,1,01,202509,4,3,01,0,09,367989,90301,90301,,
237409172,CARIBBEAN UNIVERSITY,,PO BOX 493,BAYAMON,PR,00960-0493,0000,03,3,2000,197411,1,11,030059149,1,01,202506,9,8,01,0,06,50721603,15334967,15334967,,
237409585,UNITED STEELWORKERS,% CORY KING,PO BOX 1113,CHRISTIANSTED,VI,00821-1113,0260,05,9,3000,194012,2,00,263264279,5,01,202512,5,3,01,0,12,637437,76080,76080,,08248 LOCAL
237415898,UNION ROAD VOLUNTEER FIRE DEPARTMENT INC,% JOSH WATTS,GASTONIA,AFGHANISTAN,,00000-0000,0000,04,3,3000,198005,1,00,407000000,1,01,202512,6,5,01,0,12,1045753,821558,821558,,
237417838,UNITED STEELWORKERS,% VEDIA ELIZEE,PO BOX 1436,ST THOMAS,VI,00804-1436,0260,05,9,3000,194012,2,00,263059269,1,01,202512,4,4,01,0,12,433405,126998,126998,,08249 LOCAL
237425454,OBELISK TEMPLE NO 187 ANCIENT EGYPT IAN ARABIC ORDER NOBLES MYSTIC SHR,% OBELISK TEMPLE 187,OPC 559 BOX 92,FPO,AP,96377-0000,0000,08,3,1000,202607,1,00,036319482,1,01,,1,2,02,0,12,,,,Y41,187 OBELISK TEMPLE
237442567,INTERNATIONAL CROPS RESEARCH INSTITUTE FOR THE SEMI-ARID TROPIC,,MEDAK DISTRICT TELANGANA,INDIA,,00000-0000,0000,03,3,1000,197408,2,15,199000000,1,01,202312,9,8,01,0,12,54373266,47095361,47095361,Q310,
237442980,ISRAEL RODRIGUEZ EVANGELISTIC ASSOCIATION INC,,PO BOX 41142,SANTURCE,PR,00940-1142,0000,03,3,7000,197503,1,10,001000000,1,02,,0,0,06,0,12,,,,,
237447563,EMMANUEL BAPTIST CHURCH,,PO BOX 1180,FPO,AP,96642-0000,0000,03,3,7190,197504,1,10,001029000,1,01,,0,0,06,0,12,,,,,
237457205,AMERICAN FEDERATION OF GOVERNMENT EMPLOYEES,% RICARDO RODRIGUEZ,PO BOX 583,FLORIDA,PR,00650-0583,0194,05,9,3000,194010,2,00,263264265,5,01,202512,0,0,02,0,12,0,0,0,,3408 AFGE-USDA LOCAL
237507934,INTERNATIONAL ORDER OF THE RAINBOW GIRLS,% CHERYL BRODBECK,YARDLEY PA 19067,AFGHANISTAN,,00000-0000,5329,03,9,1000,197211,1,15,036279000,5,01,202505,0,0,02,0,05,0,0,0,,107 MORRISVILLE ASSEMBLY
237509315,ORDER OF THE EASTERN STAR OF FLORIDA,% DOROTHY FOLTZ,LARGO FLORIDA 33770,PAKISTAN,,00000-0000,0408,08,9,1000,197209,2,00,999000000,5,01,202602,0,0,02,0,02,0,0,0,,241 GULF BEACH
237539114,ORDER OF THE EASTERN STAR OF NEBRASKA,% ASHLEY BAXENDALE,KIMBALL 69145,NIUE,,00000-0000,0550,08,9,1000,197209,1,00,602561000,5,01,202512,0,0,02,0,12,0,0,0,,0262 TRUTH CHAPTER
237539652,ASSOCIATION OF CAMPS FARTHEST OUT INC,% KATHLEEN JACOBSE,"QUESNEL,BC,42J 6C6",CANADA,,00000-0000,1452,03,9,7000,195904,1,16,029000000,5,01,,0,0,02,0,12,,,,,CANADA BRITISH COLUMBIA MAINLAND
237546901,MSGR PATRICK R DUNIGAN ASSEMBLY NO 510 KNIGHTS OF COLUMBUS,% CHARLES T LOADER,BURTON MICHIGAN 48529,AFGHANISTAN,,00000-0000,0000,08,3,1000,201302,1,00,036029265,5,01,202512,0,0,02,0,12,0,0,0,Y40,
237576719,VALLEY OF SEOUL ORIENT OF JAPAN AND KOREA ANCIENT & ACCEPTED SCOTTISH,% WILLIAM MICHAEL ALEXANDER,PSC 400 BOX 192,APO,AP,96273-0002,0000,10,3,1000,201207,1,00,030059902,5,01,202512,0,0,02,0,12,0,0,0,,
237576720,ANCIENT & ACCEPTED SCOTTISH RITE OF FREE MASONRY SO JURIS USA,% TOKYO MASONIC CENTER,MINATO KU TOKYO 105-0011,JAPAN,,00000-0000,0095,10,9,1000,197210,1,00,030059902,5,01,202512,0,0,02,0,12,0,0,0,,VALLEY OF TOKYO & COORD BODIES
237576728,ANCIENT & ACCEPTED SCOTTISH RITE OF FREE MASONRY SOUTHERN JURISDICTION,,PO BOX 2638,GUAYAMA,PR,00785-2638,0095,10,9,1000,197210,1,00,030059902,5,01,202512,0,0,02,0,12,0,0,0,,VALLEY OF CAYEY
237576729,ANCIENT & ACCEPTED SCOTTISH RITE OF FREE MASONRY SO JURIS USA,% CARLOS R RIOS-HERNANDEZ,PO BOX 564,PUERTO REAL,PR,00740-0564,0095,10,9,1000,197210,1,00,030059902,5,01,202512,0,0,02,0,12,0,0,0,,VALLEY OF HUMACAO
237576731,ANCIENT & ACCEPTED SCOTTISH RITE OF FREE MASONRY SO JURIS USA,% ANTONIO SOTO S,PO BOX 153,CABO ROJO,PR,00623-0153,0095,10,9,1000,197210,1,00,030059902,5,01,202512,0,0,02,0,12,0,0,0,,VALLEY OF MAYAGUEZ
237576732,ANCIENT & ACCEPTED SCOTTISH RITE OF FREE MASONRY SO JURIS OF USA,% BENILDA VELEZ VELEZ,PO BOX 545,YAUCO,PR,00698-0545,0095,10,9,1000,197210,1,00,030059902,5,01,202512,0,0,02,0,12,0,0,0,,VALLEY OF PONCE
237576733,ANCIENT & ACCEPTED SCOTTISH RITE OF FREE MASONRY SO JURIS USA,% JOSE J GARCIA-VAZQUEZ,PO BOX 362095,SAN JUAN,PR,00936-2095,0095,10,9,1000,197210,1,00,030059902,5,01,202512,0,0,02,0,12,0,0,0,,VALLEY OF SAN JUAN
237576739,ANCIENT & ACCEPTED SCOTTISH RITE OF FREE MASONRY SO JURIS USA,% JUAN A PARDO-MORAN,202B CIRCULO C BASE RAMEY,AGUADILLA,PR,00603-0000,0095,10,9,1000,194009,1,00,030059902,5,01,202512,0,0,02,0,12,0,0,0,,VALLEY OF ARECIBO
237576740,ANCIENT & ACCEPTED SCOTTISH RITE OF FREE MASONRY SOUTHERN JURISDICTION,,PO BOX 2011,CAGUAS,PR,00726-2011,0095,10,9,1000,197210,1,00,030059902,5,01,202512,0,0,02,0,12,0,0,0,,VALLEY OF CAGUAS
237576743,ANCIENT & ACCEPTED SCOTTISH RITE OF FREE MASONRY SO JURIS USA,,TAIPEI CITY ROC,TAIWAN,,00000-0000,0095,10,9,1000,197210,1,00,030059902,5,01,,0,0,02,0,12,,,,,VALLEY OF TAIPEI
237580524,FAIRFIELD CHAPTER 41 OES,% IRA CATHERINE LEWIS,PINEVIEW GEORGIA 31071,GEORGIA,,00000-0000,0000,08,3,1000,201910,1,00,040319000,5,01,202505,0,0,02,0,05,0,0,0,Y40,
251501364,FLYING MEDICAL SERVICE INC,,ARUSHA TANZANIA,EAST AFRICA,,00000-0000,0000,03,3,7000,198601,1,15,560158000,1,01,,0,0,13,0,12,,,,,
251687912,UNITED STEELWORKERS,% JORGE NIEVES,243 CALLE PARIS PMB 1726,SAN JUAN,PR,00917-3632,0260,05,9,3000,000000,0,00,000000000,0,01,202512,0,0,02,0,12,0,0,0,,09314 LOCAL
251696362,TOASTMASTERS INTERNATIONAL,% MERCER COUNTY TOASTMASTERS CLUB,MISAWA SHI 033-0,JAPAN,,00000-0000,0820,03,9,2000,194505,1,16,000000000,5,01,202512,0,0,02,0,12,0,0,0,,9057 MERCER COUNTY TOASTMASTERS CLU
251720801,WORLD ASSOCIATION OF SOCIETIES OF PATHOLOGY AND LABORTORY MEDICI,% DR OELLERICH,MILANO 20159,ITALY,,00000-0000,0000,06,3,1000,200109,2,00,000000000,1,01,202412,5,4,01,0,12,820209,125807,125807,S41,
260032593,IGLESIA CRISTIANA CASA DE ORACION Y ADORACION,% LUGO BARRIOS LEIDA,CALLE FRANCISCO MARIANO QUINONEZ,SAN GERMAN,PR,00683-0000,0000,03,3,7000,200305,1,10,000000000,1,01,,0,0,06,0,12,,,,X20,
260089814,SIGMA GAMMA RHO SORORITY INC,% WANDA L DOWLING,KINGSHILL 00850,BRITISH VIRGIN ISLANDS,,00000-0000,0000,07,3,1000,202111,2,00,036319034,1,01,202506,0,0,02,0,06,0,0,0,B83,ZETA UPSILON SIGMA
260122103,HINDU TEMPLE AND COMMUNITY CENTER OF GEORGIA INC,% MS PARVATHI SIVANADIYAN,COIMBATORE 641009,INDIA,,00000-0000,0000,03,3,7000,200605,1,10,000000000,1,01,,0,0,06,0,12,,,,X21,
260383832,CCCS IERUSALEMA FOU,% SAMASONI KUPA,PO BOX 997975,PAGO PAGO,AS,96799-6308,0000,03,3,1237,202507,1,16,000000000,5,01,,0,0,02,0,12,,,,X21,
260438681,TEEN CHALLENGE AMERICAN SAMOA,,PAGO PAGO AMERICAN SAMOA 96799,AUSTRALIA,,00000-0000,0000,03,3,1245,201505,1,15,000000000,1,01,202412,0,0,02,0,12,0,0,0,X80,TEEN CHALLENGE
260480062,BURMESE REFUGEE PROJECT INC,% PETER MUENNIG,NEW YORK NEW YORK 10032,THAILAND,,00000-0000,0000,03,3,1000,200810,1,15,000000000,1,01,202406,0,0,02,0,06,0,0,0,Q33,
260497773,WINNIPEG FOUNDATION USA,% CT CORPORATION SYSTEM INC,WINNIPEG MB R3B 0X3,CANADA,,00000-0000,0000,03,3,1000,200804,4,17,000000000,1,01,202512,1,4,01,0,12,4049,303854,303854,Q112,
260847027,CAMPUS CRUSADE FOR CHRIST INC,% SALLY HAUER,"LANGLEY BC,V2Y 1N5",CANADA,,00000-0000,3864,03,9,7000,200207,2,15,000000000,5,01,,0,0,13,0,08,,,,,POWER TO CHANGE INTERNATIONAL INC
261241880,XU-CHEN FAMILY FOUNDATION,% FEI LUI,CENTRE PARKHYATT RESIDENCE BEIJING,CHINA,,00000-0000,0000,03,3,1000,200807,2,04,000000000,1,01,202412,6,3,00,1,12,1161869,40632,,T20,
261291618,TYNDALE ASSOCIATION FOR CHRISTIAN EDUCATION,% JOANNA ROYAL,TORONTO ON M2M 3S4,CANADA,,00000-0000,0000,03,3,2100,201003,1,15,000000000,1,01,202512,0,0,02,0,12,0,0,0,B84,
261555083,ARK HALL MINISTRIES,% REVEREND LUIS OCASIO,HC 3 BOX 18093,LAJAS,PR,00667-9650,0000,03,3,7200,200904,1,10,000000000,1,01,,0,0,06,0,12,,,,X20,
261851238,FRIENDS OF THE UNIVERSITY OF WINDSOR,% JENIFER GRITKE,WINDSOR ONTARIO N9B 3P4,CANADA,,00000-0000,0000,03,3,1000,201603,1,15,000000000,1,01,202504,1,5,01,0,04,1850,528098,528098,B11,
262308632,INTERNATIONAL THEOSOPHY CONFERENCES INC,% DAVID M GROSSMAN,HAGUE 2573 ED,NETHERLANDS,,00000-0000,0000,03,3,2000,201008,1,16,000000000,1,01,202412,0,0,02,0,12,0,0,0,B99,ITC
262633300,BAVUBUKA FOUNDATION,% FIONA BALABYEKKUBO,NEW WESTMINSTER BC V3M6B6,CANADA,,00000-0000,0000,03,3,1200,200905,1,15,000000000,1,01,202312,0,0,02,0,12,0,0,0,A68,
262768195,OMNILOGY INC,% APRIL DEQUITO,CEBU CEBU 6000,PHILIPPINES,,00000-0000,0000,03,3,1000,200906,1,15,000000000,1,01,202306,0,0,02,0,06,0,0,0,Q33,
262928247,COLORECTAL CANCER ASSOCIATION OF AMERICA,% BARRY STEIN,WESTMOUNT QUEBEC H3Z 2P9,CANADA,,00000-0000,0000,03,3,1000,200811,4,15,000000000,1,01,202606,0,0,02,0,06,0,0,0,E70,
262944858,TA TONG BROTHERHOOD FOUNDATION,% WILLIAM CHANG,ALHAMBRA 91801,AFGHANISTAN,,00000-0000,0000,03,3,2000,200906,1,15,000000000,1,01,202605,0,0,02,0,05,0,0,0,S03,
262998063,LEROY JEFFERSON WILLIAMS JR FOUNDATION INC,% ELLERY WILLIAMS,PSC 475 BOX 1452,FPO,AP,96350-1452,0000,03,3,1000,200905,1,15,000000000,1,01,202412,0,0,02,0,12,0,0,0,H12,
263234632,AMERICAN SAMOA ASSOCIATION OF PADDLERS,,PO BOX 6274,PAGO PAGO,AS,96799-6274,0000,03,3,1000,201510,1,15,000000000,1,01,202512,0,0,02,0,12,0,0,0,N67,
263644955,HEART FOR MALAWI,% JACENTA BRANDON,LILONGWE TN 37027,MALAWI,,00000-0000,0000,03,3,1700,201510,1,15,000000000,1,01,202512,0,0,02,0,12,0,0,0,X20,
263884441,ROCHESTER KNIGHTHAWKS AMERKS CHARITABLE FOUNDATION INC,,HAGERSVILLE ONTARIO N0A1H0,CANADA,,00000-0000,0000,03,3,1000,200903,1,15,000000000,1,01,202412,0,0,02,0,12,0,0,0,T30,
264220253,INTERNATIONAL MYELOMA SOCIETY,% LISA SIKKINK,CAMBRIDGESHIRE CB63DE,UNITED KINGDOM,,00000-0000,0000,03,3,2000,200905,1,16,000000000,1,01,202412,8,8,01,0,12,10780552,11815468,11815468,H30,
264294597,AIR FORCE SERGEANTS ASSOCIATION,% THOMAS D WILLIAMS,PSC 112 BOX 134,APO,AE,09717-0002,1758,19,9,1000,197205,2,00,000000000,5,01,,0,0,02,0,12,,,,,1661 CHAPTER
264450732,FOUNDATION FOR COMMUNICATION OF CHRISTIAN FAITH AND CULTURE,% MONSIGNOR DESMOND DILLON,BURBANK WA 99323,AFGHANISTAN,,00000-0000,0000,03,3,7210,201201,1,15,000000000,1,01,202512,0,0,02,0,12,0,0,0,X20,
264577639,AMERICAN FRIENDS OF SENTEBALE FOUNDATION,% GARY S PARKER,LONDON W1T 1QL,UNITED KINGDOM,,00000-0000,0000,03,3,1000,200905,1,15,000000000,1,01,202412,5,6,01,0,12,978648,1830621,1830621,Q33,
264671972,ROCKVILLE CONCERT BAND INC,% MERLE BIGGIN,ROCKVILLE MARYLAND 20853,ALGERIA,,00000-0000,0000,03,3,1000,201004,1,15,000000000,1,01,202512,0,0,02,0,12,0,0,0,A68,ROCKVILLE CONCERT BAND
264751198,CASTANER DIGITAL INC,% RICHARD GROFF,PO BOX 4,CASTANER,PR,00631-0000,0000,03,3,1200,201206,1,15,000000000,1,01,202304,0,0,02,0,04,0,0,0,A80,
266641110,VEBA INC VEBA TR,% FOUR SEASONS,TORONTO ON M3C 2K8,CANADA,,00000-0000,0000,09,3,1000,200511,2,00,000000000,1,01,202412,8,9,01,0,12,10626080,73660391,73660391,,
270193086,MEMBER CARE ASSOCIATES INC,% KELLY ODONNELL,WATERFORD CONNECTICUT 06385,FRANCE,,00000-0000,0000,03,3,1000,201001,1,15,000000000,1,01,202512,0,0,02,0,12,0,0,0,P20,
270214011,AMERICAN MUSEUM IN BATH,% MARK HARANZO,BATH ENGLAND BA27BD,UNITED KINGDOM,,00000-0000,0000,03,3,2000,200906,2,16,000000000,1,01,202412,8,6,01,0,12,23797344,4196409,2844003,A50,
270260235,WILLIAM AND MARY SINGER FAMILY FOUNDATION,% WILLIAM H SINGER,MISSISSAUGA ON L5R3Z5,CANADA,,00000-0000,0000,03,3,1200,201002,1,04,000000000,1,01,202512,6,6,00,1,12,2428811,2275314,,T20,
270827550,CAYE CAULKER HUMANE SOCIETY LIMITED,% AMANDA BADGER,CAYE CAULKER BELIZE,BELIZE,,00000-0000,0000,03,3,1400,201009,1,15,000000000,1,01,202512,0,0,02,0,12,0,0,0,D20,
271188313,GORDON COMMUNITY AND CULTURAL CENTER,% JANICE FAYE CARR,ABBEVILLE 38601,PORTUGAL,,00000-0000,0000,03,3,2000,201007,1,15,000000000,1,01,202512,0,0,02,0,12,0,0,0,A99,
271227674,HUO FAMILY FOUNDATION,% XUE FANG WITHERS LLP,LONDON EC4M 7AN,UNITED KINGDOM,,00000-0000,0000,03,3,2000,201004,2,04,000000000,1,01,202412,9,9,00,1,12,248374779,59737660,,B12,
271259560,CLARENDON CHARITABLE CORPORATION,% MARGARET RYDER,WEST CANTERBURY CT2 7JZ,UNITED KINGDOM,,00000-0000,0000,03,3,1000,202511,1,04,000000000,1,01,202007,4,2,00,1,07,371889,22732,,X82,
271270656,HARBOURFRONT CENTRE FOUNDATION,% WENDY VOSBERG,TORONTO ONTARIO M5J 2G8,CANADA,,00000-0000,0000,03,3,1000,201505,1,15,000000000,1,01,202503,0,0,02,0,03,0,0,0,A11,
271389628,PERSONAL PHILANTHROPY,% JIL HELLMANN REGOUBY,OSNABRUECK LOWER SAXONY 49078,GERMANY,,00000-0000,0000,03,3,1200,201006,1,15,000000000,1,01,202412,1,3,01,0,12,5986,55552,55552,P20,
271508704,LIMBO UP FOUNDATION INC,% ANGELO MARIANI,PAGET PG01,BERMUDA,,00000-0000,0000,03,3,2000,201109,1,03,000000000,1,01,202411,6,4,00,1,11,3966155,167763,,B70,
271785415,SPORT CHANGES LIFE FOUNDATION,,BELFAST BT41EY,UNITED KINGDOM,,00000-0000,0000,03,3,2000,201010,1,15,000000000,1,01,202312,0,0,02,0,12,0,0,0,B82,
271934087,GOOD SAMARITAN FOUNDATION OF HAITI INC,% AMANDA L THODY,606 LITTLE LA GRANGE,FREDERIKSTED,VI,00840-3794,0000,03,3,1000,201101,1,15,000000000,1,01,202412,4,5,01,0,12,478349,675209,675209,T30,
271982987,JUST FOR HIM-J4H-MINISTRY,% MICHELE JOHNSON,PSC 10 BOX 101,APO,AE,09142-0002,0000,03,3,1700,201111,1,15,000000000,5,01,202412,0,0,02,0,12,0,0,0,X20,
272076305,PCA PRODUCT STEWARDSHIP INC,% PRODUCT CARE ASSOCIATION,VANCOUVER BC V5Y 3P2,CANADA,,00000-0000,0000,03,3,1000,201009,1,16,000000000,1,01,202412,6,6,01,0,12,1986174,1578685,1578685,C27,
272086203,EMANUEL YOUTH MISSION INC,% JOHN CLARKSON,SHIPMAN 22971,AFGHANISTAN,,00000-0000,0000,03,3,1200,201106,1,15,000000000,1,01,202512,0,0,02,0,12,0,0,0,Q33,
272515889,SOCIETE MAXCEN-MATH MAXCEN-MATH SOCIETY,% 172 RUE DE BERRI APT 3,POINTE CLAIRE QC H9R5W5,CANADA,,00000-0000,0000,03,3,2100,201104,4,15,000000000,1,01,202512,3,3,01,0,12,99029,99029,99029,B90,
272619588,TUSOTO LIFESTYLE FOUNDATION INC,,PO BOX 7425,ST THOMAS,VI,00801-0425,0000,03,3,1200,201609,1,15,000000000,1,01,202412,0,0,02,0,12,0,0,0,S20,
272872925,HINDU TEMPLE OF OHIO INC,% MS PARVATHI SIVANADIYAN,COIMBATORE 641009,INDIA,,00000-0000,0000,03,3,7000,201008,1,10,000000000,1,01,,0,0,06,0,12,,,,X70,
272951226,LIGHT OF THE WORLD URBAN EMPOWERMENT CORPORATION,% MARTIN JAKES SR,EAST POINT GA 30344-4913,GEORGIA,,00000-0000,0000,03,3,1200,202204,1,15,000000000,1,01,202512,0,0,02,0,12,0,0,0,S20,
273661758,BULLY BABY RESCUE INC,% MARYELLEN AMBROSI,6953 LA VALLEE,KINGSHILL,VI,00850-9924,0000,03,3,1000,201106,1,15,000000000,1,01,202602,0,0,02,0,02,0,0,0,D20,
273792922,GUARDIAN ANGEL ANIMAL SHELTER HOME FOR THE UNWANTED,,PO BOX 1725,LARES,PR,00669-1725,0000,03,3,1000,201410,1,15,000000000,1,01,202512,0,0,02,0,12,0,0,0,D20,
274533508,YWJ ENTERPRISES,% JUAN M BORGE,URB PASEO SOL Y MAR 623 CALLE PERLA,JUANA DIAZ,PR,00795-0000,0000,03,3,7000,201501,1,10,000000000,1,01,,0,0,06,0,12,,,,X20,
275158782,GARY AND JEANNIE GREEN FAMILY CHARITABLE FOUNDATION INC,% GARY L GREEN,PO BOX 190,ST THOMAS,VI,00804-0190,0000,03,3,1000,201105,1,04,000000000,1,01,202512,3,4,00,1,12,90260,172501,,T90,
300002577,ASSOCIATION OF INTERNATIONAL SCHOOL IN AFRICA,% DOUGLAS M CONNELL,NAIROBI KENYA NAIROBI KENYA 00 946,KENYA,,00000-0000,0000,03,3,1000,200204,1,15,000000000,5,01,202506,6,6,01,0,06,2007188,1623911,1623911,B03,
300003094,ALOFA TUNOA SAMOA MEDICAL SUPPLY,% SANDRA G SCANLAN,PO BOX 523,PAGO PAGO,AS,96799-0523,0000,03,3,1000,200204,1,16,000000000,1,01,202512,0,0,02,0,12,0,0,0,P82,
300046081,FONDATION POUR LA SANTE REPRODUCTRICE ET LEDUCATION,% FRITZ MOISE DR,PORT AU PRINCE OUEST HT6113,HAITI,,00000-0000,0000,03,3,1000,200210,2,15,000000000,1,01,202512,4,7,01,0,12,414616,7297685,7297685,E40,FAMILIALE - FOSREF
300050801,COMMUNITY FOUNDATION OF PRINCE EDWARD ISLAND,% MANAGEMENT OF THE ORGANIZATI,CHARLOTTETOWN PE C1A1A3,CANADA,,00000-0000,0000,03,3,1200,200206,4,15,000000000,1,01,202512,0,0,02,0,12,0,0,0,B82,
300078108,RAMBAM HEALTH CORPORATION,% PATRICIA L MORRISON,HAIFA HAIFA 31096,ISRAEL,,00000-0000,0000,03,3,1000,200212,4,12,000000000,1,01,202412,9,9,01,0,12,64505671,201471180,201471180,E20,
300094019,DALHOUSIE MEDICAL RESEARCH FOUNDATION,% JEAN SLOAN,HALIFAX NOVA SCOTIA B3H 4R2,CANADA,,00000-0000,0000,03,3,1000,201702,4,15,000000000,1,01,202503,0,0,02,0,03,0,0,0,F11,
300136665,FRIENDS OF HONG KONG CHARITIES INC,,KOWLOON,HONG KONG,,00000-0000,0000,03,3,1700,200301,1,16,000000000,1,01,202412,6,7,01,0,12,1892936,6242642,6242642,X21,
300151282,SHALVA ISRAEL ASSOC TO RELIEVE THE HANDICAPPED CHILD AND FAMILY,% KALMAN SAMUELS,JERUSALEM MIDDLE EAST 9387206,ISRAEL,,00000-0000,0000,03,3,1000,200305,4,15,000000000,1,01,202412,9,8,01,0,12,78652762,29529393,29529393,P82,
300189203,AMIGOUR ASSET MANAGEMENT LTD,% PATRICIA L MORRISON,TEL AVIV ISRAEL 647340,ISRAEL,,00000-0000,0000,03,3,1000,200503,4,15,000000000,1,01,202412,8,9,01,0,12,41500128,54029231,54029231,L210,
300193723,TAYLOR COLLEGE AND SEMINARY,% JOHN RHEDERGEN CGA,EDMONTON ALBERTA T6J4T3,CANADA,,00000-0000,0000,03,3,7000,201411,4,11,000000000,1,01,,0,0,13,0,06,,,,B42,
300220168,GARY AND LORI NEIGHBOR MINISTRIES,% GARY NEIGHBOR,CHAPALA JALISCO 45907,MEXICO,,00000-0000,0000,03,3,1000,200403,1,15,000000000,1,01,202512,1,3,01,0,12,881,85665,85665,X20,
300257635,UNIVERSITY OF KINGS COLLEGE,% BONNIE SANDS,HALIFAX NS B3H 2A1,CANADA,,00000-0000,0000,03,3,2000,200412,4,11,000000000,1,01,202603,0,0,02,0,03,0,0,0,B42,
300272740,FRENCHTOWN CIVIC ORGANIZATION,,PO BOX 6132,CHARLOTTE AMA,VI,00804-6132,0000,03,3,1300,201702,1,16,000000000,1,01,202512,0,0,02,0,12,0,0,0,A50,
300279904,WORLD GREEN BUILDING COUNCIL INC,% WORLD GMB SECRETARIAT,MARKHAM ONTARIO L3R 6G2,CANADA,,00000-0000,0000,03,3,1200,200412,4,16,000000000,1,01,202412,6,7,01,0,12,3886692,6420317,6298739,C30,
300303438,MESO-AMERICAN REEF FUND,% 6TA AVENIDA 6-63 ZONA 10 EDIFICIO,GUATEMALA CITY FOREIGN COUNTRIES 01,GUATEMALA,,00000-0000,0000,03,3,1000,200503,1,15,000000000,1,01,202412,9,7,01,0,12,51356595,8719351,8719351,C32,
300308445,THE AMERICAN CHAMBER OF COMMERCE IN CHINA FUND,%,BEIJING 100027,CHINA,,00000-0000,0000,06,3,3200,200511,2,00,000000000,1,01,202412,6,0,02,0,12,2016479,0,0,S41,
300346161,INDIGENOUS PATHWAYS,% TERRY LEBLANC,MONTAGUE PE C0A1R0,CANADA,,00000-0000,0000,03,3,1000,200608,4,15,000000000,1,01,202412,3,1,02,0,12,31546,610,610,X20,
300358343,THE S A FOUNDATION-CANADA,% STEVE LAUG,VANCOUVER BC V6C 1A1,CANADA,,00000-0000,0000,03,3,1000,200611,4,15,000000000,1,01,202603,0,0,02,0,03,0,0,0,T30,
300364071,CHRISTS LOVE IN ACTION,% DEZRIC WESTON,ST MARY JAMAICA,JAMAICA,,00000-0000,0000,03,3,7000,200609,2,10,000000000,1,01,,0,0,06,0,12,,,,X21,
300419089,JERUSALEM SOCIETY FOR THE PREVENTION OF CRUELTY TO ANIMALS,% VARDA LINETT,JERUSALEM 9104001,ISRAEL,,00000-0000,0000,03,3,1400,200803,2,15,000000000,1,01,202412,4,6,01,0,12,106027,1363114,1363114,D20,
300505256,SIMON FRASER UNIVERSITY,% SARAH LEE,BURNABY BRITISH COLUMBIA V5A 1S6,CANADA,,00000-0000,0000,03,3,2000,200904,4,11,000000000,1,01,202503,9,9,01,0,03,2220493813,709067336,709067336,B43,
300515313,HARI KRISHAN PUBLICATIONS,% SURINDER DUTT SHARMA,MISSISSAUGA ON L5N1A7,CANADA,,00000-0000,0000,03,3,7000,201411,4,15,000000000,1,01,202512,7,6,01,0,12,7225533,1407274,1407274,X83,
300545486,CUSO INTERNATIONAL,,OTTAWA ONTARIO K1P 5H2,CANADA,,00000-0000,0000,03,3,1000,200904,4,15,000000000,1,01,202503,8,8,01,0,03,13865667,20191451,20191451,Q33,
300606995,MISSIONARY SISTERS OF THE IMMACULATE HEART OF MARY,% EDWARD CAVE,PO BOX 95,FREDERIKSTED,VI,00841-0095,0000,03,3,7000,201102,1,15,000000000,1,01,,0,0,13,0,10,,,,X22,
300641596,POSSIBILITIES INTERNATIONAL,% DONALD SAM WELTEN,PETROLIA ONTARIO N0N 1R0,CANADA,,00000-0000,0000,03,3,7000,201103,4,15,000000000,1,01,202512,0,0,02,0,12,0,0,0,X20,
300649251,CHANGING LIVES IN GUATEMALA INC,% WILLIAM C MCGAHAN,200 DORADO BEACH DRIVE,DORADO,PR,00646-2246,0000,03,3,1000,201012,1,15,000000000,1,01,202512,0,0,02,0,12,0,0,0,Q33,
300663961,HEALTH REACH CANADA,% 124 CANTERVILLE RD SW,CALGARY AB T2W 4R3,CANADA,,00000-0000,0000,03,3,1000,201105,4,15,000000000,1,01,202604,0,0,02,0,04,0,0,0,E70,
300766845,UNITED JAZZ FOUNDATION,% DION GARY PARSON,24-P LINDBERG BAY,ST THOMAS,VI,00802-0000,0000,03,3,1200,201508,1,15,000000000,1,01,202412,1,4,01,0,12,3696,267831,267831,A6C,
300924111,ST THOMAS ST JOHN YOUTH SCHOLASTIC CHESS CLUB INC,,PO BOX 10195,ST THOMAS,VI,00801-3195,0000,03,3,1000,201607,1,15,000000000,1,01,202512,0,0,02,0,12,0,0,0,B80,
300951043,HONOR SOCIETY OF PHI KAPPA PHI,% MONICA ARROYO,509 URB PASEO DEL VALLE,ANASCO,PR,00610-0000,3488,03,9,1000,199901,1,16,000000000,1,01,202606,0,0,02,0,06,0,0,0,B83,336 PONTIFICAL CATHOLIC UNIV OF PUE
300992605,RESTORING HOPE TO CITIES FOUNDATION,,ABBOTSFORD BC V2T 7A1,CANADA,,00000-0000,0000,03,3,1700,201711,1,15,000000000,1,01,202412,1,1,02,0,12,1013,2118,2118,X21,
301152035,SPLIT INC,% 740 NOTRE DAME O,MONTREAL QUEBEC H3C 3X6,CANADA,,00000-0000,0000,03,3,1000,202001,1,16,000000000,1,01,202412,5,3,01,0,12,733616,64540,55837,G9B,
301218167,BURMAN UNIVERITY FOUNDATION,,LACOMBE AB T4L2E5,CANADA,,00000-0000,0000,03,3,1000,202009,1,15,000000000,1,01,202512,3,3,02,0,12,39715,41389,41389,B82,
301258029,TOASTMASTERS INTERNATIONAL,% KAIROS ADVANCED,PO BOX 370088,CAYEY,PR,00737-0088,0820,03,9,2000,194505,0,16,059319000,1,01,202512,0,0,02,0,12,0,0,0,,7626626 KAIROS ADVANCED
301452421,VITAREACH FOUNDATION,,ST THOMAS,BRITISH VIRGIN ISLANDS,,00000-0000,0000,03,3,1000,202512,1,16,000000000,1,01,,0,0,02,0,12,,,,E70,
310888521,ETA PHI BETA SORORITY INC,% DR EMILY ROMAINE CARTER,7221 BOVONI HOMES,ST THOMAS,VI,00802-2505,5013,06,9,2000,197802,2,00,036041031,5,01,202508,0,0,02,0,08,0,0,0,S41,ALPHA CHI CHAPTER
310903269,FAISAL TEMPLE 192,,CMR 480 BOX GD,APO,AE,09128-0000,0000,08,3,1000,202604,1,00,032000000,1,01,,0,0,02,0,12,,,,,192 FAISAL TEMPLE
310907488,INTERNATIONAL RIGHT OF WAY ASSOCIATION,% CRAIG MUSTARD,WELLAND ONTARIO L3C 7B6,CANADA,,00000-0000,1438,06,9,2000,195812,2,00,059000000,5,01,,3,3,02,0,06,,,,,29
310907604,INTERNATIONAL RIGHT OF WAY ASSOCIATION,% JARED MCLEOD,"CALGARY,AB,T2V 2W3",CANADA,,00000-0000,1438,06,9,2000,195812,2,00,059000000,5,01,,2,3,01,0,06,,,,,48
310907606,INTERNATIONAL RIGHT OF WAY ASSOCIATION,% JEFF DICKEN,WHISTLER BC V8E OL3,CANADA,,00000-0000,1438,06,9,2000,195812,2,00,205000000,5,01,,0,0,02,0,06,,,,,54
310907607,INTERNATIONAL RIGHT OF WAY ASSOCIATION,% DAWNA LEIGH WOYTOWICH,PARKLAND COUNTY AB T7Z 1R1,CANADA,,00000-0000,1438,06,9,2000,195812,2,00,059000000,5,01,,0,0,02,0,06,,,,,62
310907608,INTERNATIONAL RIGHT OF WAY ASSOCIATION,% KENNETH TODD YOUNG,BRIDGEWATER NS B4V 1V9,CANADA,,00000-0000,1438,06,9,2000,195812,2,00,059000000,5,01,,0,0,02,0,06,,,,,65
310922542,DISABLED AMERICAN VETERANS,% HECTOR L HERNANDEZ,URB MANUEL CORCHADOS STE 71,ISABELA,PR,00662-0000,0557,04,9,3000,194206,1,00,908279265,5,01,202506,0,0,02,0,06,0,0,0,W30,21 SSGT C VELAZQUEZ
311129090,DISABLED AMERICAN VETERANS,% PEDRO J COLON AYALA,1711 CALLE 2 S O LAS LOMAS,SAN JUAN,PR,00921-0000,0557,04,9,3000,194602,1,00,908279265,5,01,202512,0,0,02,0,12,0,0,0,,1 SFC A PENA GARCIA
311178910,AMERICAN SOCIETY OF AGRICULTURAL ENGINEERS,% MEGH GOYAL,1406 BO ESPINAL,AGUADA,PR,00602-2513,5081,03,9,1000,198606,1,15,059000000,1,01,202512,0,0,02,0,12,0,0,0,,PUERTO RICO SECTION
311216785,FILIPINO AMERICAN MEMORIAL ENDOWMENT FAME INC,% ALEX KELLER,MAKATI CITY 1229,PHILIPPINES,,00000-0000,0000,03,3,1000,198801,1,15,063000000,1,01,202512,0,0,02,0,12,0,0,0,,
311254176,ACTS ONE-WAY APOSTALIC CHURCH INC,,CMR 665,APO,AE,09175-0000,0000,03,3,1000,198908,1,10,001000000,1,01,,0,0,06,0,12,,,,,
311390717,IGLESIA MISIONERA DISTRITO DE PUERTO RICO INC,,PO BOX 833,CEIBA,PR,00735-0833,2046,03,9,7000,196911,1,10,001000000,5,01,,0,0,01,0,12,,,,,
311390720,PRIMERA IEM DE ARECIBO,,9A CALLE 2,ARECIBO,PR,00612-4279,2046,03,9,7000,196911,1,10,001000000,5,01,,0,0,06,0,12,,,,,
311392381,IEM AL AMPARO DE LA ROCA,,HC 3 BOX 7935,LAS PIEDRAS,PR,00771-9348,2046,03,9,7000,196911,1,10,001000000,5,01,,0,0,06,0,12,,,,,
311425199,CASA DE RESTAURACION LA NUEVA JERUSALEN,,HC 2 BOX 22651,AGUADILLA,PR,00603-9630,2046,03,9,7000,196911,0,10,001000000,5,01,,0,0,06,0,12,,,,,
311429964,DISABLED AMERICAN VETERANS,% RHETT O WEBBER,PSC 517 BOX 3857R,FPO,AP,96517-0039,0557,04,9,3000,194206,1,00,908279265,5,01,202606,0,0,02,0,06,0,0,0,,3 T B HOUSE MEMORIAL
311483363,CENTRO DE DISCIPULADO MUNDIAL,% CENTRO DE DISCULPULADO MUNDIAL IN,PO BOX 8758,HUMACAO,PR,00792-8758,2046,03,9,7000,196911,1,10,001000000,5,01,,0,0,06,0,12,,,,,
311484039,BHUTAN TRUST FUND FOR ENVIROMENTAL CONSERVATION,,THIMPHU 11001,BHUTAN,,00000-0000,0000,04,3,1000,199701,2,00,350000000,2,01,202506,9,7,01,0,06,90069005,7417040,7417040,,
311490115,UNIVERSITE DE SHERBROOKE,,SHERBROOKE QUEBEC J1K2R1,CANADA,,00000-0000,0000,03,3,2000,200609,4,11,000000000,1,01,202504,9,9,01,0,04,1202064991,661573680,661573680,B43,
311512722,GAMING INSURANCE INTERNATIONAL LTD,% AON INSURANCE MANAGERS BERMUDA,HAMILTON HM 11,BERMUDA,,00000-0000,0000,15,1,1000,199801,2,00,253000000,1,01,200012,7,7,00,0,01,,,,,
311516051,INTERNATIONAL CENTER OF INSECT PHYSIOLOGY AND ECOLOGY,% CELIA ROADY,KENYA NAIROBI 00100,KENYA,,00000-0000,0000,03,1,1000,199708,2,15,911000000,1,01,202512,9,8,01,0,12,54805148,39329669,39329669,U50Z,
311529945,JERUSALEM FOUNDATION,% YINON OZ-ARI,JERUSALEM 9110101,ISRAEL,,00000-0000,0000,03,3,1000,199712,2,15,029000000,1,01,202312,9,9,01,0,12,111769000,81127358,52102000,T30Z,
311551644,INSTITUT EUPROPEEN D ADMINISTRATION DES AFFAIRES INSEAD,% DIANE CORNWELL,FONTAINEBLEAU FONTAINEBLEAU 77300,FRANCE,,00000-0000,0000,03,3,2000,201611,2,11,911000000,1,01,202508,9,9,01,0,08,203216048,246498677,246498677,B20,
311555189,CITY OF REFUGE INC,,PO BOX 7795,CHRISTIANSTED,VI,00823-7795,0000,03,3,7000,199804,1,10,001029000,1,01,,4,4,06,0,12,,,,X20Z,
311575449,TORAH ACADEMY OF OTTAWA,% RABBI ZISCHA SHAPS,OTTAWA ONTARIO K2C 2R5,CANADA,,00000-0000,0000,03,3,2000,199810,4,11,059000000,1,01,202512,0,0,02,0,12,0,0,0,B20Z,1879 DEVLIN CRESENT
311576136,U S FOUNDATION FOR THE UNIVERSITY OF VICTORIA,,VICTORIA BC V8P 5C2,CANADA,,00000-0000,0000,03,3,2000,199801,4,15,994059000,1,01,202503,4,5,01,0,03,162317,835461,567843,Q23,
311595144,AMERICAN INTERNATIONAL SCHOOL OF MUSCAT FOUNDATION,% LAKSHYA H DUTIA,MUSCAT 13000,OMAN,,00000-0000,0000,03,3,1000,199805,2,16,994602000,1,01,202506,0,0,02,0,06,0,0,0,T30,
311602376,WEST AFRICA RICE DEVELOPMENT ASSOCIATION,% KOEN GEERTS,ABIDJAN ABIDJAN 00000,COTE D'IVOIRE,,00000-0000,0000,03,3,1000,199905,2,15,000000000,5,01,202412,8,8,01,0,12,41690637,18218753,18218753,Q310,
311602414,AMERICAN FRIENDS OF THE CALGARY HEALTH TRUST FOUNDATION,,CALGARY ALBERTA T2G0Y3,CANADA,,00000-0000,0000,03,3,1000,199810,4,04,994602000,1,01,202503,1,1,00,1,03,1,1,,T30J,
311609982,INSTITUT FRANCO AMERICAIN,% NORMAN P ARENDS,RENNES 35000,FRANCE,,00000-0000,0000,03,3,2000,199909,2,16,000000000,1,01,202507,0,0,02,0,07,0,0,0,B99,
311621592,INTERNATIONAL VACCINE INSTITUTE,% INTERNATIONAL VACCINE INSTITUTE,SEOUL 08826,REPUBLIC OF KOREA,,00000-0000,0000,03,3,1000,199902,2,15,000000000,5,01,202412,9,9,01,0,12,101596804,68966984,68966984,Q053,
311624711,IGLESIA EVAN MIS FE Y OBRA,,PO BOX 9458,ARECIBO,PR,00613-9458,2046,03,9,7000,196911,1,10,001000000,5,01,,0,0,06,0,12,,,,,
311627616,UNIVERSITY OF MELBOURNE,% DIRECTOR OF FINANCIAL OPERATIONS,VIC 3010,AUSTRALIA,,00000-0000,0000,03,3,2000,199903,2,11,000000000,5,01,200412,0,0,14,0,12,,,,B20,
311631204,FUNDY COMMUNITY FOUNDATION,,ST ANDREWS NEW BRUNSWICK E5B 3S7,CANADA,,00000-0000,0000,03,3,1000,199903,4,15,000000000,1,01,202412,7,5,01,0,12,9879998,928995,1558021,Q12,
311631210,ST MARY ABBOTS CHURCH,,KENSINGTON LONDON W8 4HN,ENGLAND,,00000-0000,0000,03,3,7000,199903,2,10,000000000,5,01,,0,0,06,0,12,,,,X20,
311632108,NATURE TRUST OF NEW BRUNSWICK INC,% KAREN FEARNELEY,FREDERICTON NEW BRUNSWICK E3B 5A6,CANADA,,00000-0000,0000,03,3,1000,199903,4,16,000000000,1,01,202604,0,0,02,0,04,0,0,0,C20,
311672361,UNIVERSITY OF PRINCE EDWARD ISLAND FOUNDATION US INC,% TARA JUDSON CPA CA,CHARLOTTETOWN PEI C1A 4P3,CANADA,,00000-0000,0000,03,3,1000,200001,4,15,000000000,1,01,202504,0,0,02,0,04,0,0,0,B11,
311677871,FUNDACION COSTA RICA-ESTADOS UNIDOS DE AMERICA PARA LA COOPERATION,% HERMANN L FAITH,SAN PEDRO SAN JOSE 12229-1000,COSTA RICA,,00000-0000,0000,03,3,1000,200003,2,15,000000000,1,01,202412,9,4,01,0,12,77823884,450433,450433,Q30,
311681440,TIM HORTON CHILDRENS FOUNDATION INC,,ST GEORGE N0E 1N0,CANADA,,00000-0000,0000,03,3,1000,200002,4,15,000000000,1,01,202510,0,0,02,0,10,0,0,0,N20,
311681446,TIM HORTON CHILDRENS FOUNDATION US INC,% CAROLINE BARHAM,SAINT GEORGE N0E 1N0,CANADA,,00000-0000,0000,03,3,1000,200003,4,17,000000000,1,01,202410,6,6,01,0,10,1823182,2512559,2512559,P30,
311682468,UNIVERSITY OF PRINCE EDWARD ISLAND,% TIMOTHY WALKER,CHARLOTTETOWN PRINCE EDWARD ISL C1A,CANADA,,00000-0000,0000,03,3,1000,200009,4,11,000000000,1,01,202504,9,9,01,0,04,437235778,180786092,180786092,B42,
311706584,BRITISH COLUMBIS CONSERVATION FOUNDATION,% DEBORAH GIBSON,SURREY BC V3S1G3,CANADA,,00000-0000,0000,03,3,1000,200011,4,16,000000000,1,01,202603,0,0,02,0,03,0,0,0,C30,SURREY BC V35 1G3
311716989,FUNDACAO BRAVA INC,% BEACH INVESTMENT COUNSEL,SAO PAULOSP BRAZIL 01140-060,BRAZIL,,00000-0000,0000,04,3,1000,200011,2,00,000000000,1,01,202512,5,6,01,0,12,874325,3906520,3906520,T22,
311719723,HUMAN CONCERN INTERNATIONAL,% SHENEEZA KANJI,OTTAWA OTTAWA K1J 8H9,CANADA,,00000-0000,0000,03,3,1000,200012,4,15,000000000,1,01,202412,8,8,01,0,12,17945723,37873212,37873212,P20,
311726914,EZER MIZION,% CHANANYA CHOLLAK,BNEI BRAK MIDDLE EAST 5156316,ISRAEL,,00000-0000,0000,03,3,1200,200101,2,16,000000000,1,01,202412,9,9,01,0,12,69574327,153504211,145048443,P20,
311746249,FRIENDS OF THE CANADIAN FAMILY INC,% TERRENCE J ROLSTON,LANGLEY BC V2Y0J8,CANADA,,00000-0000,0000,03,3,1000,201412,1,15,000000000,1,01,202409,0,0,02,0,09,0,0,0,P46,
311746608,THE SHEKEL ASSOCIATION COMMUNITY SERVICES FOR THE DISABLED,,JERUSALEM 91530,ISRAEL,,00000-0000,0000,03,3,1000,200105,2,15,000000000,1,01,202312,8,8,01,0,12,22415775,28048370,28048370,P20,
311746708,ST CLAIR COLLEGE OF APPLIED ARTS AND TECHNOLOGY,% JOHN STRASSER,WINDSOR ONTARIO N9A 6S4,CANADA,,00000-0000,0000,03,3,1000,200105,4,11,000000000,1,01,202603,0,0,02,0,03,0,0,0,B42,
311775386,HELEN AND ERNEST SIMMONS ENVIRONMENTAL EDUCATION FUND,% PO BOX 248,PINCHER CREEK AB T0K1W0,CANADA,,00000-0000,0000,03,3,1000,200106,4,04,000000000,1,01,202412,5,3,00,1,12,803525,40656,,T22,
311775402,EL CENTRO ISLAMICO EN PUERTO RICO,% TAWFIG ABUOSBA,PO BOX 25309,SAN JUAN,PR,00928-5309,0000,03,3,7000,200111,1,10,000000000,1,01,,0,0,06,0,12,,,,X40,
311782786,FRIENDS OF TSINGHUA SEM INC,% SCHOOL OF ECONOMICS AND MANAGEMEN,TSINGHUA UNIVERSITY BEIJING 100084,CHINA,,00000-0000,0000,03,3,2000,200110,1,15,000000000,1,01,202512,9,6,01,0,12,59714441,2452941,2452941,B114,
311787865,PATH FOUNDATION PHILIPPINES INC,% JOAN REGINA L CASTRO,SALCEDO VILLAGE MAKATI CITY 1227,PHILIPPINES,,00000-0000,0000,03,3,1200,200110,2,15,000000000,1,01,202512,4,5,01,0,12,231568,579836,579836,Q33,
311797488,INTERNATIONAL FOUNDATION FOR DHARMA NATURE TIME,% DIANE BUTLER PRESIDENT,BEDULU BALI 80551,INDONESIA,,00000-0000,0000,03,3,2000,200112,1,15,000000000,1,01,202512,0,0,02,0,12,0,0,0,A23,
311799914,MICHAEL PAUL WEIN CHARITABLE FOUNDATION INC,% BORDER CROSSINGS,SAN MIGUEL ALLENDE GTO 37700,MEXICO,,00000-0000,0000,03,3,1000,200201,1,17,000000000,1,01,202306,2,1,02,0,06,14799,101,101,T20,
311804919,THE CANADIAN HOCKEY FOUNDATION US,% STEPHEN BROOKS,CALGARY ALBERTA T3B6B7,CANADA,,00000-0000,0000,03,3,2000,200203,4,15,000000000,1,01,202506,3,3,01,0,06,91803,75328,75328,N70,
316634778,JUBILO TRUST,% FASKEN MARTINEAU,VANCOUVER BCV6C 0A3,CANADA,,00000-0000,0000,03,3,1000,200008,4,04,000000000,2,01,202412,4,7,00,1,12,126306,6159756,,T20,
316646763,SURINAME CONSERVATION FOUNDATION,% MARIANNE GUERIN-MCMANUS,LOCAL,SUDAN,,00000-0000,0000,03,3,1000,200101,2,04,000000000,1,01,202412,8,7,00,1,12,14035484,7963337,,C30,
320166950,FRIENDS OF RNLI FOUNDATION,% SIMON PAYNE,LOCAL,UNITED KINGDOM,,00000-0000,0000,03,3,1000,200704,2,04,000000000,1,01,202508,1,1,00,1,08,1,1,,T112,
320454675,QUEST UNIVERSITY FOUNDATION,% FOSTER LAW GROUP PLLC,SQUAMISH BRITISH COLUMBIA V8B 0A9,CANADA,,00000-0000,0000,03,3,1000,201706,1,15,000000000,1,01,202512,0,0,02,0,12,0,0,0,B12,
320481578,1421 RESEARCH EDUCATION AND EXPLORATION FOUNDATION,,LONDON EC1R0NE,UNITED KINGDOM,,00000-0000,0000,03,3,2000,201901,1,15,000000000,1,01,202412,0,0,02,0,12,0,0,0,B99,
320569891,BELIZE NATURAL ENERGY CHARITABLE TRUST INC,,BELMOPAN BELIZE,BELIZE,,00000-0000,0000,03,3,1280,201907,1,15,000000000,1,01,202512,0,0,02,0,12,0,0,0,Q30,
320570386,KUWESA NETWORK GROUP,% S JEAN SMITH,KAIMOSI WESTERN 50305,KENYA,,00000-0000,0000,03,3,1000,201808,1,15,000000000,5,01,202406,0,0,02,0,06,0,0,0,T70,
320575037,FRIENDS OF ROYAL OTTAWA FOUNDATION INC,,OTTAWA ONTARIO K1Z 7K4,CANADA,,00000-0000,0000,03,3,1000,201903,1,15,000000000,1,01,202503,1,1,02,0,03,5446,863,863,Q11,
320588339,INTESTINAL REHABILITATION AND TRANSPLANT ASSOCIATION,% SIMON HORSLEN,MONTREAL QUEBEC H3C 3X6,CANADA,,00000-0000,0000,03,3,1280,202011,1,16,000000000,1,01,202412,5,4,01,0,12,853884,256584,252020,G03,
320605378,BUILDING SUSTAINABILITY CERTIFICATION INC,% BENJAMIN L SHINEWALD,TORONTO ONTARIO M5H 3L5,CANADA,,00000-0000,0000,06,3,2000,202211,2,00,000000000,1,01,202412,0,0,02,0,12,0,0,0,S41,
320614316,ALICE STIFTUNG ENGLISH TRANSLATION-ALICE FOUNDATION,% ERIC LOHRER,ST JAKOBS-STRASSE POSTFACH 2879,SWITZERLAND,,00000-0000,0000,03,3,1000,202008,2,04,000000000,2,01,202512,6,8,00,1,12,3275735,12404273,,T22,
320669498,FASHION MINORITY ALLIANCE INCORPORATED,% BARBARA KENNEDY-BROWN,LONDON ENGLAND EC2A 3AR,UNITED KINGDOM,,00000-0000,0000,03,3,2000,202205,1,15,000000000,1,01,202512,4,4,01,0,12,115058,148180,148180,A25,
320718500,FRIENDS OF THE JINJA EDUCATIONAL FUND,,RICKMANSWORTH,UNITED KINGDOM,,00000-0000,0000,03,3,1200,202509,1,15,000000000,1,01,202512,0,0,02,0,12,0,0,0,T99,
320719002,TOASTMASTERS INTERNATIONAL,% RISE AND SHINE TOGEHTER TSM,DRAYTON VALLEY ALBERTA T7A 1,CANADA,,00000-0000,0820,03,9,2000,194505,1,16,059319000,1,01,202512,0,0,02,0,12,0,0,0,,28675718 RISE AND SHINE TOGETHER A
320724063,0G2030,,JARDIN EXOTIQUE 980000,MONACO,,00000-0000,0000,03,3,1280,202308,1,15,000000000,1,01,202312,0,0,02,0,12,0,0,0,T50,
320797963,INTERNATIONAL MISSION TO JEWISH PEOPLE,,EYNSHAM WITNEY,UNITED KINGDOM,,00000-0000,0000,03,3,1700,202507,1,15,000000000,1,01,202503,0,0,02,0,03,0,0,0,X20,
320812153,AYINKE MARY FOUNDATION,,IBADAN OYO STATE 201104,NIGERIA,,00000-0000,0000,03,3,1000,202603,2,15,000000000,1,01,,0,0,01,0,12,,,,L99,
326567162,MAGNOLIA FOUNDATION,% TOM R S MILLON,408 COCO BEACH BLVD,RIO GRANDE,PR,00745-4021,0000,03,3,1000,202003,1,04,000000000,2,01,202412,4,3,00,1,12,375080,41342,,T22,TOM R MILLION TTEE
330640315,TENDER LOVING CARE CHILDREN MINISTRIES,% DENISE DESCHAMPS,OTTAWA ON K1K 3X5,CANADA,,00000-0000,0000,03,3,1000,199504,1,15,994006000,5,01,202312,0,0,02,0,12,0,0,0,X20Z,
330812864,DESERT HOT SPRINGS COMMUNITY TASK FORCE,% DAVID YZAGUIRRE SHEA,DESERT HOT SPRINGS CALIFORNIA CA,JAPAN,,00000-0000,0000,03,3,1000,199810,1,15,994296000,1,01,202512,0,0,02,0,12,0,0,0,S21,
331088456,IGLESIA EVANGELICAL LUTERANA BETHEL,% YVETTE SALGADO,PO BOX 950,DORADO,PR,00646-0950,9386,03,9,7000,198804,1,10,001000000,1,01,,0,0,06,0,12,,,,,
331090696,FREDERIKSTED BAPTIST CHURCH,% VICTOR EMANUEL,PO BOX 2796,FREDERIKSTED,VI,00841-2796,2269,03,9,7000,197204,1,10,001059349,5,01,,0,0,06,0,12,,,,,
331095641,PETS ARE WORTH SAVING YOKOSUKA,,TOMARICHO YOKOSUKA KANAGAWA 238-000,JAPAN,,00000-0000,0000,03,3,1240,202505,1,15,000000000,5,01,202512,2,3,02,0,12,19290,29045,4058,D60,
331102116,ZETA PHI BETA SORORITY,% KRYSTIE MCCLAIN,PSC 473 BOX 1121,FPO,AP,96349-0012,1474,07,9,1000,196001,2,00,036279040,5,01,202312,0,0,02,0,12,0,0,0,,PHI ETA ZETA
331221293,APROSAM-USA INC,% CHRISTINE GARRISON,GUATEMALA POSTAL 01001,GUATEMALA,,00000-0000,0000,03,3,1000,201408,1,04,000000000,1,01,202412,1,1,00,1,12,1,1,,Q33,
331222447,FISH FOR THE NEXT GENERATION,% ENRIQUE RAMIREZ GUIER,SAN RAFAEL HEREDIA 40501,COSTA RICA,,00000-0000,0000,03,3,2100,201211,1,15,000000000,1,01,202412,0,0,02,0,12,0,0,0,D30,
331225919,DAEGU CIVILIAN & SPOUSES CLUB,% JILL VANIMAN- PRESIDENT,19TH ESC UNIT 15015,APO,AP,96218-0000,0000,03,3,1200,201709,1,16,000000000,5,01,202505,3,3,01,0,05,51585,68324,29352,W30,DCSC AREA IV
331654528,WELCOME WAGON OF KOREA,% ATTN WWOK,DEPARTMENT OF THE ARMY 19 HRC,APO,AP,96271-0000,0000,19,3,1000,202508,1,00,000000000,5,01,,0,0,02,0,10,,,,W30,
332104922,CHABELLEY CAMEL CLUB,% GABRIELA GONZALEZ TORRES,PSC 831 BOX 0065,FPO,AE,09902-0001,0000,03,3,1000,202501,1,04,000000000,5,01,,0,0,00,1,09,,,,W30,
332606422,AFRICA MEDICAL MISSIONS & AVIATION INC,,NAMPULA NAMPULA 3100,MOZAMBIQUE,,00000-0000,0000,03,3,1000,202508,1,16,000000000,1,01,202512,0,0,02,0,12,0,0,0,E70,
332940385,BAHRAIN SCHOOL BOOSTER CLUB,,PSC 851 BOX 1694,FPO,AE,09834-0017,0000,03,3,1200,202510,1,16,000000000,5,01,,0,0,02,0,06,,,,O50,
333136145,SPANGDAHLEM FIRST SERGEANT COUNCIL,% BRETT BELLEMORE,PSC 9 BOX 3092,APO,AE,09123-0031,0000,03,3,1000,202503,1,16,000000000,5,01,202510,0,0,02,0,10,0,0,0,W30,
333305984,RIQUEZA FOUNDATION,% LEA LANDAVERDE,B21 CALLE BILBAO,BAYAMON,PR,00957-2330,0000,03,3,1200,202505,1,15,000000000,1,01,,0,0,02,0,12,,,,S80,
334206683,CVN 76 CPO MESS,% CVN 76 CPO MESS,UNIT 100197 BOX 1,FPO,AP,96616-9700,0000,03,3,1000,202506,1,16,000000000,5,01,,0,0,02,0,12,,,,Q43,
334354334,HX FOUNDATION INC,,OSLO,NORWAY,,00000-0000,0000,03,3,1000,202510,1,04,000000000,1,01,,0,0,00,1,12,,,,D31,
334422814,COFFEE WATCH FOUNDATION,,COPENHAGEN,DENMARK,,00000-0000,0000,03,3,1200,202603,1,15,000000000,1,01,,0,0,01,0,12,,,,C01,
334991581,AASHIANNA CHARIATABLE TRUST INC,% MOHAMMED FAROOQ,BANGALORE KARNATAKA 560005,INDIA,,00000-0000,0000,03,3,1000,202507,1,15,000000000,1,01,202512,0,0,02,0,12,0,0,0,T12,
340682330,AMERICAN LEGION,% DIRK HARKINS,ADENA,ALGERIA,,00000-0000,0925,19,9,1000,194603,1,00,907908000,5,01,202512,6,6,01,0,12,1987444,2848949,147535,,525 GILBERT KOONTZ
340753678,SPRING RESEARCH INSTITUTE,,CHAMBLY QUEBEC CHAMBLY QUEBEC J3L,CANADA,,00000-0000,0000,06,3,2000,196204,2,00,200000000,1,01,202512,5,4,01,0,12,508841,108633,108633,,
341310360,TRIEDSTONE MISSIONARY BAPTIST CHURCH,,YOUNGSTOWN,ANDORRA,,00000-0000,0000,03,3,7000,198805,1,10,001000000,1,01,,0,0,06,0,12,,,,,
341535722,SHANTYMENS CHRISTIAN ASSOCIATION OF UNITED STATES OF AMERICA,,LONDON ONTARIO N6K5B5,CANADA,,00000-0000,0000,03,3,1000,198807,4,15,002000000,1,01,202512,0,0,02,0,12,0,0,0,,
341596737,AMERICAN FRIENDS OF MACHON HASBARA,% DAVID OLESKER,JERUSALEM 9387714,ISRAEL,,00000-0000,0000,03,3,1700,201405,1,15,995000000,1,01,202512,0,0,02,0,12,0,0,0,X99,
352361984,ROTARY INTERNATIONAL DISTRICT 5020,% MURRAY TOUGH,VICTORIA BC V8W 1E4,CANADA,,00000-0000,0000,04,3,2000,201009,2,00,000000000,1,01,202506,4,5,01,0,06,350060,749604,749604,S80,
352463183,RCFJ CHARITABLE FOUNDATION INC,% TREVOR H FRANCIS,KINGSTON ST ANDREW JMAAW08,JAMAICA,,00000-0000,0000,03,3,1200,201410,1,15,000000000,1,01,202512,0,0,02,0,12,0,0,0,P20,
352607002,HOPE FOR BURKINA FUTURES INC,% CECILIA MACDANIELS,OUAGADOUGOU KADIOGO 01 BP 5090,BURKINA FASO,,00000-0000,0000,03,3,1000,201712,1,16,000000000,1,01,202512,0,0,02,0,12,0,0,0,A70,
352619387,INTERNATIONAL NEXUS INSTITUTE INC,,VLIJMEN NB 5251AA,NETHERLANDS,,00000-0000,0000,03,3,2000,201903,1,15,000000000,1,01,202512,0,0,02,0,12,0,0,0,A23,
352639755,PRO NATURA GLOBAL FOUNDATION,% MARCELO CARVALHO DE ANDRADE,RIO DE JANEIRO RIO DE JANEIRO 22631,BRAZIL,,00000-0000,0000,03,3,1200,201907,1,15,000000000,1,01,202412,1,3,01,0,12,9717,50000,50000,Q32,
352644743,ZERIMAR FAMILY FOUNDATION INC,,MERRICK NY 11566,AFGHANISTAN,,00000-0000,0000,03,3,1000,201902,1,16,000000000,1,01,202512,0,0,02,0,12,0,0,0,P20,
352651768,SEED SYSTEMS GROUP INC,% BRIDGET KIPTANUI,WESTLANDS NAIROBI,KENYA,,00000-0000,0000,03,3,2000,201906,1,15,000000000,1,01,202412,6,6,01,0,12,1277748,1482938,1482938,Q33,
352677945,PARTNERS IN EDUCATION ETHIOPIA,,EDMONTON T5W 5J5,CANADA,,00000-0000,0000,03,3,1000,202006,1,15,000000000,1,01,202412,0,0,02,0,12,0,0,0,P20,
352725269,SCIENCE FOR AFRICA FOUNDATION SFA,% TOM KARIUKI,NAIROBI NAIROBI 254,KENYA,,00000-0000,0000,03,3,1000,202206,1,15,000000000,1,01,202512,8,8,01,0,12,24008311,30003458,30003458,Q99,
352752555,THE P AUSTIN FAMILY FOUNDATION INC,,TORONTO ONTARIO M2N 6N,CANADA,,00000-0000,0000,03,3,1000,202204,1,04,000000000,1,01,202512,1,1,00,1,12,1,1,,X30,
352815005,STEPHANIE AND BARRY ZEKELMAN FOUNDATION,,ONTARIO N8V 1A1,CANADA,,00000-0000,0000,03,3,1000,202311,1,04,000000000,1,01,202512,7,6,00,1,12,7477825,4921206,,T20,
356050271,IMPACT MINISTRY GROUP CHURCH PLANTING INC,,MISSISSAUGA ON L5M 2B8,CANADA,,00000-0000,0000,03,3,7000,196508,4,15,029000000,1,01,202412,3,3,01,0,12,36718,64131,64131,,
362834024,AROMA PARK BOATING ASSOCIATION,,AROMA PARK,ARMENIA,,00000-0000,0000,07,3,1000,196706,2,00,318319000,1,01,202412,4,4,01,0,12,298975,258612,151542,,
363146061,AMERICAN SOCIETY FOR APHERESIS,% MALACHITE MANAGEMENT INC,VANCOUVER BC V6A 1B6,CANADA,,00000-0000,0000,03,3,1000,198401,4,16,162000000,1,01,202412,6,5,01,0,12,1286891,842812,842812,A75Z,
363231575,INTERNATIONAL SOCIETY FOR DERMATOLOGIC SURGERY,,DARMSTADT DARMSTADT 64295,GERMANY,,00000-0000,0000,03,3,6100,198909,1,16,199000000,1,01,202512,3,4,01,0,12,85555,183846,183846,G46Z,
363314848,SIGMA THETA TAU INC,% INDIANA WESLEYAN UNIVERSITY,MARION PA 46952,SAN MARINO,,00000-0000,1288,03,9,2800,195412,1,16,030036205,5,01,202606,0,0,02,0,06,0,0,0,,188 ETA CHI CHAPTER
363470695,NEW APOSTOLIC CHURCH OF SAULT STE MARIE,% MR GRANT RAINS,SAULT STE MARIE ON P6C5L6,CANADA,,00000-0000,9346,03,9,7000,198508,0,10,001029000,5,01,,0,0,06,0,06,,,,,
363734845,NEW APOSTOLIC CHURCH OF TAFUNA AS,% TOGATUFI SAIA,PO BOX 997521,TAFUNA,AS,96799-6300,9346,03,9,7000,198508,0,10,001029000,0,01,,0,0,06,0,06,,,,,
363734849,NEW APOSTOLIC CHURCH OF PAGO PAGO AS,% REV RICKY LEOMITI,PO BOX 6246,PAGO PAGO,AS,96799-6246,9346,03,9,7000,198508,0,10,001029000,5,01,,0,0,06,0,06,,,,,
363734856,NEW APOSTOLIC CHURCH OF RITA MAJURO MH,% REV BARTIN NAISHER,PO BOX 1066,MAJURO,MH,96960-1066,9346,03,9,7000,198508,1,10,001000000,5,01,,0,0,06,0,12,,,,,
363734858,NEW APOSTOLIC CHURCH OF LONG ISLAND MAJURO MH,% MR TONY MOKKA,PO BOX 3351,MAJURO,MH,96960-3351,9346,03,9,7000,198508,1,10,001000000,5,01,,0,0,06,0,12,,,,,
363755576,INTERNATIONAL TAMIL LANGUAGE FOUNDATION,% MEENAKSHI RAMMOHAN,CHENNAI TAMIL NADU 600090,INDIA,,00000-0000,0000,03,3,1000,199106,1,15,120000000,1,01,202512,0,0,02,0,12,0,0,0,A33Z,
363760877,MESSIANIC CHURCH FOR DIVINE LAW AND CHRISTIAN SCIENCE INC,,PO BOX 19887,SAN JUAN,PR,00910-1887,0000,03,3,7000,199105,1,10,001000000,1,01,,0,0,06,0,12,,,,,
363873610,NATIONAL COUNCIL ON FAMILY RELATIONS,% TAHERA MAMDANI,VANCOUVER BC V6T 1Z2,CANADA,,00000-0000,2502,03,9,2000,197402,1,16,059000000,5,01,202512,0,0,02,0,12,0,0,0,,NORTHWEST COUNCIL ON FAMILY RELATIO
363898502,AMERICAN FRIENDS OF MACHON MEIR INC,% AMERICAN FRIENDS OF MACHON MEIR,JERUSALEM,ISRAEL,,00000-0000,0000,03,3,1000,199406,1,15,602000000,1,01,202512,0,0,02,0,12,0,0,0,T70Z,
363986075,ROTARY INTERNATIONAL,% WILLARD S JOHN,PO BOX 224515,CHRISTIANSTED,VI,00822-4515,0573,04,9,3000,194209,2,00,319000000,5,01,202506,4,3,01,0,06,169615,60309,42772,,ROTARY CLUB OF ST CROIX MID-ISLE VI
364688352,FEED THE NEED MINISTRY,% RICHARD BELL,LOCAL,THE GAMBIA,,00000-0000,0000,03,3,1000,201205,1,15,000000000,1,01,202512,0,0,02,0,12,0,0,0,K30,
364747146,ODCEM INC,% LAWRENCE REMMEL PRYOR CASHMAN,TRIESTE TRIESTE 34134,ITALY,,00000-0000,0000,03,3,1000,201602,1,16,000000000,1,01,202512,0,0,02,0,12,0,0,0,W02,
364776816,TASTE OF FIESTA INC,% IRENE LEWIS-WIMBLEY,STERLING 61071,MEXICO,,00000-0000,0000,03,3,1000,201807,1,15,000000000,1,01,202601,0,0,02,0,01,0,0,0,B90,
364867900,BRIGHT FUTURE EDUCATION FOUNDATION,% MIN ZHOU,BEIJING,CHINA,,00000-0000,0000,03,3,1000,201902,1,04,000000000,1,01,202412,3,1,00,1,12,72730,3571,,T20,
364891396,FUNDACION PROVIDENCIA USA,,MEXICO CITY COL LOMAS DE CHA 11000,MEXICO,,00000-0000,0000,03,3,1000,201906,1,15,000000000,1,01,202412,0,0,02,0,12,0,0,0,X20,
364927940,CELL TRANSPLANT & REGENERATIVE MEDICINE SOCIETY INC,% TOCHIO MIKI,MONTREAL QUEBEC H3C 3X6,CANADA,,00000-0000,0000,03,3,1280,202011,1,16,000000000,1,01,202512,0,0,02,0,12,0,0,0,G03,
364944761,CODY CENTER INC,% EVELYN LIMA,PO BOX 9282,ST THOMAS,VI,00801-2282,0000,03,3,1230,202401,1,15,000000000,1,01,202512,0,0,02,0,12,0,0,0,E60,
364994849,TOASTMASTERS INTERNATIONAL,% GLOBAL BUSINESS LEADERS,LONGDENVILLE,TRINIDAD AND TOBAGO,,00000-0000,0820,03,9,2000,194505,1,16,059319000,1,01,202512,0,0,02,0,12,0,0,0,,7910286 GLOBAL BUSINESS LEADERS
364997277,TOASTMASTERS INTERNATIONAL,% SOCAL ENGLISH MANDARIN BILINGUAL,SONGJIANG DISTRICT SHANGHAI 20162,CHINA,,00000-0000,0820,03,9,2000,194505,1,16,059319000,1,01,202512,0,0,02,0,12,0,0,0,,7850165 SOCAL ENGLISH MANDARIN BILI
365019729,BELIZE FUND FOR A SUSTAINABLE FUTURE INC,,BELMOPAN CAYO DISTRICT,BELIZE,,00000-0000,0000,03,3,1000,202501,1,15,000000000,1,01,202503,6,6,01,0,03,3270050,4694469,4694469,T50,
365040888,KENTWOOD CHEER BOOSTER CLUB,,COVINGTON WA 98042,AFGHANISTAN,,00000-0000,0000,03,3,2000,202411,1,16,000000000,1,01,202506,0,0,02,0,06,0,0,0,O12,
365046180,HANDS WITH HEART FOUNDATION,% JORGE A BELTRAN,BARCELONA BARCELONA 08024,SPAIN,,00000-0000,0000,03,3,1000,202407,1,15,000000000,1,01,202512,2,4,01,0,12,15900,133652,133652,E60,JORGE ARANDA BELTRAN
365124809,BETBLOCKER US INC,,LIVINGSTON SCOTLAND EH54 6PJ,UNITED KINGDOM,,00000-0000,0000,03,3,2000,202509,1,15,000000000,1,01,202512,3,4,01,0,12,79468,129955,129955,P40,
365150411,NEW JERUSALEM BAPTIST CHURCH IBNJ,% DIOGO VINICIO DE SOUZA FERRAZ,SERVAN,FRANCE,,00000-0000,0000,03,3,7000,202511,1,10,000000000,1,01,,0,0,06,0,08,,,,X21,
365154011,CHANAK TRAINUP EDUCATION INC,% MARIELA ANDRADE APARICIO DE VIDAL,MONT-ROIG DEL CAMP,SPAIN,,00000-0000,0000,03,3,2000,202602,1,16,000000000,1,01,,0,0,02,0,12,,,,B24,
370798701,BETHEL M E CEMETERY ASSOCIATION,% ALICE ANN CRIPE,GRIGGSVILLE IL 62340,AFGHANISTAN,,00000-0000,0000,13,3,1000,196003,1,00,900000000,5,01,202604,0,0,02,0,04,0,0,0,,
371500159,PETERSEN DENTAL HEALTH FOUNDATION,% KIRK PETERSEN,ALCOBACA LEIRIA,PORTUGAL,,00000-0000,0000,03,3,1000,200508,1,04,000000000,1,01,202412,1,1,00,1,12,2368,2000,,E19,
371548134,AMERICAN COLLEGE OF HEALTHCARE EXECUTIVES,% CHAP TREASURER,REGINA SK S4V 2T1,CANADA,,00000-0000,4330,06,9,2000,198310,2,00,000000000,1,01,202512,0,0,02,0,12,0,0,0,,ACHE CANADA
371832493,PERFECT WORLD FOUNDATION INC,% LARS JACOBSSON,GOTHENBURG 41115,SWEDEN,,00000-0000,0000,03,3,2400,201808,1,15,000000000,1,01,202412,0,0,02,0,12,0,0,0,C30,
371834729,TEXAS 4-H,% JANA PRICE,FRANKLIN TX 77856,AFGHANISTAN,,00000-0000,5932,03,9,1000,201111,1,15,000000000,5,01,202508,0,0,02,0,08,0,0,0,,TRAILBLAZERS 4-H CLUB
371965551,FRIENDS OF THE GLOBAL ALLIANCE OF NGOS FOR ROAD SAFETY INC,,COPENHAGEN,DENMARK,,00000-0000,0000,03,3,1200,202103,1,21,000000000,1,01,202512,2,0,02,0,12,10812,0,0,N42,
371993914,TOASTMASTERS INTERNATIONAL,% BORINQUEN TOASTMASTERS CLUB,PO BOX 1215,RINCON,PR,00677-1215,0820,03,9,2000,194505,1,16,059319000,1,01,202512,0,0,02,0,12,0,0,0,,4603017 BORINQUEN TOASTMASTERS CLUB
371997271,ANNE INNIS DAGG FOUNDATION INC,% MARY DAGG,OAKVILLE ON L6K 3N9,CANADA,,00000-0000,0000,03,3,1200,202201,1,15,000000000,1,01,202512,0,0,02,0,12,0,0,0,D30,
372153441,J D IRVING COMPANIES US FOUNDATION INC,% C/OLAW DP 300 UNION ST,SAINT JOHN NEW BRUNSWICK E2L 4M3,CANADA,,00000-0000,0000,03,3,1200,202410,1,04,000000000,1,01,202512,6,4,00,1,12,2116883,112258,,T20,
382675912,VETERANS OF FOREIGN WARS OF THE US DEPT OF MICHIGAN AUXILIARY,% GAY LYNN CARDINAL,STANDISH MI 48658,AFGHANISTAN,,00000-0000,5079,19,9,1000,198605,1,00,907000000,5,01,202606,0,0,02,0,06,0,0,0,,ARENAC AUXILIARY 3724
383087171,INTL COOPERATIVE & MUT INS FEDERAT REGIONAL ASSOC FOR THE AMERICAS,,ALTRINCHAM CHESHIRE WA144QE,UNITED KINGDOM,,00000-0000,0000,06,3,2000,199401,2,00,200149910,1,01,202412,4,4,01,0,12,282253,336822,336822,,DBA ICMIF AMERICAS
383291259,TERRALINGUA,% TERRALINGUA,SALT SPRING ISLAND BRITISH COLUMBIA,CANADA,,00000-0000,0000,03,3,1000,199702,4,15,994123000,1,01,202412,3,3,01,0,12,28401,88443,88443,U20,
383878597,726 AMS BOOSTER CLUB,% FABRIENNE DORIOTT,PSC 9 BOX 4526,APO,AE,09123-0046,0000,03,3,1000,202511,1,16,000000000,5,01,,0,0,02,0,12,,,,B11,
383924106,MARINE THRIFT SHOP,,PSC 556 BOX 766,FPO,AP,96386-0008,0000,03,3,1000,202102,1,16,000000000,1,01,202412,4,4,01,0,12,167850,308545,308545,P29,
383938349,FRIENDS OF BERMUDA COMMUNITY FOUNDATION,% MYRA VIRGIL,HAMILTON HM 11,BERMUDA,,00000-0000,0000,03,3,1000,201412,1,15,000000000,1,01,202506,3,6,01,0,06,55813,1685446,1685446,T30,
384093041,WEBALE INC,,MASAKA 00000,UGANDA,,00000-0000,0000,03,3,1200,201810,1,15,000000000,1,01,202512,0,0,02,0,12,0,0,0,B99,
384103847,UN NUEVO AMANECER INC,% RAMON FIGUEROA FELICIANO,1530 AVE EDUARDO RUBERTE,PONCE,PR,00716-0604,0000,03,3,1000,202210,1,16,000000000,1,01,202512,4,4,01,0,12,217709,351902,351902,S21,
384107840,INTERNATIONAL XENOTRANSPLANTATION ASSOCIATION,% WAYNE J HAWTHORNE,MONTREAL QC H3C 3X6,CANADA,,00000-0000,0000,03,3,8000,202102,1,15,000000000,1,01,202412,4,3,01,0,12,397317,63458,56677,G03,
384163756,TOASTMASTERS INTERNATIONAL,% SAN JUAN TOASTMASTERS,614 CALLE HOARE A9,SAN JUAN,PR,00907-0000,0820,03,9,2000,194505,0,16,059319000,1,01,202512,0,0,02,0,12,0,0,0,,6786550 SAN JUAN TOASTMASTERS
384226728,PFS NETWORK INCORPORATED,% MITCHELL JR SABINE,SPRINGFIELD LAKES QLD 4300,AUSTRALIA,,00000-0000,0000,03,3,1000,202306,1,15,000000000,1,01,202512,0,0,02,0,12,0,0,0,E018,
384233531,FIDEICOMISO EARTH FOUNDATION,,GUACIMO LIMON 7062,COSTA RICA,,00000-0000,0000,03,3,1270,202402,1,21,000000000,1,01,202412,0,0,02,0,12,0,0,0,B80,
384265832,3K PRODUCTIONS,% CASIE GLIEGE,MANTECA 95336,CANADA,,00000-0000,0000,03,3,1000,202307,1,15,000000000,1,01,202412,0,0,02,0,12,0,0,0,N69,
384332698,DOPAMINE SOCIETY INC,% PODIUM CONFERENCE SPECIALISTS LTD,VICTORIA,CANADA,,00000-0000,0000,03,3,1000,202412,1,15,000000000,1,01,,0,0,01,0,12,,,,U03,
384353354,COLEGIO IBERO LATINOAMERICANO DE DERMATOLOGIA,,BUENOS AIRES,ARGENTINA,,00000-0000,0000,03,3,1200,202510,1,15,000000000,1,01,202512,0,0,02,0,12,0,0,0,B03,
391522897,BRITISH NORTH AMERICA PHILATELIC SOCIETY LTD,% JEAN-CLAUDE MICHAUD TREASURER,QUEBEC G1S 1Y9,CANADA,,00000-0000,0000,03,3,1000,198701,4,16,319000000,1,01,202412,6,4,01,0,12,1347489,270847,124722,,
391834833,INTERNATIONAL ASSOC FOR SCIENTIFIC STUDY OF INTELLECTUAL DISABILITIES,,HOBART TAS 7000,AUSTRALIA,,00000-0000,0000,03,3,2000,199607,1,15,995123000,1,01,202412,3,4,01,0,12,46893,116223,116223,B99Z,
392018270,LESBIAN GAY BISEXUAL TRANGENDER COMM CENTR OF THE CHIPPEWA VALLEY,% ANN HOEPPNER,EAU CLAIRE,ALBANIA,,00000-0000,0000,03,3,1000,202004,1,15,000000000,1,01,202503,3,3,01,0,12,92991,91671,85095,R26,
392206674,THE QUINTIN FAMILY FOUNDATION US INC,% WITHERS LLP,LONDON,NORTHERN IRELAND,,00000-0000,0000,03,3,1200,202511,1,04,000000000,1,01,,0,0,00,1,12,,,,T20,
392709444,SHAPE AMERICAS FOUNDATION,,BRISTOL BS4 1,UNITED KINGDOM,,00000-0000,0000,03,3,1200,202602,1,15,000000000,1,01,,0,0,01,0,12,,,,C60,
392937879,DIVINE PROVIDENCE INCORPORATED,,NDUFU ALIKE EBONYI STATE N/A,NIGERIA,,00000-0000,0000,03,3,1000,202508,1,15,000000000,1,01,202507,0,0,02,0,07,0,0,0,B82,
393042550,MOMENTUM-CATHOLIC SINGLE MOTHERS,% TALITHA CERE,DOLLARD DES ORMEAUX QUEBEC H9B1X5,CANADA,,00000-0000,0000,03,3,7000,202512,1,15,000000000,1,01,,0,0,13,0,12,,,,X22,
393372214,HEALTHY COMMUNITY FOUNDATION,,VANCOUVER,CANADA,,00000-0000,0000,03,3,1200,202510,1,15,000000000,1,01,,0,0,01,0,01,,,,Q33,
393389942,GNOTS CARES,,DESTREHAN LA 70047,LAOS,,00000-0000,0000,03,3,1000,202602,1,16,000000000,1,01,,0,0,02,0,12,,,,W12,
393570474,FORTIFIED SCHOOLS FOUNDATION INC,,STAR 83669,AFGHANISTAN,,00000-0000,0000,03,3,1200,202508,1,15,000000000,1,01,202512,0,0,02,0,12,0,0,0,B90,
393873322,EMPOWERING DREAMS INC,,ROCKY VIEW COUNTY ALBERTA T4B 3L5,CANADA,,00000-0000,0000,03,3,1000,202601,1,15,000000000,1,01,202512,0,0,02,0,12,0,0,0,P30,
394381418,TRUE PROPHECY INTEGRATED DEVELOPMEN T ACTORS,% STEVE BIJEJE,KIGALI KIGALI 000,RWANDA,,00000-0000,0000,03,3,1238,202510,1,15,000000000,1,01,202501,0,0,02,0,01,0,0,0,C60,
394413136,NS FOUNDATION INC,% SOLANGE AYUNI NUMFOR,LIMBE SOUTH WEST 20705,CAMEROON,,00000-0000,0000,03,3,1230,202509,1,16,000000000,1,01,202512,0,0,02,0,12,0,0,0,C60,
394655259,BAHAMAS PROTECTED AREAS FUND INC,,NASSAU NP SP62863,THE BAHAMAS,,00000-0000,0000,03,3,1000,202601,1,15,000000000,1,01,202512,0,0,02,0,12,0,0,0,C32,
394958946,EARTH FUTURES FOUNDATION,,LIMON LIMON 7062,COSTA RICA,,00000-0000,0000,03,3,1200,202512,1,15,000000000,1,01,202512,0,0,02,0,12,0,0,0,K20,
411779904,INTERNATIONAL ASSOCIATION OF FACILITATORS,% PEGGY & CO LLC,OTTAWA ONTARIO K2P 1X4,CANADA,,00000-0000,0000,06,3,1000,199507,2,00,205000000,1,01,202412,4,4,01,0,12,363057,399206,399206,,
412028975,AMERICAN FEDERATION OF GOVERNMENT EMPLOYEES,% ANA T ARCE,144 CALLE LAUREL,JUANA DIAZ,PR,00795-2829,0194,05,9,3000,194010,2,00,263269265,5,01,202512,4,2,02,0,12,130239,12798,12798,,0055 AFGE USDA LOCAL
412130795,DARUL-ARQUM ISLAMIC CENTER,% JANI A ABBASI,AMES,ALGERIA,,00000-0000,0000,03,3,7000,201409,1,10,000000000,1,01,,0,0,06,0,09,,,,X40,
412136422,TEN SLEEPLESS KNIGHTS INC,% STANLEY JACOBS,PO BOX 411,CHRISTIANSTED,VI,00821-0411,0000,03,3,2000,200508,1,16,000000000,1,01,202512,3,4,01,0,12,80456,233252,191457,A68,
412228451,HISTORIC DANCE THEATER FOUNDATION,% COUGAR TRADING,CLEEVE HILL CHELTENHAM GL523QH,UNITED KINGDOM,,00000-0000,0000,03,3,1000,200711,1,15,000000000,1,01,202412,0,0,02,0,12,0,0,0,A62,HISTORIC DANCE
412277710,KNIGHTS OF COLUMBUS,% SCOTT MATTHEWS,PSC 2 BOX 14265,APO,AE,09012-0143,0000,08,3,1000,202412,1,00,036029265,5,01,202512,0,0,02,0,12,0,0,0,Y41,11987 FR EMIL J KAPAUN COUNCIL
412298568,ARAN IMMIGRATION SUPPORT FOUNDATION,,UNIT 9400 BOX 106,DPO,AE,09718-0106,0000,03,3,1200,202601,1,15,000000000,1,01,202512,0,0,02,0,12,0,0,0,P84,
412300223,REENFOCO INC,% JEREMY KALIN,26 CALLE BETANCES,UTUADO,PR,00641-2864,0000,03,3,1000,202602,1,16,000000000,1,01,,0,0,01,0,12,,,,S20,
412473465,MERCY TO HUMANITY USA INC,% MOHAMED UMAR DAN,LONDON E149TS,UNITED KINGDOM,,00000-0000,0000,03,3,1000,202601,1,15,000000000,1,01,202512,0,0,02,0,12,0,0,0,Q30,
412498541,J M BLU ARROW FOUNDATION USA INC,,MARKHAM ONTARIO L3R 0C9,CANADA,,00000-0000,0000,03,3,1200,202601,1,15,000000000,1,01,,0,0,02,0,12,,,,O50,
412889980,NAPLES COMMUNITY WILD LOST AND DOME STIC CATS AND PETS,,PSC 808 BOX 3405,FPO,AE,09618-0035,0000,03,3,1200,202603,1,15,000000000,5,01,,0,0,02,0,12,,,,D20,
413213195,THE INSTITUTE FOR APPLIED QUANTUM COGNITION,,TORONTO M6R 2Y4,CANADA,,00000-0000,0000,03,3,1800,202601,1,03,000000000,1,01,202512,1,1,00,1,12,1,1,,U41,
413561450,THE JEWISH PEOPLE PROJECT,% MELANIE BELAND,EFRAT,ISRAEL,,00000-0000,0000,03,3,1000,202604,1,16,000000000,1,01,,0,0,01,0,12,,,,X30,
413697948,BREMEN PTO,% BREMEN PTO,BREMEN KY 42325,ANDORRA,,00000-0000,0000,03,3,1200,202601,1,16,000000000,5,01,202512,0,0,02,0,12,0,0,0,B94,
414023519,CARIBBEAN AIRCARE,,PO BOX 12501,ST THOMAS,VI,00801-8501,0000,03,3,1000,202602,1,16,000000000,1,01,202512,0,0,02,0,12,0,0,0,E62,
414278601,AL KERAK TEMPLE NO 194 - AEAONMS,% HOWARD T MATTHEWS JR,86 FSS BOX 16,APO,AE,09094-0000,0000,03,3,1000,202603,1,16,000000000,5,01,202512,0,0,02,0,12,0,0,0,S20,
414305288,FRIENDS OF THE NATIONAL ORGANIZATION FOR VICTIMS OF TERROR,,TEL AVIV,ISRAEL,,00000-0000,0000,03,3,1000,202605,1,15,000000000,1,01,,0,0,01,0,12,,,,T70,
414500131,TILT COLLECTIVE INC,% FLORENCE LESNE,GB LONDON WC2A 3LH,UNITED KINGDOM,,00000-0000,0000,03,3,1000,202607,4,15,000000000,1,01,,0,0,01,0,12,,,,K12,
414615139,FOUNDATION - THETA THETA LAMBDA CHAPTER OF ALPHA PHI ALPHA,% HOWARD T MATTHEWS JR,PSC 415 BOX 7563,APO,AE,09114-0076,0000,03,3,1200,202603,1,04,000000000,5,01,,0,0,00,1,12,,,,S31,
414636534,THE WARRIORS MESS ASSOCIATION,,PSC 333 BOX 3301,APO,AP,96251-0034,0000,03,3,1000,202606,1,16,000000000,5,01,,0,0,02,0,04,,,,W30,
415353842,JACK N DARBY PTO,,PSC 485 BOX 99,FPO,AP,96321-0001,0000,03,3,1200,202604,1,16,000000000,5,01,202604,0,0,02,0,04,0,0,0,B94,
420995074,MIND AND SPIRIT COUNSELING CENTER,,DSM PASTORAL COUNSELING CENTER,SAN JUAN,PR,00917-0000,0000,03,3,1000,197304,1,15,029563564,1,01,202412,6,6,01,0,12,3447175,3579199,3579199,,AMY DOYLE
421540872,CHRISTIAN FAMILY FELLOWSHIP FOUNDATION,% DOMINIC AFANGIDEH,IKOT EKPENE,NIGERIA,,00000-0000,0000,03,3,7000,202106,1,10,000000000,1,01,202512,0,0,06,0,12,0,0,0,X20,
421628144,CARAS OF THE AMERICAS,% PATTI SEMENIETTA,PO BOX 433,CATANO,PR,00963-0433,0000,03,3,2100,200703,1,15,000000000,1,01,202506,6,7,01,0,06,4745911,7724002,7724002,Q20,CARA
421685534,VIRGIN ISLANDS SOCIETY OF CERTIFIED PUBLIC ACCOUNTANTS,% THEO BROODIE,1392 TAARNEBERG GADE,ST THOMAS,VI,00801-0000,0000,06,3,2000,201202,2,00,000000000,1,01,202508,0,0,02,0,08,0,0,0,S41,
421769490,PIXEL PROJECT,% CHIN YEE YAU,PETALING JAYA SELANGOR 47400,MALAYSIA,,00000-0000,0000,03,3,1000,201003,2,15,000000000,1,01,202512,0,0,02,0,12,0,0,0,I70,
421778609,HARRISON-FRANK FAMILY FOUNDATION US,% WITHERS LLP,LONDON W1H 7NS,UNITED KINGDOM,,00000-0000,0000,03,3,1000,201409,1,04,000000000,1,01,202412,8,6,00,1,12,25087234,1894280,,T20,
421778823,FUND NAMED AFTER MENACHEM BAR-ON OF BLESSED MEMORY,% MICHAEL BEN-JACOB,HOD HA SHARON,ISRAEL,,00000-0000,0000,03,3,1000,201607,2,04,000000000,2,01,202512,7,6,00,1,12,9790782,1921381,,L40,MENACHEM BAR ON FUND
422032993,CHARITYLEMONADE,,PSC 467 BOX 1076,APO,AE,09096-0011,0000,03,3,1000,202604,1,16,000000000,5,01,,0,0,02,0,12,,,,T30,
422057447,AMERICAN LEGION,% POST ADJUTANT,PSC 9 BOX 10000,APO,AE,09123-0000,0925,19,9,1000,194603,1,00,000000000,1,01,,0,0,02,0,12,,,,,GR20 POST EIFEL
422979738,SEABEE BALL COMMITTEE,,PSC 1005 BOX 38,FPO,AA,34009-0001,0000,03,3,1200,202606,1,16,000000000,5,01,,0,0,02,0,03,,,,W30,
431809268,SOCIETY FOR INSTITUTIONAL AND ORGANIZATIONAL ECONOMICS,% JANET BERCOVITZ,MONTREAL QC H3L3K2,CANADA,,00000-0000,0000,03,3,1000,199804,1,15,994124000,1,01,202412,4,4,01,0,12,138818,138713,138713,B99,
431851343,COLLABORATIVE BUSINESS RESOURCE ALLIANCE,% DELVAL EQUIPMENT CORP,DELTA BRITISH COLUMBIA V4G 1C3,CANADA,,00000-0000,0000,06,3,1000,200301,2,00,000000000,1,01,202512,3,4,01,0,12,59493,212591,212591,S41,
431996058,PACIFIC SALMON CONSERVATION FOUNDATION,% DAVIS WRIGHT TREMAIN LLP,VANCOUVER BC BC V6H 3V9,CANADA,,00000-0000,0000,03,3,1000,200307,4,15,000000000,1,01,202412,4,1,02,0,12,130926,3875,3875,C30,HUNGERFORD GEORGE
432004913,FRIENDS OF VANCOUVER ART GALLERY,% BETH MCINNIS,VANCOVER BC V6H2Z7,CANADA,,00000-0000,0000,03,3,1000,201401,1,04,000000000,1,01,202412,1,1,00,1,12,1,1,,A125,
432098795,JAPANESE AMERICAN SOCIETY,% DAVE R MOORE,FPO AP 96310,JAPAN,,00000-0000,0000,07,3,1000,202009,2,00,000000000,5,01,202512,0,0,02,0,12,0,0,0,W30,
450498661,BELTRAN FAMILY FOUNDATION INC,% BDO USA LLP,PO BOX 801469,COTO LAUREL,PR,00780-1469,0000,03,3,1200,200512,1,04,000000000,1,01,202412,5,3,00,1,12,677315,30838,,T222,
450600643,GCSSCA,% BRIAN GREENE,CHESTERLAND OH 44026,AFGHANISTAN,,00000-0000,0000,04,3,3000,201207,2,00,000000000,1,01,202512,0,0,02,0,12,0,0,0,N64,
452312810,WOMENS BRAIN HEALTH INITIATIVE INC,% LYNN POSLUNS,TORONTO ONTARIO M4V 3A1,CANADA,,00000-0000,0000,03,3,1000,201203,1,15,000000000,1,01,202512,3,0,02,0,12,47910,0,0,E60,
452715445,VIRTUAL MAGELLAN INC,% JEAN-BERNARD ROLLAND,MEXICO CITY CDMX 06700,MEXICO,,00000-0000,0000,03,3,1000,201202,1,15,000000000,1,01,202512,0,0,02,0,12,0,0,0,B80,
453149641,CLEANER AND GREENER ENDLESS MOUNTAINS PA INC,% KAREN K RODGERS,WYALUSING PA 18853,AFGHANISTAN,,00000-0000,0000,03,3,1200,201504,1,15,000000000,1,01,202312,0,0,02,0,12,0,0,0,C11,
453588477,ELIFE SCIENCES PUBLICATIONS LTD,% PAUL KELLY,CAMBRIDGE CB2 1AW,UNITED KINGDOM,,00000-0000,0000,03,3,1200,201201,1,16,000000000,1,01,202412,7,7,01,0,12,5810020,8521832,8521832,U99,
453769071,KINGS KIDS CHRISTIAN ACADEMY OF TAMPA INC,% EDDIE ADAMS,TAMPA 33605,NORWAY,,00000-0000,0000,03,3,2000,201404,1,11,000000000,1,01,202506,4,5,01,0,06,220193,843210,843210,B21,
453789074,SALAMA BAPTIST AND ORPHANAGE MINISTRIES,% GRACE M NZIOKA,SALAMA,KENYA,,00000-0000,0000,03,3,1700,202105,1,15,000000000,1,01,202512,0,0,02,0,12,0,0,0,W99,
453937616,GREAT HARVEST MINISTRIES INTERNATIONAL,% JESSE L GALVE,"VANCOUVER CA V5W 4B5,.",CANADA,,00000-0000,0000,03,3,7000,201201,0,10,000000000,1,01,,0,0,06,0,12,,,,,
454318172,USS MINNESOTA FRG,% USS MINNESOTA FRG,50 JETTY COVE DR,SANTA RITA,GU,96915-1226,0000,04,3,3000,201912,2,00,000000000,5,01,202412,0,0,02,0,12,0,0,0,W30,
454347793,CHRIST COMING MISSIONARY NETWORK INC,% SALOME GYAN BENNEH,ACCRA GREATER ACCRA CCMN- GHANA,GHANA,,00000-0000,0000,03,3,1700,202601,1,15,000000000,1,01,202512,0,0,02,0,12,0,0,0,X20,
454388004,VOITURE NATIONALE LA SOCIETE DES 40 HOMMES ET 8 CHEVAUX,% BRANDON LAMBERT,PSC 480 BOX 1096,APO,AE,09128-0011,0257,19,9,1000,193904,1,00,318000000,1,01,202512,0,0,02,0,12,0,0,0,W30,944 VOITURE LOCALE
454520090,HEAVENLY GRACE GOSPEL WORD NETWORK,% MILLER J PEARSON JR,TALLADEGA ALABAMA AL 35160,AFGHANISTAN,,00000-0000,0000,03,3,1000,201402,1,15,000000000,1,01,202512,1,3,01,0,12,1,77660,77660,X82,
454538932,SUPPORTING LOCAL ARTISTS OF FILM THROUGH EMPOWERMENT INCORPORATED,% SLATE INC,REDLANDS 92374,AFGHANISTAN,,00000-0000,0000,03,3,1000,201407,1,15,000000000,1,01,202512,0,0,02,0,12,0,0,0,A31,SLATE
454741283,BAHRAIN FAMILY READINESS GROUP,,PSC 851 BOX 10,FPO,AE,09834-0001,0000,04,3,3000,202601,2,00,000000000,1,01,202412,0,0,02,0,12,0,0,0,W30,
455129655,MAGIC CITY BICYCLE COLLECTIVE,% DARIO GONZALEZ,EINDHOVEN NB 5615NL,NETHERLANDS,,00000-0000,0000,03,3,1200,201705,1,16,000000000,1,01,202312,0,0,02,0,12,0,0,0,S01,
455312837,IGLESIA EMBAJADORES DE CRISTO CORP,% EMILY RODRIGUEZ,PSC 305 BOX 1531,APO,AP,96218-0016,0000,03,3,7000,201308,1,10,000000000,1,01,202404,0,0,06,0,04,0,0,0,X20,
455440099,SHAMROCK FUND OF THE JACK AND JILL CHILDRENS FOUNDATION,% RUTH CROKE,JOHNSTOWN COUNTY KILDARE W91DYT2,IRELAND,,00000-0000,0000,03,3,1000,201607,1,15,000000000,1,01,202412,0,0,02,0,12,0,0,0,E12,
455539074,LOUISVILLE ELEMENTARY SCHOOLS PTO,% JENNIFER ANDERSON,LOUISVILLE STARK 44641,AFGHANISTAN,,00000-0000,0000,03,3,2000,201403,1,16,000000000,1,01,202506,0,0,02,0,06,0,0,0,B94,
460417013,BUILDERS EXCHANGE NETWORK,,KANATA ON K2M 2G9,CANADA,,00000-0000,0000,06,3,1000,199406,2,00,200000000,1,01,202507,3,3,01,0,07,77497,77969,77969,,
460524899,MANCHESTER BUSINESS SCHOOL AMERICA INC,% PATRICK FORAN,MANCHESTER M13 9PL,UNITED KINGDOM,,00000-0000,0000,03,3,2000,201011,1,11,000000000,1,01,202507,4,0,02,0,07,461209,0,0,B50,MICHAEL LUGER PRESIDENT
460525632,GARCIA FAMILY FOUNDATION US,% AEA INVESTERS LP,LONDON UNITED KINGDOM W1K 5EF,UNITED KINGDOM,,00000-0000,0000,03,3,1000,201104,1,04,000000000,1,01,202412,6,2,00,1,12,4729650,10904,,T20,
460598583,MARINE OFFICERS SPOUSES CLUB OKINAWA,% MARION STRELKE,MOSCO - UNIT 39020 BOX 2 STE 35023,FPO,AP,96373-0000,0000,03,3,1000,201404,1,16,000000000,1,01,202505,2,3,01,0,05,23155,73622,73622,B82,
460931830,SOPAR - BALA VIKASA SOCIETY USA,% SHOBHA SINGAREDDY,GATINEAU QUEBEC J8V 1C1,CANADA,,00000-0000,0000,03,3,1000,201306,1,15,000000000,1,01,202503,0,0,02,0,03,0,0,0,,
460948408,BUILDING BAJA S FUTURE,,CABO SAN LUCAS LOS CABOS BCS 23453,MEXICO,,00000-0000,0000,03,3,2000,201305,1,15,000000000,1,01,202512,5,4,01,0,12,602495,174699,174699,B82,BBF
461230633,MAVLES YOGA & SPIRITUAL CENTER,% PARVATHI SIVANADIYAN,COIMBATORE 641009,INDIA,,00000-0000,0000,03,3,7000,201409,1,10,000000000,1,01,,0,0,06,0,12,,,,X70,SHIVA VISHNU TEMPLE OF TEXAS
461395444,IMAGINENATIONS CHURCH USA INC,,ORCHARD HILLS,AUSTRALIA,,00000-0000,0000,03,3,1000,201407,1,10,000000000,1,01,,0,0,06,0,12,,,,X20,
461477159,KEREN ORA BAGALIL,% ABRAHAM MOTECHIN,KARMIEL 20101,ISRAEL,,00000-0000,0000,03,3,1000,201504,1,15,000000000,1,01,202512,0,0,02,0,12,0,0,0,Q33,
461507839,MISSION MOMS,% KATHRYN FLORES,LANTANA TX 76226,AFGHANISTAN,,00000-0000,0000,03,3,1000,202505,1,15,000000000,1,01,202512,0,0,02,0,12,0,0,0,K30,KATHRYN H FLORES SOLE MBR
461720459,UJIRI FOUNDATION INC,% MASAI UJIRI,TORONTO ON M6K 3C3,CANADA,,00000-0000,0000,03,3,2000,201408,1,15,000000000,1,01,202412,7,6,01,0,12,6009065,1639983,1500652,O50,GIANTS OF AFRICA
461793043,TEACHERS OF THE NATIONS,% MELLA JEAN DAVIS,WORCESTER WESTERN CAPE 6850,SOUTH AFRICA,,00000-0000,0000,03,3,1200,201504,1,15,000000000,1,01,202512,0,0,02,0,12,0,0,0,P20,
461835656,LIFT THE CHILDREN US,% TERRI CONGER,SURREY BC V3W 5A7,CANADA,,00000-0000,0000,03,3,1000,201807,1,15,000000000,1,01,202412,0,0,02,0,12,0,0,0,Q33,
461835893,FRIENDS OF MCDERMOTT HOUSE CANADA INC,% EDWARD TANENBAUM,OSHAWA ONTARIO L1H8,CANADA,,00000-0000,0000,03,3,1000,201306,1,15,000000000,1,01,202512,0,0,02,0,12,0,0,0,P12,
461892482,ANGEL WINGS PARROT RESCUE INC,% CINDY NICHOLS,PALM BAY 320908,AFGHANISTAN,,00000-0000,0000,03,3,1000,201406,1,15,000000000,1,01,202512,0,0,02,0,12,0,0,0,D99,
461906754,INTERNATIONAL SOCIETY FOR BIOLOGICAL AND ENVIRONMENTAL REPOS,% MALACHITE MANAGEMENT INC,VANCOUVER BC V6A 1B6,CANADA,,00000-0000,0000,03,3,2000,201408,1,16,000000000,1,01,202412,5,5,01,0,12,726713,938662,938662,U50,
461948566,T I P ORGANIZATION INC,% ANGELA BRANTLEY,SAVANNAH GEORGIA 31405,GEORGIA,,00000-0000,0000,03,3,1200,202008,1,16,000000000,1,01,202512,0,0,02,0,12,0,0,0,P30,ANGELA BRANTLEY GEN PTR
462183535,PLANTATION WOMENS CLUB,% TREASURER,VILLA RICA GA 30180,THE GAMBIA,,00000-0000,0000,03,3,1000,201310,1,16,000000000,5,01,202412,0,0,02,0,12,0,0,0,S81,
462584297,CAM-AMERICA GLOBAL INNITIATIVE FOR SOCIAL CHANGE INCORPORATED,,LAUREL MARYLAND 20724,CAMEROON,,00000-0000,0000,03,3,1000,201704,1,15,000000000,1,01,202512,0,0,02,0,12,0,0,0,Q33,
462699444,ARMED FORCES COMMUNICATIONS AND ELECTRONICS ASSOCIATION,% TODD WEINGEROFF,PSC 2 BOX 12444,APO,AE,09012-0125,3185,06,9,2000,198209,2,00,065209000,1,01,202512,0,0,02,0,12,0,0,0,S41,WIESBADEN CHAPTER
462713151,AFCEA EDUCATIONAL FOUNDATION,% SIMON SANCHEZ,PSC 489 BOX 985,APO,AE,09751-0010,3207,03,9,1200,198410,1,15,040041000,1,01,202409,0,0,02,0,09,0,0,0,,STUTTGART CHAPTER
462728247,CONSORTIUM FOR WOMEN LEADERS IN PUBLIC SERVICE,% JILL CARGILE,MIRAFLORES LIMA 15074,PERU,,00000-0000,0000,03,3,1000,201412,1,16,000000000,1,01,202312,0,0,02,0,12,0,0,0,S81,
463009006,HEALTHCARE INNOVATION TRANSFER,,THE HAGUE THE HAGUE,NETHERLANDS,,00000-0000,0000,03,3,1200,201502,1,15,000000000,1,01,202405,1,0,02,0,05,1156,0,0,E80,HIT
463137490,NIGHTINGALE OPERA THEATRE,% MELISSA DAVIS,BRIGHTON VIC 3186,AUSTRALIA,,00000-0000,0000,03,3,2000,201407,1,15,000000000,1,01,202601,0,0,02,0,01,0,0,0,A65,
463423064,VIRGIN ISLANDS CENTER FOR ARTS AND TECHNOLOGY INC,% BENJAMIN S APPLEYARD,5521 CURACAO GADE 209,ST THOMAS,VI,00802-6918,0000,03,3,1000,201407,1,15,000000000,1,01,202412,0,0,02,0,12,0,0,0,A99,
463611743,CENTRE FOR SOCIAL INNOVATION NYC INC,% ELI MALINSKY,TORONTO ON M5T 2C2,CANADA,,00000-0000,0000,03,3,1200,201409,1,15,000000000,1,01,202505,0,0,02,0,05,0,0,0,S20,
463783185,ROBINSON CHIRINOS FOUNDATION,% ROBINSON CHIRINOS,PO BOX 801469,COTO LAUREL,PR,00780-1469,0000,03,3,1000,201405,1,15,000000000,1,01,202512,1,0,02,0,12,1,0,0,O50,
463955683,SALT FORGE PRODUCTIONS,% TREVOR MCKEE,SAPPORO HOKKAIDO 001-0026,JAPAN,,00000-0000,0000,03,3,1000,201407,1,15,000000000,1,01,202512,0,0,02,0,12,0,0,0,O12,
463987136,CONNECTION FELLOWSHIP,% JASON WINKLER,PSC 558 BOX 4521,FPO,AP,96375-0046,0000,03,3,1700,201501,1,15,000000000,1,01,202412,0,0,02,0,12,0,0,0,X20,
464205278,REINSURANCE ADMINISTRATION PROFESSIONALS ASSOCIATION,% JOHN DECARLO,MISSISSAUGA ONTARIO L5W 1R6,CANADA,,00000-0000,0000,06,3,2000,201409,2,00,000000000,1,01,202512,3,4,01,0,12,66996,106835,106835,S41,
464535249,LOVE THE NATIONS INC,% JOSEPH PARDO,1478 CALLE SIENA,TOA ALTA,PR,00953-3411,0000,03,3,1000,201409,1,15,000000000,1,01,202512,4,6,01,0,12,472705,1054465,1054465,P99,
464544661,PUERTO RICO COMMUNITY & EDUCATION SERVICE CORPS - ISLAND CORPS,% DIRECTOR OF ISLAND CORPS,PO BOX 456,DORADO,PR,00646-0456,0000,03,3,1235,202312,1,15,000000000,1,01,202501,4,4,01,0,01,122231,188164,188164,B90,ISLAND CORPS
464663423,AMERICAN BUSINESS COUNCIL KUWAIT,% PETE SWIFT,FARWANIYA KUWAIT 81006,KUWAIT,,00000-0000,0000,06,3,3000,201410,2,00,000000000,1,01,202412,4,4,01,0,12,355681,435343,435343,S41,
464791547,MC ADAPT INC,% CASSIIE PRATHER,MT STERLING KY 40353,AFGHANISTAN,,00000-0000,0000,03,3,1200,202604,1,15,000000000,1,01,,0,0,02,0,12,,,,F21,
464823638,BEAUTIFUL DREAMERS LTD,% VINCENTIA PAUL-CONSTANTIN,5084 NORA GADE STE 230,ST THOMAS,VI,00802-0000,0000,03,3,2000,202508,1,16,000000000,1,01,202206,5,4,01,0,06,843816,409289,409289,B28,
464949367,EUGENIA BALCELLS FOUNDATION INC,% ROLODNY PC,BARCELONA,SPAIN,,00000-0000,0000,03,3,2000,201809,1,04,000000000,1,01,202412,5,4,00,1,12,889463,111227,,T20,
465041792,BRIGHT FUTURE WW INC,% BENJAMIN ABIDEMI HODONU,NORCROSS GA 30093,GEORGIA,,00000-0000,0000,03,3,1200,201705,1,16,000000000,1,01,202512,0,0,02,0,12,0,0,0,T50,
465173508,HAITELMEX FOUNDATION INC,% PATRICK ESTIME,TIJUANA BAJA CALIFORNIA 22260,MEXICO,,00000-0000,0000,03,3,1000,201501,1,15,000000000,1,01,202512,0,0,02,0,12,0,0,0,Q33,
465247425,ZETA PHI BETA SORORITY,% ROMANDA DILLON,LONDON UNITED KINGDOM E12 5PG,UNITED KINGDOM,,00000-0000,1474,07,9,1000,196001,2,00,036279040,5,01,202412,0,0,02,0,12,0,0,0,,ALPHA ALPHA ETA ZETA CHAPTER
465323204,95TH CRUSADERS CLUB,% 95TH CRUSADERS CLUB,UNIT 4720,APO,AE,09459-4720,0000,03,3,1000,202203,1,16,000000000,5,01,202412,0,0,02,0,12,0,0,0,N50,
465749739,REALIFE EDUCATIONAL SERVICES,% RACHEL MULDER SOLE MBR,PUTTEN 3882GP,NETHERLANDS,,00000-0000,0000,03,3,1200,201704,1,16,000000000,5,01,202512,0,0,02,0,12,0,0,0,Q21,REALIFE
467166211,KAYEMET FOUNDATION,% ZEIFMANS LLP,TORONTO ON M6A 1Y7,CANADA,,00000-0000,0000,03,3,1000,201506,1,04,000000000,2,01,202412,1,1,00,1,12,1,1,,T22,
467167937,YESOD FOUNDATION,% ZEIFMANS LLP,TORONTO ON M6A 1Y7,CANADA,,00000-0000,0000,03,3,1000,201506,1,04,000000000,2,01,202412,1,1,00,1,12,1,1,,T20,NANCY HARRIS TTEE
467171608,AURA FOUNDATION,% ZEIFMANS LLP,TORONTO ONTARIO M6A 1Y7,CANADA,,00000-0000,0000,03,3,1000,201506,1,04,000000000,2,01,202412,1,1,00,1,12,1,1,,T22,NANCY HARRIS TTEE
467176935,PIZAR FOUNDATION,% ZEIFMANS LLP,201 BRIDGELINE AVE,CANADA,,00000-0000,0000,03,3,1000,201506,1,04,000000000,2,01,202412,6,2,00,1,12,1286237,21578,,T22,NANCY HARRIS TTEE
467180005,TRIBUTE FOUNDATION,% ZEIFMANS LLP,TORONTO ON M6A 1Y7,CANADA,,00000-0000,0000,03,3,1000,201506,1,04,000000000,2,01,202412,1,1,00,1,12,1,1,,T20,NANCY HARRIS TTEE
467182727,TAMID FOUNDATION,% ZEIFMANS LLP,TORONTO ONTARIO M6A 1Y7,CANADA,,00000-0000,0000,03,3,1000,201506,1,04,000000000,2,01,202412,1,1,00,1,12,1,1,,T20,NANCY HARRIS TTEE
470677877,INTERNATIONAL CHAPEL MINISTRIES,,IKOMA CITY NARA PREFECT 630-0243,JAPAN,,00000-0000,0000,03,3,1000,198603,1,15,005000000,1,01,202412,4,4,01,0,12,162560,392853,392853,,
470935442,LOST COYOTES MOTORCYCLE CLUB INC,% RONALD HEDTKE,LEONA VALLEY CALIFORNIA 93551,ISLE OF MAN,,00000-0000,0000,07,3,1000,200504,2,00,000000000,1,01,202412,0,0,02,0,12,0,0,0,N50,
470947909,ROTA ANIMAL WELFARE LEAGUE,,PSC 819 GENDEL 22,FPO,AE,09645-0000,0000,03,3,1200,202006,1,15,000000000,1,01,202512,0,0,02,0,12,0,0,0,D20,RAWL
471134584,CHANEL FAMILY FOUNDATION,,LISBOA 1150-175,PORTUGAL,,00000-0000,0000,03,3,1000,201411,1,04,000000000,2,01,202512,6,5,00,1,12,1031437,521856,,T30,
471325326,IDC INC AMERICAS,% ANNA GALLAGHER,MELBOURNE VICTORIA 3000,AUSTRALIA,,00000-0000,0000,03,3,1000,201602,1,15,000000000,1,01,202512,0,0,02,0,12,0,0,0,R20,
471327238,FACILITATORS - CAMP IRONHORSE INC,% SARAH GORDON,PO BOX 367493,SAN JUAN,PR,00936-7493,0000,03,3,1000,201410,1,15,000000000,1,01,202512,0,0,02,0,12,0,0,0,M20,CAMP IRONHORSE
471362282,PAN HEALTH SERVICES,,GETTYSBURG PENNSYLVANIA PENNSYLVANI,LIBERIA,,00000-0000,0000,03,3,1000,201706,1,15,000000000,1,01,202412,0,0,02,0,12,0,0,0,E21,
471528829,DESTINY MINISTRIES INTERNATIONAL INC,,SCARBOROUGH ON M1M 1R2,CANADA,,00000-0000,0000,03,3,7000,201502,1,10,000000000,1,01,202512,0,0,06,0,12,0,0,0,X21,
471756899,CENTER FOR SPIRITUAL CARE AND PASTORAL FORMATION,% JOHN JEFFERY,SPRING TEXAS 77388,AFGHANISTAN,,00000-0000,0000,03,3,1000,201411,1,16,000000000,1,01,202512,0,0,02,0,12,0,0,0,B03,
471826002,LIANCOURT COMMUNITY CENTER,,LIANCOURT,HAITI,,00000-0000,0000,03,3,1200,201409,1,16,000000000,1,01,202509,0,0,02,0,09,0,0,0,B90,
472053956,WOMEN WITHOUT ROOFS,% ANNA TOWNSEND,BOURNEMOUTH DORSET BH1 3HR,UNITED KINGDOM,,00000-0000,0000,03,3,1000,201507,1,15,000000000,2,01,202603,0,0,02,0,03,0,0,0,,
472146446,603 AOC TOP 3,% 603 AOC TOP 3,UNIT 3105,APO,AE,09094-3105,0000,03,3,2000,202506,1,04,000000000,5,01,,0,0,00,1,01,,,,W30,
472466387,WEIOU EDUCATION FOUNDATION,,SACRAMENTO CA - CALIFORNIA 95816,COMOROS,,00000-0000,0000,03,3,1000,201810,1,15,000000000,1,01,202509,0,0,02,0,09,0,0,0,W99,
472497188,THE JONATHAN TOEWS FOUNDATION,% SENFF MGMT 47 ALDERBROOK RD,LOCAL,CANADA,,00000-0000,0000,03,3,1000,201605,1,04,000000000,1,01,202512,4,1,00,1,12,417536,1,,,
472764016,NOOKSACK VALLEY YOUTH BASKETBALL,% TANYA SILVES,NOOKSACK WA 98276-9116,BURKINA FASO,,00000-0000,0000,03,3,1000,201503,1,16,000000000,1,01,202512,0,0,02,0,12,0,0,0,N62,
472886678,FRIENDS OF CANADIAN WILDERNESS,% ERIK BLACHFORD,OTTAWA ONTARIO K2P 0A4,CANADA,,00000-0000,0000,03,3,1200,201906,1,15,000000000,1,01,202412,0,0,02,0,12,0,0,0,C60,
473032905,INFERENCE THE INTERNATIONAL REVIEW OF SCIENCE INC,% DAVID BERLINSKI,CHEZ BERLINSKI 14 RUE CHANOINESSE,FRANCE,,00000-0000,0000,03,3,2800,201507,1,03,000000000,1,01,202407,4,1,00,1,07,127258,1,,U20,
473268390,SAKURA VOLLEYBALL CLUB,% ANTHONY S SAN NICOLAS,PSC 473 BOX 329,FPO,AP,96349-0004,0000,03,3,1000,201609,1,16,000000000,5,01,202312,0,0,02,0,12,0,0,0,N60,
473341861,31 MXS BOOSTER CLUB,,31 MXS/CSS UNIT 6235 BOX 130,APO,AE,09604-6235,0000,03,3,1000,202507,1,04,000000000,5,01,,0,0,00,1,03,,,,W30,
473384664,NORTHWEST BAPTIST THEOLOGICAL COLLEGE,,LANGLEY BC V2Y1Y1,CANADA,,00000-0000,0000,03,3,2700,202205,4,11,000000000,1,01,202512,7,6,01,0,12,9730948,2211936,2211936,B42,NORTHWEST BAPTIST SEMINARY
473505271,SCOTT MENTORSHIP GOLF TOURNAMENT GROUP,% ABRAHAM MORRALL,FAYETTEVILLE GA 30215,GEORGIA,,00000-0000,0000,03,3,1000,201602,1,15,000000000,5,01,202512,0,0,02,0,12,0,0,0,W12,
473572457,LOCAL IMPACT FOR FAMILIES AND TEAM OSAN,,OPC 3 BOX 2065-3,APO,AP,96266-0000,0000,03,3,1000,202604,1,16,000000000,1,01,,0,0,01,0,12,,,,P29,
473645950,ROTARY CLUB OF SWANSEA ILLINOIS FOUNDATION,,BELLEVILLE IL 62223,AFGHANISTAN,,00000-0000,0000,03,3,1200,201504,1,16,000000000,1,01,202512,0,0,02,0,12,0,0,0,W12,
474050443,OPPORTUNITY TRANSFORMING LIVES,% NAJIY SABIR,CLEVELAND 44112,AFGHANISTAN,,00000-0000,0000,03,3,1000,201704,1,16,000000000,1,01,202312,0,0,02,0,12,0,0,0,S20,
474192714,LAYING FOUNDATION LIFE CENTER,,GAINESVILLE GA 30507,GEORGIA,,00000-0000,0000,03,3,1000,201606,1,15,000000000,1,01,202412,0,0,02,0,12,0,0,0,P20,
474221220,ARMED FORCES COMMUNICATIONS AND ELECTRONICS ASSOCIATION,% TODD WEINGEROFF,PSC 469 BOX 1193,APO,AE,09227-0012,3185,06,9,2000,198209,2,00,065207000,1,01,202412,0,0,02,0,12,0,0,0,,EIFEL CHAPTER
474229127,AFCEA EDUCATIONAL FOUNDATION,% TODD WEINGEROFF,PSC 469 BOX 1193,APO,AE,09227-0012,3207,03,9,1200,198410,1,15,040041000,1,01,202509,0,0,02,0,09,0,0,0,,EIFEL CHAPTER
474623269,AVIANO THRIFT SHOP,% RACHEL ODEN,PSC 103 BOX 6122,APO,AE,09604-0000,0000,03,3,1000,201507,1,16,000000000,5,01,202512,0,0,02,0,12,0,0,0,P29,
474876564,ITEOE BUSINESS INTERNATIONAL INC,% RAY LOVE HENDRICKS,ACCRA GREATER ACCRA REG,GHANA,,00000-0000,0000,03,3,1000,201905,1,15,000000000,1,01,202512,0,0,02,0,12,0,0,0,J99,
475085767,MILITARY ORDER OF THE COOTIE OF THE UNITED STATES,% BARRY L LARSON,PSC 517 BOX 4868R,FPO,AP,96517-0049,1710,04,9,1000,196501,2,00,907000000,5,01,202312,0,0,02,0,12,0,0,0,,PUP TENT 15 MIGHTY PINATUBO
475111083,CARING HEALTH CONCIERGE INC,% CINDY L JOSEPH,KINGSHILL 00851,BRITISH VIRGIN ISLANDS,,00000-0000,0000,03,3,1200,202603,1,15,000000000,1,01,202512,0,0,02,0,12,0,0,0,E60,
475272996,SIR AKOMA MEMORIAL FOUNDATION,% UGOCHUKWU ENYINNAYA AKOMA,PO BOX 12551,TAMUNING,GU,96931-2551,0000,03,3,1000,201602,1,15,000000000,1,01,202312,0,0,02,0,12,0,0,0,P33,
475497144,LOVE 4 LUKE CORPORATION,% MARY JO DUNN,GLASTONBURY 06033,THE BAHAMAS,,00000-0000,0000,03,3,1200,201603,1,16,000000000,1,01,202512,0,0,02,0,12,0,0,0,P20,
510138426,NAVAL HOSPITAL CHILD CARE CENTER,,BOX 44,FPO,AP,96630-0000,0000,03,3,1000,197507,1,15,574000000,5,01,,0,0,14,0,12,,,,,
510193613,TRI-VALLEY RIDERS,% SONJA,RIVERSIDE CA 92504,CANADA,,00000-0000,0000,04,3,3000,197607,2,00,297317318,1,01,202412,0,0,02,0,12,0,0,0,,
510195059,TOASTMASTERS INTERNATIONAL,% EMCEE 20,LA PIEDAD MIC 59334,MEXICO,,00000-0000,0820,03,9,2000,194505,1,16,059319000,5,01,202512,0,0,02,0,12,0,0,0,,20 EMCEE 20
510210881,AMERICAN FEDERATION OF TEACHERS,% MARIE SAINZ-FUNARO,PSC 90 BOX 133,APO,AE,09822-0002,0787,05,9,3000,196711,2,00,263264279,5,01,202509,4,4,01,0,09,470705,284901,284901,,OVERSEAS FEDERATION OF TEACHERS
510252071,AIR FORCE SERGEANTS ASSOCIATION,% MICHAEL A WINNE,PSC 78 BOX 3013,APO,AP,96326-0031,1758,19,9,1000,197205,2,00,480908000,5,01,,0,0,01,0,12,,,,,1551 CHAPTER
510252106,AIR FORCE SERGEANTS ASSOCIATION,% ADAM MILLER JANSTA,PSC 41 BOX 4218,APO,AE,09464-0043,1758,19,9,1000,197205,2,00,480908000,5,01,,0,0,01,0,12,,,,,1669 CHAPTER
510252107,AIR FORCE SERGEANTS ASSOCIATION,% MASON HARNEY,PSC 47 BOX 1078,APO,AE,09470-0011,1758,19,9,1000,197205,2,00,480908000,5,01,,0,0,02,0,12,,,,,1665 CHAPTER
510252110,AIR FORCE SERGEANTS ASSOCIATION,% ANTHONY MARKETTE,PSC 50 BOX 962,APO,AE,09494-0010,1758,19,9,1000,197205,2,00,480908000,5,01,,0,0,02,0,12,,,,,1671 CHAPTER
510255903,ARMED FORCES COMMUNICATIONS AND ELECTRONICS ASSOCIATION,% KEITH REPIK,86 MWR RAB BLDG 412 BOX 29,APO,AE,09094-0000,3185,06,9,2000,198209,2,00,065000000,1,01,202512,0,0,02,0,12,0,0,0,,KAISERSLAUTERN CHAPTER
510262624,AMERICAN FRIENDS OF THE NATL MUSEUM OF BERMUDA INC,,MANGROVE BAY MA BX,BERMUDA,,00000-0000,0000,03,3,1000,198204,1,15,060030000,1,01,202512,3,5,01,0,12,87375,607670,505131,,
510324414,AEGEAN CENTER FOR THE FINE ARTS INC,% THE AEGEAN CENTER,PAROS KYKLADES 84400,GREECE,,00000-0000,0000,03,3,2000,199209,2,11,046030000,1,01,202512,0,0,02,0,12,0,0,0,A6E0,
510344117,THE LAY CENTRE AT FOYER UNITAS INSTITUTE,% THE LAY CENTRE AT FOYER UNITAS IN,ROMA RM 00184,ITALY,,00000-0000,0000,03,3,1200,199304,2,16,042000000,1,01,202507,4,5,01,0,07,295493,671705,671705,B80Z,
510381264,UNITED STATES OPEN UNIVERSITY INC,% FINANCE AND BUSINESS SERVICES,MILTON KEYNES MK7 6AA,UNITED KINGDOM,,00000-0000,0000,03,3,1000,200004,2,17,000000000,1,01,202507,1,0,02,0,07,1,0,0,B40,
510381265,OPEN UNIVERSITY WORLDWIDE USA INC,% FINANCE AND BUSINESS SERVICES,MILTON KEYNES MK7 6AA,UNITED KINGDOM,,00000-0000,0000,03,3,1000,200209,2,17,000000000,1,01,202507,1,0,02,0,07,1,0,0,Q113,
516018405,AMERICAN OVERSEAS SCHOOL OF ROME INC,,00189 ROME RM,ITALY,,00000-0000,0000,03,3,2000,196212,2,15,030000000,1,01,202506,8,8,01,0,06,27251666,16851226,16851226,B24Z,
521053557,AMERICAN FISHERIES SOCIETY,% JOHN MCGEE,TAYMOUTH NB E6C2B2,CANADA,,00000-0000,2378,03,9,1280,197211,1,16,350059000,5,01,202512,0,0,02,0,12,0,0,0,,ATLANTIC INTERNATIONAL CHAPTER
521128190,NATIONAL SHELLFISHERIES ASSOCIATION,% CHRISTOPHER V DAVIS,CHELSEA QC J9B 1N2,CANADA,,00000-0000,0000,03,3,2000,197811,1,16,123120000,1,01,202509,5,4,01,0,09,560643,251192,248470,D033,MINISTRY OF AGRICULTURE FISHERIES F
521182681,LAKEFIELD COLLEGE SCHOOL FOUNDATION AMERICAN INC,,LAKEFIELD ON K0L2H0,CANADA,,00000-0000,0000,03,3,1000,198002,4,04,602000000,1,01,202506,1,1,00,1,06,1,2927,,Q113,
521220321,INTERNATIONAL BUSINESS AVIATION COUNCIL INC,% 999 UNIVERSITY ST STE 16 33,MONTREAL QUEBEC H3C 5J9,CANADA,,00000-0000,0000,06,3,2000,198201,2,00,200480000,1,01,202512,6,6,01,0,12,1161025,3061845,3059630,,
521291786,ASSOCIATION FOR WOMENS RIGHTS IN DEVELOPMENT,,TORONTO M5T 2C2,CANADA,,00000-0000,0000,03,3,2000,198308,4,16,205123000,1,01,202412,8,7,01,0,12,28979802,6688966,6688966,Q700,
521459222,MAMOU ELDERLY HOUSING DEVELOPMENT CORPORATION,,100 TORRE SANCHEZ ERAZO SUITE ADMI,BAYAMON,PR,00959-8201,0000,03,3,1000,200206,1,15,160000000,1,01,202503,6,5,01,0,03,1374199,623359,623359,L21Z,SAVOY HEIGHTS-MAMOU ELDERLY HOUSING
521503236,WORLD ASSOCIATION FOR INFANT MENTAL HEALTH INC,% HIRAM E FITZGERALD PHD,TAMPERE 33014,FINLAND,,00000-0000,0000,03,3,1200,198704,2,16,123000000,1,01,202512,4,3,01,0,12,473418,65296,65296,,
521580447,AFRICAN ECONOMIC RESEARCH CONSORTIUM INC,,NAIROBI,KENYA,,00000-0000,0000,03,3,1000,198906,1,15,124000000,5,01,202503,8,8,01,0,03,29254761,15409899,8554150,Q320,
521655900,RESERVE ORGANIZATION OF AMERICA,% FAR EAST DEPARTMENT,YOKOHAMA 222-0012,JAPAN,,00000-0000,0000,19,3,1000,202410,2,00,907908000,5,01,,0,0,01,0,04,,,,,
521672838,AARP 4710 HATO REY,% TAX DEPT,MONTECILLO 2 VIA PEDREGAL APTD 2101,TRUJILO ALTO,PR,00976-0000,1867,04,9,3000,197104,2,00,575000000,5,01,,0,0,02,0,12,,,,,4710 HATO REY
521685933,AMERICAN CHAMBER FOUNDATION PHILIPPINES INC,,SALCEDO VILLAGE MAKATI CITY,PHILIPPINES,,00000-0000,0000,03,3,1000,198808,1,15,040000000,1,01,202512,0,0,02,0,12,0,0,0,B82,
521809771,INTERNATIONAL SOCIETY FOR CELLULAR THERAPY,% ABE GRANAT,VANCOUVER BRITISH COLUMBIA V6C 1A5,CANADA,,00000-0000,0000,03,3,1000,199411,4,15,199000000,1,01,202412,8,7,01,0,12,13218140,7494736,7494736,,
521860470,HISPANIC EDUCATIONAL TECHNOLOGY SERVICES INC,% YUBELKYS MONTALVO,PO BOX 191293,SAN JUAN,PR,00919-1293,0000,03,3,1200,199404,1,15,994059000,1,01,202506,4,4,01,0,06,348349,367053,367053,B99,
521877778,TOASMASTERS INTERNATIONAL,% AMBASSADORS OF SPEECH CLUB,CAROMB 84330,FRANCE,,00000-0000,0820,03,9,2000,194505,1,16,059319000,5,01,202512,0,0,02,0,12,0,0,0,,9898 AMBASSADORS OF SPEECH CLUB
521945379,FONDO MEXICANO PARA LA CONSERVACION DE LA NATURALEZA AC,% WORLD WILDLIFE FUND,MEXICO CITY 04010,MEXICO,,00000-0000,0000,03,3,1200,199512,4,15,379000000,1,01,202412,9,9,01,0,12,220685957,57137320,57137320,C99Z,MEXICAN NATURE CONSERVATION FUND AC
521960422,U S FOUNDATION FOR QUEENS UNIVERSITY AT KINGSTON,% MICHELLE FUKO,KINGSTON ON K7L 3N6,CANADA,,00000-0000,0000,03,3,1000,199603,4,15,994000000,1,01,202504,3,7,01,0,04,95496,5240101,5240101,,
521970455,CARLETON UNIVERSITY FOUNDATION U S,% CAPLAN & DRYSDALE,OTTAWA ONTARIO K1S 5B6,CANADA,,00000-0000,0000,03,3,1000,199604,4,16,994059602,1,01,202512,1,1,02,0,12,722,8551,8551,T30,
522007608,AMERICAN FRIENDS OF MACHON DANIEL INC,% YONA VOGEL,JERUSALEM JERUSALEM 93878,ISRAEL,,00000-0000,0000,03,3,1000,199703,1,15,994029000,1,01,202412,3,4,01,0,12,83356,108110,108110,T99,
522039091,AMERICAN SCHOOL OF WARSAW FOUNDATION INC,% UL WARSZAWSKA 202,KONSTANCINJEZIORNA 05-520,POLAND,,00000-0000,0000,03,3,1000,199809,2,15,059000000,1,01,202506,8,7,14,0,06,42543550,5134127,5134127,Q113,
522065453,INTERNATIONAL DOI FOUNDATION INC,% VIRGINIA HENDRICKS,RICHMOND SURREY TW9 1EU,UNITED KINGDOM,,00000-0000,0000,06,3,1200,199806,2,00,200000000,1,01,202412,6,6,01,0,12,1707373,1139144,1139144,,
522168278,BRIERCREST FAMILY OF SCHOOLS USA,% WARREN DUECK,VANCOUVER BC V6E 0C9,CANADA,,00000-0000,0000,03,3,1000,199911,1,15,000000000,1,01,202506,0,0,02,0,06,0,0,0,B82,
522241962,ACCESS TO RACIAL & CULTURAL HEALTH INSTITUTE INC,% ROSALIND PARKER,22 D EST LA GRAND PRINCESS STE 4,ST CROIX,VI,00820-0000,0000,03,3,1200,200007,1,15,000000000,1,01,202412,3,5,01,0,12,87133,584494,584494,P20,
522253278,U STREET INC,,100 AVE BORINQUEN 6015,AGUADILLA,PR,00603-0000,0000,03,3,1000,202404,1,15,000000000,1,01,202512,0,0,02,0,12,0,0,0,A68,
522290427,CROPLIFE LATIN AMERICA INC,% CARLOS BUZIO,SAN JOSE SAN JOSE 1756-1000,COSTA RICA,,00000-0000,0000,06,3,2000,200112,2,00,000000000,1,01,202412,6,6,01,0,12,2550801,2736564,2736564,Q31,
522343746,UNIQUE XPRESSIONS MINISTRIES INC,% SHARON AMEY,PO BOX 303764,ST THOMAS,VI,00803-3764,0000,03,3,1200,201406,1,15,000000000,1,01,202512,4,0,02,0,12,288548,0,0,B19,
522450435,EDUQUEMOS PARA LA VIDA INC,% URB VILLAS DEL NORTE,116 CALLE AMATISTA,MOROVIS,PR,00687-3739,0000,03,3,2000,202105,1,15,000000000,1,01,202412,4,5,01,0,12,200592,988281,988281,,
529771107,PHILIPPINE-AMERICAN EDUCATION FOUNDATION,% JULIO S AMADOR III,MANDALUYONG CITY METRO MANILA 1550,PHILIPPINES,,00000-0000,0000,03,3,2000,197809,2,15,040044000,2,01,202509,7,6,01,0,09,9780576,3601981,3601981,,
540519785,BEDFORD COUNTY CHAMBER OF COMMERCE,,BEDFORD 24523,NORWAY,,00000-0000,0000,06,1,3000,194506,2,00,200403402,1,01,202312,1,4,01,0,12,8040,221895,221895,S41Z,
541574776,TDC RESEARCH FOUNDATION,,ST CATHARINES CA L2T 1W7,CANADA,,00000-0000,0000,03,3,1000,199203,1,04,040000000,1,01,202512,4,1,00,1,12,186388,3106,,,
541773124,GLOBAL POSSE PRODUCTIONS INC,% MUKWAE WABEI M SIYOLWE,BROOKLYN NEW YORK 112053618,MALAWI,,00000-0000,0000,03,3,1000,200312,1,15,000000000,1,01,202412,0,0,02,0,12,0,0,0,A25,
541936855,SKOPELOS FOUNDATION FOR THE ARTS,% SCOTT SOMER,SKOPELOS ISLAND 37003,GREECE,,00000-0000,0000,03,3,1200,200409,2,15,000000000,1,01,202412,4,3,01,0,12,227894,77382,77382,A20,
542106676,WATCH TOWER BIBLE AND TRACT SOCIETY OF GUAM,% ARTHUR A WHITE,143 JEHOVAH ST,BARRIGADA,GU,96913-1264,0000,03,3,7000,200312,1,10,000000000,1,01,,0,0,06,0,08,,,,X20,
550873927,HOPE WADDELL OLD STUDENTS ASSOCIATION NORTH AMERICA,% SONNI OBERU ARIBIAH,ELLICOTT CITY 21042,NIGERIA,,00000-0000,0000,03,3,1000,200704,1,15,000000000,1,01,202406,0,0,02,0,06,0,0,0,Q30,
560811325,HOLLY HILL WESLEYAN CHURCH,,THOMASVILLE,ALBANIA,,00000-0000,2079,03,9,7200,197005,1,10,601030000,5,01,,0,0,06,0,12,,,,,
561116416,AMERICAN LEGION,% THE AMERICAN LEGION WAYNE NC,DUDLEY NC 28333,NEW CALEDONIA,,00000-0000,0925,19,9,1000,194603,1,00,907908000,5,01,202412,0,0,02,0,12,0,0,0,,0011 WAYNE INC
561978798,ORGANIZATION OF CHRISTIAN MINISTRIES INC,% REV JAMES KINYANJUI,NAKURU NAKURU 01000,KENYA,,00000-0000,0000,03,3,1700,200202,1,15,000000000,1,01,202512,0,0,02,0,12,0,0,0,X20,
562331353,DR LUIS BAEZ DIAZ BREAST CANCER FOUNDATION OF PUERTO RICO,% MARIA A BENITEZ,PO BOX 193557,SAN JUAN,PR,00919-3557,0000,03,3,2000,200705,1,15,000000000,1,01,202412,6,6,01,0,12,3285936,1726054,1726054,G32,SUSAN G KOMEN PUERTO RICO INC
562453653,INTERNATIONAL COUNCIL ON WOMENS HEALTH ISSUES,% CLAIRE FAGIN HALL,WOOLLAHRA NSW 2025,AUSTRALIA,,00000-0000,0000,03,3,2000,201411,1,15,000000000,1,01,202512,0,0,02,0,12,0,0,0,E03,
581248962,AMERICAN LEGION AUXILIARY,% PHYLLIS BOYD,CHATSWORTH GA 30705,GEORGIA,,00000-0000,0964,19,9,1000,194610,1,00,319000000,5,01,202512,0,0,02,0,12,0,0,0,,167 MURRAY COUNTY
581438275,THE CLASSIFICATION SOCIETY,% BRIAN FRANCZAK,EDMONTON,CANADA,,00000-0000,0000,03,3,1200,202207,1,15,205000000,1,01,202505,0,0,02,0,05,0,0,0,H03,
581496222,SPRING OF LIVING WATER,,FARMVILLE,ALBANIA,,00000-0000,1619,03,9,7000,000000,1,10,001030059,5,01,,0,0,06,0,06,,,,,PENTECOSTAL HOLINESS CHURCH
582015174,AMVETS,% CSM FRANK SIMMONS,SANDERSVILLE POB 284 31082,GEORGIA,,00000-0000,0838,19,9,1000,194505,1,00,907000000,5,01,202408,0,0,02,0,08,0,0,0,,0110 GA
582016135,THE CONCERNED CITIZENS COMMUNITY CLUB OF BOSTON GEORGIA INC,% JIMMIE BACON,BOSTON US 31626,GEORGIA,,00000-0000,0000,03,3,1000,201406,1,15,000000000,1,01,202512,0,0,02,0,12,0,0,0,S99,
582025963,SCOUTS ON STAMPS SOCIETY INTERNATIONAL INC,% J ALEX HADDEN,RICHMOND BC V6Y1A3,CANADA,,00000-0000,0000,03,3,2000,201611,1,16,281000000,1,01,202512,3,1,02,0,12,46756,9275,9275,O40,
582312603,LOIS E & R DUKE MILLER FAMILY FOUNDATION INC,% R DUKE MILLER,ALEXANDRIA ONTARIO K0C 1A0,CANADA,,00000-0000,0000,03,3,1000,199801,1,04,602000000,1,01,202512,4,4,00,1,12,317851,221406,,T90Z,
582635318,NATIONAL HOCKEY LEAGUE COACHES ASSOCIATION,% MICHAEL HIRSHFELD,TORONTO ON M4C 1C4,CANADA,,00000-0000,0000,06,3,2000,200303,2,00,000000000,1,01,202412,4,5,01,0,12,496429,979620,902053,S41,
592606654,INTERNATIONAL BUREAU FOR EPILEPSY,% OFFICE 0208 NESTA BUSINESS CENTRE,SANDYFORD DUBLIN 17,IRELAND,,00000-0000,0000,03,3,1000,198502,2,15,000000000,5,01,202412,6,5,01,0,12,1809469,935491,935491,G54Z,
592649388,DOGWOOD PARK BAPTIST CHURCH,,MOLINO,ALGERIA,,00000-0000,2024,03,9,7200,196908,1,10,059029000,5,01,,0,0,06,0,09,,,,,
610645199,COLONEL HARLAND SANDERS FOUNDATION INC,% WILLIAM KARNY,1C4,CANADA,,00000-0000,0000,03,3,1000,196412,4,04,280000000,1,01,202512,7,5,00,1,12,8753015,900715,,,
611417308,SOCIEDAD AMBIENTE MARINO INC,% SAMUEL SULEIMAN,URB VILLA NEVARES 1130 CALLE 3,SAN JUAN,PR,00921-0000,0000,03,3,1000,201305,1,15,000000000,1,01,202512,6,6,01,0,12,1021934,1457685,1457685,B80,
611497135,NIRVANA TEMPLE INC,% MAY TRIEU,42 KRONPRINDSENS GADE,ST THOMAS,VI,00802-0000,0000,03,3,7200,200807,1,10,000000000,1,01,,0,0,06,0,12,,,,X50,
611600780,WORLD CHILDRENS PRIZE FOR THE RIGHTS OF THE CHILD USA,,MARIEFRED 647 30,SWEDEN,,00000-0000,0000,03,3,1000,201006,1,15,000000000,1,01,202512,0,0,02,0,12,0,0,0,O99,
611733844,ALPHA PHI OMEGA,% INTERAMERICAN UNIVERSITY SAN GERM,PO BOX 5100,SAN GERMAN,PR,00683-9801,1113,03,9,1000,196606,1,16,036000000,5,01,202312,0,0,02,0,12,0,0,0,,PSI ETA CHAPTER
611735944,JOCKS INFLUENCE LIMITED,% BETH BISSO BLOOD,LONDON EC4M 7AN,UNITED KINGDOM,,00000-0000,0000,03,3,1000,201410,1,04,000000000,1,01,202412,5,4,00,1,12,515832,162644,,T20,
611793315,SHOEBOX PROJECT FOR SHELTERS INC,,TORONTO ON M6H 4K9,CANADA,,00000-0000,0000,03,3,1000,201610,1,15,000000000,1,01,202503,0,0,01,0,03,0,0,0,P85,
611889562,VILLAGES OF HOPE AFRICA SOCIETY,,MISSISSAUGA ON L5N 5Z6,CANADA,,00000-0000,0000,03,3,1000,202206,1,15,000000000,1,01,202412,4,5,01,0,12,164754,557468,557468,P30,
611951638,A@BETTER WORLD HELPING HANDS USA,,LACOMBE AB T4L 2A6,CANADA,,00000-0000,0000,03,3,1000,202011,1,15,000000000,1,01,202512,3,3,01,0,12,42075,53817,53817,Q33,
611988490,KINVEST IMPACT FOUNDATION,,ALDERGROVE BRITISH COLUMBIA V4W 3X2,CANADA,,00000-0000,0000,03,3,1000,202205,1,15,000000000,1,01,202506,1,4,01,0,06,1206,218169,218169,Q11,
611991705,TOP 10 FOUNDATION INC,,MIAMI DOMENICAN REPUBLI 33131,DOMINICAN REPUBLIC,,00000-0000,0000,03,3,1000,202202,1,15,000000000,1,01,202512,0,0,02,0,12,0,0,0,P20,
611995257,TRANSPLANT INFECTIOUS DISEASE INC,% JOHN BADDLEY,MONTREAL QUEBEC H3C 3X6,CANADA,,00000-0000,0000,03,3,1200,202309,1,16,000000000,1,01,202512,0,0,02,0,12,0,0,0,G03,
612032838,TOASTMASTERS INTERNATIONAL,% ONLINE PRESENTERS,ST ANDREW KSA,JAMAICA,,00000-0000,0820,03,9,2000,194505,1,16,059319000,1,01,202512,0,0,02,0,12,0,0,0,,5987684 ONLINE PRESENTERS
612104373,TOASTMASTERS INTERNATIONAL,% NEURODIVERSE LEADERSHIP TOASTMASR,AJIJIC JALISCO 45920,MEXICO,,00000-0000,0820,03,9,2000,194505,1,16,059319000,1,01,202512,0,0,02,0,12,0,0,0,,28675344 NEURODIVERSE LEADERSHIP TS
612106878,FRIENDS OF UFARATZTA CENTER OF JERUSALEM INC,% SHAKED MAYNER,JERUSALEM 9439034,ISRAEL,,00000-0000,0000,03,3,1270,202309,1,15,000000000,1,01,202511,0,0,02,0,11,0,0,0,X11,
612269965,VERITREE FOUNDATION,,VANCOUVER BC V6A 2E4,CANADA,,00000-0000,0000,03,3,1000,202509,1,15,000000000,1,01,202512,0,0,02,0,12,0,0,0,T99,
612307682,ALASOW FOUNDATION INTERNATIONAL INC,% DAHIR ALASOW,BREDA,NETHERLANDS,,00000-0000,0000,03,3,1000,202602,1,15,000000000,1,01,,0,0,01,0,12,,,,P20,
612330129,UN GANCIO AL PARKINSON ASSOCIATION,,FLORENCE TUSCANY 50136,ITALY,,00000-0000,0000,03,3,1000,202603,1,15,000000000,1,01,202512,0,0,02,0,12,0,0,0,G80,
631014969,IN HIS SERVICE MINISTRIES,% JENNY MERNICKLE,EDMONTON AB T6B156,CANADA,,00000-0000,1620,03,9,7000,196402,1,10,001029000,5,01,,0,0,06,0,12,,,,,
640811216,FIRST ASSEMBLY OF GOD,% MARY ANN SMITH,HORN LAKE,AKROTIRI,,00000-0000,1678,03,9,7000,196408,1,10,001002029,5,01,,0,0,06,0,12,,,,,
650216638,EVERGLADES COLLEGE INC,% BRIAN GARRETT,COND EL MIRADOR,SAN JUAN,PR,00915-2866,0000,03,3,2000,200108,1,11,000000000,1,01,202412,9,9,01,0,12,968311644,663296165,663296165,B42,EVERGLADES UNIVERSITY
650225746,RELIGIOUS OF THE APOSTOLATE OF FLORIDA INC,,PO BOX 8300,PONCE,PR,00732-8300,0928,03,9,1700,194603,1,10,031150120,5,01,,0,0,06,0,12,,,,,
650909569,CHRISTIAN LEWIS CHILDRENS CANCER CARE INC,% STEEL HECTOR & DAVIS LLP,SWANSEA SA2 0GB,UNITED KINGDOM,,00000-0000,0000,03,3,1000,200004,2,04,000000000,1,01,202508,1,1,00,1,08,1,1,,P74,
650909590,CHRISTIAN LEWIS HOLDINGS INC,% STEEL HECTOR & DAVIS LLP,SWANSEA SA20GB,UNITED KINGDOM,,00000-0000,0000,02,3,1000,200004,2,00,000000000,1,01,202508,3,2,02,0,08,95122,24000,24000,S47,
651257126,PRAISEGATE INTERNATIONAL MINISTRIES,% JONAS BERGSTEN,ARJANG 67294,SWEDEN,,00000-0000,0000,03,3,7000,200607,1,15,000000000,5,01,202512,0,0,02,0,12,0,0,0,X20,
660056721,AMERICAN LEGION,% HARRY E TROCHE,HC O1 BOX 1151,BOQUERON,PR,00622-0000,0925,19,9,1000,194603,2,00,907908000,5,01,202512,0,0,02,0,12,0,0,0,W30,0154 LUIS HERNANDEZ RODRIGUEZ
660176861,BENEVOLENT & PROTECTIVE ORDER OF ELKS OF THE USA,,PO BOX 191982,SAN JUAN,PR,00919-1982,1156,08,9,1000,197210,1,00,279265000,5,01,,0,0,00,0,03,,,,,0972 SAN JUAN
660177776,INTER AMERICAN UNIVERSITY OF PUERTO RICO,,PO BOX 363255,SAN JUAN,PR,00936-3255,0000,03,3,2700,194307,1,11,030000000,1,01,202506,9,9,01,0,06,812184680,247725714,246380438,B430,
660177824,PRESBYTERIAN COMMUNITY HOSPITAL INC,,1451 ASHFORD AVENUE,SAN JUAN,PR,00907-1511,0000,03,3,1000,194905,1,12,059179150,1,01,202506,8,9,01,0,06,48780986,79011518,78516145,,
660178704,SOCIEDAD ESPANOLA DE AUXILIO MUTUO Y BENEFICENCIA DE PUERTO RICO,% MARIA DE L MARTI,PO BOX 191227,SAN JUAN,PR,00919-1227,0000,03,1,1000,198106,1,12,150000000,1,01,202409,9,9,01,0,09,294358007,123531241,112831708,E220,
660182607,PUERTO RICO MANUFACTURERS ASSOCIATION,,PO BOX 195477,SAN JUAN,PR,00919-5477,0000,06,3,2000,202503,2,00,200000000,1,01,202506,6,6,01,0,06,3766776,4022659,4022659,S41,
660183310,HOSPITAL DAMAS INC,,2213 PONCE BY PASS,PONCE,PR,00717-0000,0928,03,9,1000,199701,0,10,000000000,1,01,202412,8,9,06,0,12,48038291,77074774,74012035,,
660189899,CENTRO UNIDO DE DETALLISTAS,% LOURDES M APONTE RODRIGUEZ,PO BOX 190127,SAN JUAN,PR,00919-0127,0000,06,3,3000,201708,2,00,000000000,1,01,202412,7,6,01,0,12,5386408,2414220,2414220,S40,
660190492,CAMARA DE COMERCIO DE PONCE Y SUR DE PUERTO RICO,,PO BOX 7455,PONCE,PR,00732-7455,0000,06,3,3000,200709,2,00,000000000,1,01,202506,4,4,01,0,06,405822,487470,487470,S41,
660190784,THE YOUNG MENS CHRISTIAN ASSOCIATION OF SAN JUAN,,PO BOX 360590,SAN JUAN,PR,00936-0590,0000,03,3,2000,201809,1,15,324029349,1,01,202412,7,6,01,0,12,7997426,3892803,3838484,N30,
660191841,PUERTO RICO CANCER AND HEALTH FOUNDATION INC,% FERNANDO CRUZ-DOMINICCI,PO BOX 8219,PONCE,PR,00732-8219,0000,03,3,1000,200005,1,12,000000000,1,01,202306,6,3,01,0,06,4252025,73599,73599,E24,
660191857,COLEGIO PONCENO INC,,1900 CARR 14,COTO LAUREL,PR,00780-2147,0928,03,9,7100,194603,1,11,000000000,5,01,,7,6,13,0,12,,,,,
660191935,CASA DE NINOS MANUEL FERNANDEZ JUNCOS INC,,PO BOX 9020163,SAN JUAN,PR,00902-0163,0000,03,3,1000,199106,1,15,326000000,1,01,202406,6,6,01,0,06,1922007,1299221,1299221,,
660191965,PONTIFICAL CATHOLIC UNIVERSITY OF PUERTO RICO,% THE ORGANIZATION,2250 BLVD LUIS A FERRE SUITE 523,PONCE,PR,00717-0655,0928,03,9,1200,194603,1,11,000000000,5,01,202506,9,9,01,0,06,192785342,101357950,71352789,B430,
660192508,SEMINARIO EVANGEICO DE PR,,776 AVE PONCE DE LEON,SAN JUAN,PR,00925-2207,0000,03,3,7000,199110,1,11,000000000,1,01,,0,0,13,0,05,,,,,
660192808,PRIMERA IGLESIA BAUTISTA DE RIO PIE DRAS INC,,BRUMBAUGH 1058 RP-PO BOX 21342,SAN JUAN,PR,00926-0000,3125,03,9,7000,195504,1,10,001000000,5,01,,0,0,06,0,12,,,,,8111
660194027,ASOCIACION DE MAESTROS DE P R,,PO BOX 191088,SAN JUAN,PR,00919-1088,0000,05,3,3000,201909,2,00,000000000,1,01,202306,8,8,01,0,06,12382490,31588171,31588171,J40,ASOCIACION DE MAESTROS DE P R
660194690,COLEGIO DE ABOGADOS DE P R,% COLE,808 AVE PONCE DE LEON,SAN JUAN,PR,00907-3343,0000,06,3,2000,201902,2,00,000000000,1,01,202412,7,6,01,0,12,5728174,1674729,1518115,S41,
660196040,INSTITUTO PSICOPEDAGOGICO DE PUERTO RICO,% AIXA RIVERA ACCOUNTANT,PO BOX 363744,SAN JUAN,PR,00936-3744,0000,03,3,1000,200103,1,16,000000000,1,01,202506,6,7,01,0,06,3865991,6320646,6320646,F33,
660196638,LICEO PONCENO INC,% EDGARDO TORRES GONZALEZ,2825 AVE FD ROOSEVELT,PONCE,PR,00717-1225,0000,03,3,2000,202204,1,11,000000000,1,01,202506,6,6,01,0,06,4160583,1958552,1958552,B24,
660197812,COLEGIO DE INGENIEROS Y AGRIMENSORES DE PR,,PO BOX 363845,SAN JUAN,PR,00936-3845,0000,06,3,2000,194505,0,00,000000000,1,01,202508,8,7,01,0,08,46925176,6448936,6448936,,
660197834,IGLESIA EPISCOPAL PUERTORRIQUENA INC,,PO BOX 9262,SAN JUAN,PR,00908-0262,0000,03,3,7000,199902,1,10,000000000,1,01,,0,0,06,0,12,,,,,
660197896,COLEGIO SAN JOSE MARIANIST CORP,% BRO FRANCISCO T GONZALEZ,PO BOX 21300,SAN JUAN,PR,00928-1300,0000,03,3,2000,201008,1,11,000000000,1,01,202506,8,7,01,0,06,10631468,5803963,5803963,B25,
660199364,SAINT JOHNS SCHOOL,,1454 AVE ASHFORD 66,SAN JUAN,PR,00907-0000,0000,03,3,2000,196309,1,11,046030000,5,01,202506,8,8,01,0,06,31309563,15565044,15233635,B20Z,
660200470,CARIBE GIRL SCOUTS COUNCIL INC,,500 CALLE ELISA COLBERG,SAN JUAN,PR,00907-2607,0000,03,3,1200,199405,1,15,320000000,1,01,202306,6,6,01,0,06,3092419,1317364,706726,O420,
660201118,CRUZADA EVANGELICA MISIONERA,,PO BOX 362336,SAN JUAN,PR,00936-2336,0000,03,3,1700,202601,1,10,000000000,1,01,,0,0,06,0,12,,,,X20,
660201206,SISTEMA UNIVERSITARIO ANA G MENDEZ INCORPORADO,% ANA G MENDEZ,PO BOX 21345,SAN JUAN,PR,00928-1345,0000,03,3,1200,198102,1,11,046030000,1,01,202507,9,9,01,0,07,356148375,224262577,199610800,B430,
660201809,BOY SCOUTS OF AMERICA,% MARIA MOLINELLI,405 AVE ESMERALDA PMB 66,GUAYNABO,PR,00969-4482,1761,03,9,1200,196511,1,15,059328908,5,01,202412,7,6,01,0,12,5966532,2194548,2107277,,661 PUERTO RICO COUNCIL
660202913,HOGAR DE NINAS DE CUPEY INC,% BPPR,PO BOX 261150,SAN JUAN,PR,00926-2636,0000,03,3,1000,200001,1,15,000000000,1,01,202506,6,6,01,0,06,2415595,1118451,1118451,P430,
660204435,COLEGIO PUERTORRIQUENO DE NINAS,,208 CALLE TURQUESA,GUAYNABO,PR,00968-3401,0000,03,3,1200,201906,1,11,000000000,1,01,202507,7,7,01,0,07,9417900,6603411,5687809,B20,URB GOLDEN GATE
660204707,SOCIEDAD PRO HOSPITAL DEL NINO,% BEIRA JARAMILLO,PO BOX 2124,SAN JUAN,PR,00922-2124,0000,03,3,1000,202411,1,15,150000000,1,01,202506,8,8,01,0,06,16845786,11044105,11044105,E91,
660204776,BELLA VISTA HOSPITAL INC,,PO BOX 1750,MAYAGUEZ,PR,00681-1750,0000,03,3,7000,199601,1,12,150000000,1,01,,0,0,13,0,12,,,,E20Z,
660204831,YMCA OF PONCE INC PONCE,% YMCA OF PONCE INC,7843 CALLE NAZARET,PONCE,PR,00717-1005,0000,03,3,1700,201806,1,15,324029349,1,01,202412,5,6,01,0,12,975771,1079254,1070423,,
660205534,CABO ROJO INC CLUB DE LEONES DE,,I7 CALLE JULIA DE BURGOS,CABO ROJO,PR,00623-3351,0000,03,3,1000,202211,1,16,911520000,1,01,,0,0,01,0,06,,,,,
660205634,LIGA PUERTORRIQUENA CONTRA EL CANCER,,PO BOX 191811,SAN JUAN,PR,00919-1811,0000,03,3,1000,200410,1,12,000000000,1,01,202506,8,8,01,0,06,43957860,25722294,25722294,E22,
660206444,COOPERATIVE DE AHORRO Y CREDITO DE LARE,% CARLOS DE JESUS,PO BOX 362,LARES,PR,00669-0362,0000,14,3,1000,199102,2,00,251000000,1,01,202512,9,8,01,0,12,238785373,17047150,17047150,,DE LARE
660207156,UNIVERSIDAD DEL SAGRADO CORAZON INC,,PO BOX 12383,SAN JUAN,PR,00914-8505,0000,03,3,2000,202110,1,11,046030000,1,01,202506,9,9,01,0,06,84400648,64506879,51477726,B42,
660207947,SOCIEDAD DE EDUCACION Y REHABILITACION SER DE P R,,PO BOX 364189,SAN JUAN,PR,00936-4189,0000,03,3,1200,200206,1,15,000000000,1,01,202508,7,7,01,0,08,8599975,8290617,8290617,E50,
660208675,COLEGIO HOGAR ANGELES CUSTODIOS INC,% SISTER MARTA ORTIZ,PO BOX 368100,SAN JUAN,PR,00936-9100,0000,03,3,2000,201505,1,11,000000000,1,01,202412,5,6,01,0,12,990046,1273430,1273430,B20,
660210561,COLEGIO DE LA INMACULADA CONCEPCION INC,,PO BOX 3400,MANATI,PR,00674-3400,0000,03,3,2000,202506,1,11,000000000,1,01,202512,6,6,01,0,12,1358743,2371273,2371273,B28,
660212966,COLEGIO SAN IGNACIO DE LOYOLA,,1940 CALLE SAUCO,SAN JUAN,PR,00927-6718,0928,03,9,7000,194603,1,10,031150120,5,01,,0,0,06,0,07,,,,,
660214426,COLEGIO SAGRADO CORAZON DE JESUS,,PO BOX 331510,PONCE,PR,00733-1510,0928,03,9,1700,194603,1,10,000000000,5,01,,6,6,06,0,12,,,,,
660214491,COOPERATIVA DE AHORRO Y CREDITO DE ISABELA,% PLAZA COOPERATIVA BUILDING,PO BOX 552,ISABELA,PR,00662-0552,0000,14,3,1000,198602,2,00,250000000,1,01,202512,9,8,01,0,12,380596773,21670005,21670005,,
660215050,INSTITUTO DEL HOGAR CELIA Y HARRIS BUNKER INC,,1215 CALLE 3,SAN JUAN,PR,00926-1833,0000,03,3,1000,199802,1,15,166000000,1,01,202506,3,4,01,0,06,85706,140408,140408,P40Z,
660215656,UNITE HERE,% JASON RIVERA,PO BOX 13037,SAN JUAN,PR,00908-3037,8177,05,9,3000,199802,2,00,263261000,1,01,202512,5,5,01,0,12,809566,739275,739275,,610 GWU LOCAL DE PUERTO RICO
660216949,COLEGIO DE LA INMACULADA CONCEPCION,% SOR GLENDA RIOS,1711 AVE PONCE DE LEON,SAN JUAN,PR,00909-1985,0000,03,3,2000,201611,1,11,000000000,1,01,202512,0,0,02,0,12,0,0,0,B20,
660217266,COLEGIO BAUTISTA DE CAGUAS PUERTO RICO INC,% MARIA ELENA MUNOZ,PO BOX 6565,CAGUAS,PR,00726-6565,0000,03,3,2000,202506,1,11,000000000,1,01,202507,6,6,01,0,07,3927728,2976344,2976344,B20,
660217275,SOCIEDAD PARA ASISTENCIA LEGAL DE PUERTO RICO INC,,PO BOX 21490,SAN JUAN,PR,00928-1490,0000,03,3,1000,198004,1,15,462526000,1,01,202506,8,8,01,0,06,24185791,22101648,22100003,I80,
660217489,COOPERATIVE AHORRO Y CREDITO DE AGUADILLA,% AVENIDA SAN CARLOS,PO BOX 541,AGUADILLA,PR,00605-0541,0000,14,3,1000,198712,2,00,250000000,1,01,202412,9,8,01,0,12,155090862,11178035,11178035,,
660219031,FUNDACION MODESTO GOTAY PRO PERSONAS CON DISCAPACIDAD INTELECT,,PO BOX 665,TRUJILLO ALTO,PR,00977-0665,0000,03,3,1000,199902,1,15,031000000,1,01,202506,6,4,01,0,06,2529019,473491,473491,,
660219584,COOPERATIVA DE AHORRO Y CREDITO CAMUY,% MICHELLE FRANQUI,PO BOX 540,CAMUY,PR,00627-0540,0000,14,3,1000,198607,2,00,250000000,1,01,202512,9,8,01,0,12,359446053,24457120,24457120,,
660219758,MENNONITE GENERAL HOSPITAL INC,% THE ORGANIZATION,PO BOX 1379,AIBONITO,PR,00705-1379,0000,03,3,1000,197711,1,12,150000000,1,01,202503,9,9,01,0,03,929845114,471920750,417752399,E220,
660219759,WESLEYAN ACADEMY,% JOHN ROMAN,PO BOX 1489,GUAYNABO,PR,00970-1489,2079,03,9,7200,197005,2,10,601030000,5,01,,0,0,06,0,12,,,,,
660220429,COOPERATIVA DE AHORRO Y CREDITO DE MANATI INC,,PO BOX 30562,MANATI,PR,00674-8516,0000,14,3,1000,198607,2,00,251000000,1,01,202412,9,8,01,0,12,312426829,23873690,23873690,,
660223136,UNION CHURCH OF SAN JUAN,% BENJAMIN RUNYON,2310 CALLE LAUREL,SAN JUAN,PR,00913-4637,0000,03,3,7000,197008,1,10,001000000,1,01,,0,0,06,0,12,,,,,
660224450,COOPERATIVA DE AHORRO Y CREDITO SAN RAFAEL DE QUE,% SARA JIMENEZ,PO BOX 1531,QUEBRADILLAS,PR,00678-1531,0000,14,3,1000,198408,2,00,251000000,1,01,202512,9,8,01,0,12,232508588,17197361,17197361,,
660225596,UNION DE CARPINTEROS DE PUERTO RICO,% UNION DE CARPINTEROS,PO BOX 364506,SAN JUAN,PR,00936-4506,0000,05,3,3000,202302,2,00,000000000,5,01,202512,6,4,01,0,12,2117157,380579,380579,Y24,
660225823,CENTRO GERIATRICO SAN RAFAEL,% ASILO DE ANCIANOS,449 CALLE CERVANTES,ARECIBO,PR,00612-0000,0928,03,9,1200,194603,1,10,000000000,5,01,,0,0,06,0,12,,,,,
660226500,CARIBEAN SYNOD OF THE EVANGELICAL LUTHERAN CHURCH IN AMERICA,% MARIA M PREISACH PEREZ,359 PMB 425 CARR 693,DORADO,PR,00646-0000,9386,03,9,7000,198704,1,10,000000000,5,01,,0,0,06,0,12,,,,,
660226996,IGLESIAS BAUTISTAS DE PUERTO RICO,,PO BOX 6017 PMB 199,CAROLINA,PR,00984-6017,3125,03,9,7000,195504,1,10,001000000,5,01,,0,0,06,0,12,,,,,2493
660227304,HOSPITAL DE LA CONCEPCION INC,,PO BOX 285,SAN GERMAN,PR,00683-0285,0928,03,9,7000,194603,1,12,031150120,5,01,202412,9,9,01,0,12,120375264,116990590,111659468,,
660227873,COOPERATIVA DE AHORRO Y CREDITO DR M ZENO GANDIA,% COOPERATIVA DE AHORRA Y CREDITO M,PO BOX 1865,ARECIBO,PR,00613-1865,0000,14,3,1000,198507,2,00,000000000,5,01,202512,9,8,01,0,12,285772439,15944411,15944411,,
660227917,MONJAS DELA ORDEN DELA BIENAVENTURA DA VIRGEN MARIA DL MTE CARMELO INC,% MONASTERIO CARMELITA SAN JOSE INC,RR 2 BOX 135,SAN JUAN,PR,00926-9707,0000,03,3,7000,202409,1,10,000000000,1,01,,0,0,06,0,12,,,,X22,
660229702,ASOCIACION HOSPITAL DEL MAESTRO INC,,PO BOX 364708,SAN JUAN,PR,00936-4708,0000,03,3,1000,202111,1,12,000000000,1,01,202506,6,8,01,0,06,2234837,11004587,11004587,E20,
660232211,ASOCIACION UNITY DE CHRISTIANISMO PRACTICO DE PR INC,% ESTER OQUENDO DEMANTILLA,1555 CALLE VICTORIA PDA 23,SAN JUAN,PR,00912-0000,2062,03,9,2700,197002,1,10,059029000,5,01,,0,0,01,0,12,,,,,PR INC
660233596,ALLIANCE FRANCAISE DE PUERTO RICO,,206 CALLE ROSARIO,SAN JUAN,PR,00911-1930,0000,03,3,2000,201808,1,16,000000000,1,01,202412,5,5,01,0,12,899475,871127,871127,A20,
660234412,CARLOS ALBIZU UNIVERSITY INC,% NELSON E SOTO,PO BOX 9023711,SAN JUAN,PR,00902-3711,0000,03,3,1000,197401,1,15,000000000,1,01,202506,9,8,01,0,06,60462468,45815338,42068545,B12,FERRE MAURICIO
660234751,IGLESIA WESLEYANA DE CAPARRA,% CARLOS COLON ALVARADO,PO BOX 10483,SAN JUAN,PR,00922-0483,2079,03,9,7200,197005,1,10,601030000,5,01,,0,0,06,0,06,,,,,
660234885,CARIBBEAN SCHOOL INC,% GUSTAVO MUNOZ ALVARADO,1689 CALLE NAVARRA,PONCE,PR,00730-4043,0000,03,3,2000,196903,1,11,046030000,1,01,202506,6,6,01,0,06,4245432,4647613,4647613,,
660235625,LUIS A FERRE FOUNDATION INC,,2325 BLVD LUIS A FERRE,PONCE,PR,00717-0776,0000,03,3,1000,196609,1,15,602921040,1,01,202506,9,8,01,0,06,52707348,16229265,16200639,A510,
660237982,COOPERATIVA DE AHORRO Y CREDITO HATILLO,% AVE PABLO J AGULILAR EDIFICIO,PO BOX 95,HATILLO,PR,00659-0095,0000,14,3,1000,198702,2,00,250000000,1,01,202506,9,7,01,0,06,152488122,9409619,9409619,,COOPERATIVA DE AC DE HATILLO
660238586,JEWISH COMMUNITY CENTER OF PUERTO RICO,% PUERT,903 AVE PONCE DE LEON,SAN JUAN,PR,00907-3329,0000,03,3,7000,199401,1,10,001000000,1,01,,0,0,06,0,06,,,,,
660238635,PUERTO RICO CONVENTION BUREAU INC,,PO BOX 270076,SAN JUAN,PR,00928-2876,0000,06,3,1000,199801,2,00,200000000,1,01,,7,7,00,0,06,,,,,
660240779,COLEGIO DE CIRUJANOS DENTISTAS DE PUERTO RICO,,200 CALLE MANUEL DOMENECH,SAN JUAN,PR,00918-3537,0000,03,3,2000,201609,1,16,000000000,1,01,202502,6,6,01,0,02,2144328,1263383,1263383,G02,
660241624,IGLESIA EVANGELICA LUTERANA SANTISIMA TRINIDAD,% LOMAS VERDES,PO BOX 548,BAYAMON,PR,00960-0548,9386,03,9,7000,198704,1,10,001000000,1,01,,0,0,06,0,01,,,,,
660243651,FAJARDO ACADEMY FEDERICO GARCIA 55 ESQ DEL CARMEN,,PO BOX 1146,FAJARDO,PR,00738-1146,0000,03,3,2000,202109,1,11,000000000,1,01,202506,5,5,01,0,12,889992,780920,780920,B20,
660244040,CORPORACION EDUCATIVA RAMON BARQUIN,% OFFICERS OF THE CORPORATION,PO BOX 7884,GUAYNABO,PR,00970-7884,0000,03,3,2000,198605,1,11,046000000,1,01,202506,8,7,01,0,06,14374497,7748962,7748962,Z99Z,AVE LOMAS VERDES KM 6 8 GAUYNABO
660256735,CASA MANRESA INC,,PO BOX 1319,AIBONITO,PR,00705-1319,0000,03,3,1000,202506,1,15,000000000,1,01,,5,5,01,0,12,,,,P20,
660258767,CARIBBEAN CONSOLIDATED SCHOOLS INC,% CARIBBEAN CONSOLIDATED SCHOOL,PO BOX 70177,SAN JUAN,PR,00936-8177,0000,03,3,2000,200509,1,11,998000000,1,01,202506,8,8,01,0,06,14084352,11192660,11123741,B25,
660258919,RYDER MEMORIAL HOSPITAL INC,% WANDA L BAARRETO MARTINEZ,PO BOX 859,HUMACAO,PR,00792-0859,0000,03,3,1280,196906,1,12,161180150,1,01,202412,8,9,01,0,12,40072752,50553382,50553382,E220,
660259184,UNITED STATES POWER SQUADRONS,% EDIBERTO QUINONES,N37 CALLE MALVA,PONCE,PR,00716-4010,1041,03,9,2000,194903,1,16,030000000,5,01,202512,0,0,02,0,12,0,0,0,,33 PONCE POWER SQUADRON
660259904,UNIVERSIDAD CENTRAL DE BAYAMON INC,,PO BOX 1725,BAYAMON,PR,00960-1725,0928,03,9,1000,197001,0,16,000000000,1,01,202506,8,8,01,0,06,24627022,11346644,11346644,,
660261624,PRIMERA IGLESIA BAUTISTA PLAYA PONCE,,PO BOX 7630,PONCE,PR,00732-7630,0000,03,3,7000,200211,1,10,000000000,1,01,,0,0,06,0,12,,,,X21,
660261701,LA CASA DEL LIBRO INC,% WILFREDO GEIGEL,PO BOX 9023544,SAN JUAN,PR,00902-3544,0000,03,3,2000,201409,1,15,059000000,1,01,202412,5,5,01,0,12,587464,518566,497619,A50,
660262723,ASOCIACION HECHO EN PUERTO RICO INC,% ASOCIACION HECHO EN PUERTO RICO I,PO BOX 363631,SAN JUAN,PR,00936-3631,0000,06,3,2000,201008,2,00,000000000,1,01,202502,6,6,01,0,02,1599755,2043250,2043250,S41,
660263752,ASOCIACION MARISTA DE PUERTO RICO INC,,ALTURAS DE TORRIMAR 6,GUYNABO,PR,00969-0000,0000,03,3,7000,201103,1,11,000000000,1,01,,0,0,13,0,06,,,,B20,
660264286,FUNDACION DE DESARROLLO COMUNAL DE P R INC,% FUNDACION DR DESARROLO COMUNAL DE,PO BOX 6300,CAGUAS,PR,00726-6300,0000,03,3,1000,198612,1,15,000000000,1,01,202506,6,6,01,0,06,4845897,1980603,1980603,L410,
660265077,SINDICATO PUERTORRIQUENO DE TRABAJADORES INC,% ROBERTO PAGAN,1018 AVE PONCE DE LEON,SAN JUAN,PR,00925-2906,0000,05,3,1000,202408,2,00,264000000,1,01,202006,6,6,01,0,06,3205556,3684630,3684630,J40,
660265391,PUERTO RICO LEGAL SERVICES INCORPORATED,% HADASSA SANTINI COLBERG ESQ,PO BOX 9134,SAN JUAN,PR,00908-0134,0000,03,3,1000,199203,1,15,462000000,1,01,202412,8,8,01,0,12,25682610,23330894,23330894,,
660265804,COLEGIO EVANGELICO CAPITAN CORREA INC,,PO BOX 142247,ARECIBO,PR,00614-2247,0000,03,3,2000,199203,1,11,046030000,1,01,,0,0,13,0,06,,,,,
660265919,PRIMERA INGLESIA DEL NAZARENO,,PO BOX 823,PONCE,PR,00780-0823,0000,03,3,7000,199211,1,10,001000000,1,01,,0,0,06,0,03,,,,,
660266453,COOPERATIVE DE AHORRO Y CREDITO DE BARRANQUITAS,% MIGUEL A ORTIZ,PO BOX 686,BARRANQUITAS,PR,00794-0686,0000,14,3,1000,198706,2,00,251000000,1,01,202512,9,8,01,0,12,522414628,33223285,33223285,,
660268234,ESPERANZA PARA LA VEJEZ INC,,URB VILLA CONTESSA DD-16 LOS MILLON,BAYAMON,PR,00956-0000,0000,03,3,1000,199807,1,15,515000000,1,01,202409,7,6,01,0,09,5327745,2556395,2556395,P20Z,
660269222,FONDOS UNIDOS DE PUERTO RICO INC,% SAMUEL GONZALEZ,PO BOX 191914,SAN JUAN,PR,00919-1914,0000,03,3,1000,197112,1,15,927318000,1,01,202412,8,7,01,0,12,13001632,8821151,8821151,T700,
660269594,FIDEICOMISO DE BALLETS DE SAN JUAN,% ORLANDO CARRERAS PADILLA,PO BOX 79769,CAROLINA,PR,00984-9769,0000,03,3,2000,201908,1,11,000000000,2,01,202506,4,5,01,0,06,253996,795603,795603,A63,
660269897,COOPERATIVA LA SAGRADA FAMILIA,,PO BOX 102,COROZAL,PR,00783-0102,0000,14,3,1000,200712,2,00,000000000,1,01,202412,9,8,01,0,12,331965436,21485686,21485686,W610,
660270259,COOPERATIVA DE CREDITO CABO ROJO,% KERWIN MORALES,CARR 100 KM 70 BO M,CABO ROJO,PR,00623-0000,0000,14,3,1000,200510,2,00,000000000,1,01,202512,9,8,01,0,12,349338092,23999125,23999125,W61,
660270533,AMERICAN LEGION,,PO BOX 163,ISABELA,PR,00662-0163,0925,19,9,1000,194603,1,00,907908000,5,01,202512,0,0,02,0,12,0,0,0,W30,POST 0068
660270553,AMERICAN LEGION,% TOMAS TORRES,CALLE VONAIRE,PONCE,PR,00716-0000,0925,19,9,1000,194603,1,00,907908000,5,01,202512,0,0,02,0,12,0,0,0,,125 LUIS PACHECO LESPIER
660270558,AMERICAN LEGION POST 0018 JUAN RUIZ CEBALLOS,,2 ST 21,RIO GRANDE,PR,00745-2939,0000,19,3,1000,202607,1,00,907908000,1,01,,0,0,02,0,12,,,,W30,18 JUAN RUIZ CEBALLOS
660270565,PUESTO 32 LEGION AMERICANA DISTRITO DE PUERTO RICO INC,,122 AVE DEL VETERANO,SAN GERMAN,PR,00683-4170,0000,19,3,1000,202507,1,00,907908000,1,01,202512,0,0,02,0,12,0,0,0,W30,
660270569,PUESTO 19 LEGION AMERICANA DE CAYEY PUESTO JOSE A GARCIA INC,,50 CALLE MANUEL CORCHADO,CAYEY,PR,00736-3835,0000,19,3,1000,202510,1,00,907908000,1,01,202512,0,0,02,0,12,0,0,0,W30,
660270592,AMERICAN LEGION,,14 CALLE ESPERANZA,ARROYO,PR,00714-0000,0925,19,9,1000,194603,1,00,907908000,5,01,202512,0,0,02,0,12,0,0,0,,POST 0069
660270594,LEGION AMERICANA PUESTO 48,,CALLE JUAN SANCHEZ,BAYAMON,PR,00960-0000,0000,19,3,1000,202508,2,00,907908000,1,01,202512,0,0,02,0,12,0,0,0,W30,
660270597,POST MONSERRATE PADILLA NO 47 INC OF THE AMERICAN LEGION INCORPORATE,% NELSON ORTIZ,9 CALLEJON FAS,CABO ROJO,PR,00623-4363,0000,19,3,1000,202508,1,00,907908000,1,01,202512,0,0,02,0,12,0,0,0,W30,
660271454,HARVEY FOUNDATION INC,% 1519 PONCE DE LEON,1519 PONCE DE LEON AVE,SAN JUAN,PR,00909-1732,0000,03,3,1000,196803,1,04,602040000,1,01,202512,6,4,00,1,12,3861442,447090,,,
660271958,COOPERATIVA DE AHORRO Y CREDITO MAUNABO,% CARLOS CRESPO,PO BOX 127,MAUNABO,PR,00707-0127,0000,14,3,1000,198907,2,00,250000000,1,01,202512,9,8,01,0,12,246568910,14698939,14698939,,
660272821,BALDWIN SCHOOL OF PUERTO RICO INC,,CARR 833 KM 131,GUAYNABO,PR,00960-0000,0000,03,3,2000,200008,1,11,046030000,1,01,202506,8,8,01,0,06,26595136,20591188,17830093,B20,
660273895,AMERICAN FEDERATION OF GOVERNMENT EMPLOYEES,% VILMARY CARABALLO,PO BOX 33150,SAN JUAN,PR,00933-3150,0194,05,9,3000,194010,2,00,263264265,5,01,202506,6,4,01,0,06,1587218,278352,278352,,2408 AFGE VA LOCAL
660274483,PUERTO RICO HOSPITAL ASSOCIATION,,120 CALLE 2 STE 101,SAN JUAN,PR,00927-5302,0000,06,3,2000,201405,2,00,000000000,1,01,202412,6,6,01,0,12,4565145,2385941,2385941,E99,
660274872,IGLESIA CRISTIANA DISCIPULOS DE CRISTO,,PO BOX 4255,BAYAMON,PR,00958-1255,0000,03,3,1700,202512,1,10,000000000,1,01,,0,0,06,0,12,,,,X20,
660276355,ASPIRA INC DE PUERTO RICO,,PO BOX 29132,SAN JUAN,PR,00929-0132,0000,03,3,1200,197703,1,15,059149349,1,01,202506,7,7,01,0,06,8626590,7803052,7803052,,
660276597,CASA LA PROVIDENCIA INC,% LOURDES MORAN,PO BOX 902061,SAN JUAN,PR,00902-0000,0000,03,3,1000,200503,1,15,000000000,1,01,202506,3,4,01,0,06,61328,424132,424132,F22,
660277132,EDP UNIVERSITY OF PUERTO RICO INC,,PO BOX 192303,SAN JUAN,PR,00919-2303,0000,03,3,2000,200907,1,11,000000000,1,01,202506,9,9,01,0,06,60486012,55733287,55733287,B40,
660277396,CENTROS SOR ISOLINA FERRE INC,% ELIZABETH MORALES,PO BOX 7313,PONCE,PR,00732-7313,0000,03,3,1000,198808,1,15,566000000,1,01,202506,8,8,01,0,06,25957842,30668210,30668210,P840,
660288581,PUERTO RICO CONSERVATION TRUST,,PO BOX 9023554,SAN JUAN,PR,00902-3554,0000,03,3,1000,196912,1,17,602561000,2,01,202412,9,8,01,0,12,663918143,27552669,21417171,C300,
660290927,HTAS DE LOS ANCIANOS DESAMPARADOS HOGAR STA TERESA JORNET DE CUPEY,% SOR MARIA BLANCA BRAVO,181 CALLE TERESA JORNET,SAN JUAN,PR,00926-7542,0000,03,3,1000,201604,1,15,000000000,2,01,202412,6,6,01,0,12,1480130,2213748,2213748,P20,
660292961,MED CENTRO INC,% JAVIER RUBERTE ROSADO,PO BOX 220,MERCEDITA,PR,00715-0220,0000,03,3,1000,198506,1,12,154000000,1,01,202412,9,9,01,0,12,156153146,161650122,161650122,,FRANCISCO J BAYANILLA
660307031,EL INSTITUTO DE ORIENTACION Y TERAPIA FAMILIAR,% ROSA L RAMIREZ,PO BOX 6994,CAGUAS,PR,00726-6994,0000,03,3,1200,200305,1,15,000000000,1,01,202506,3,4,01,0,06,78530,303176,303176,P40,
660309248,HERMANITAS DE LOS ANCIANOS DESAMPARADOS INC,% SOR YOLANDA CUETO,AVE PONCE DE LEON 205 PA,SAN JUAN,PR,00901-0000,0000,03,3,1000,201511,1,15,153382575,1,01,202512,6,6,01,0,12,2635947,1886950,1886950,P80,HOGAR NTRA SRA DE LA PROVIDENCIA
660310354,PADRES ESCOLAPIOS DE P R INC,,PO BOX 29067,SAN JUAN,PR,00929-0067,0928,03,9,1200,194603,1,10,031150120,5,01,,0,0,06,0,12,,,,,COLEGIO CALASANZ
660310437,CENTRO GERIATRICO LA MILAGROSA,,PO BOX 2247,MAYAGUEZ,PR,00681-2247,0000,03,3,1000,200502,1,15,000000000,1,01,202409,4,4,01,0,09,335502,396027,396027,L22,
660311127,AMERICAN LEGION,% ROBERTO GONZALEZ,PO BOX 363874,SAN JUAN,PR,00936-3874,0925,19,9,1000,194603,1,00,907908000,5,01,202604,1,1,02,0,04,148,5776,5776,,0160 HEADQUARTERS
660311529,HERMANITAS DE LOS ANCIANOS DESAMPARADOS HOGAR SANTA MARTA,% SOR MARGARITA RAMIREZ,PO BOX 242,MERCEDITA,PR,00715-0242,0000,03,3,1000,201604,1,15,000000000,2,01,202412,6,6,01,0,12,2735067,2368363,2368363,E91,
660312587,SOCIEDAD PUERTORRIQUENA DE,% ALEX RAMIREZ,1100 CALLE MARGINAL RUIZ SOLER,BAYAMON,PR,00959-0000,0000,03,3,1000,200301,1,15,000000000,1,01,202506,4,5,01,0,06,322631,573593,573593,P20,
660312685,CENTRO COAMENO PARA LA VEJEZ INC,,28 CALLE MARIO BRASCHI,COAMO,PR,00769-2503,0000,03,3,1000,201603,1,15,000000000,1,01,202509,5,5,01,0,09,767308,641088,641088,P80,
660312690,COOPERATIVA AHORRO Y CREDITO PEPINIANA,% WILSON FELICIANO LOPEZ,CARR 111 KM 17 9 BO GUATEMALA,SAN SEBASTIAN,PR,00685-0000,0000,14,3,1000,198607,2,00,250000000,1,01,202412,9,7,01,0,12,119998962,5938940,5938940,,
660313509,CENTRO PROVIDENCIA SERVICIOS SOCIALES CATOLICOS,% JOSE ALAYON,PO BOX 482,LOIZA,PR,00772-0482,0000,03,3,1000,201512,1,15,000000000,1,01,202406,3,4,01,0,06,59082,212299,212299,P81,
660313822,TEEN CHALLENGE DE PUERTO RICO INC,,PO BOX 4273,BAYAMON,PR,00958-1273,0000,03,3,2000,201205,1,15,059000000,1,01,202412,5,6,01,0,12,791654,2007380,2007380,O50,
660314537,ACADEMIA CRISTO REY INC,,609 AVE TITO CASTRO STE 102 PMB 361,PONCE,PR,00716-0200,0928,03,9,7200,194603,1,11,000000000,1,01,,0,0,13,0,06,,,,,
660314618,HOGAR CREA INC,,PO BOX 547,TRUJILLO ALTO,PR,00977-0547,0000,03,3,1000,198109,1,15,000000000,1,01,202506,8,7,01,0,06,27101100,8056717,8056717,P20,
660318135,UNION INDEPENDIENTE DE EMPLEADOS TELEFONICOS DE P R INC,% VICTOR SANTIAGO,LAS LOMAS SO 753 CALLE 31,SAN JUAN,PR,00921-0000,0000,05,3,3000,201905,2,00,000000000,1,01,202506,6,4,01,0,06,1448599,338559,338559,J40,
660319405,OBLATAS DEL SANTISIMO REDENTOR HOGAR FATIMA INC,% DAMARA GONZALEZ,PO BOX 4228,BAYAMON,PR,00958-1228,0000,03,3,1200,199611,1,15,327000000,1,01,202506,6,6,01,0,06,1148438,1304984,1242413,I72Z,BAYAMON GARDEN STATION
660319546,COMITE OLIMPICO DE PUERTO RICO INC OLD NAVAL BASE SAN JUAN,,PO BOX 9020008,SAN JUAN,PR,00902-0008,0000,03,3,2100,199009,0,15,000000000,1,01,202412,7,8,01,0,12,5753429,12748490,12333088,,
660320329,HOGAR COLEGIO LA MILAGROSA URB ZENO GANDIA,% SISTER CAMEN Z MORALES VERA,URB ZENO GANDIA 987,ARECIBO,PR,00612-0000,0000,03,3,2000,201606,1,11,000000000,1,01,202506,5,5,01,0,06,589814,812646,812646,B20,
660320885,SOUTHWESTERN EDUCATIONAL SOCIETY INC,% SOUTWESTERN EDUCATIONAL SOCIETY,PO BOX 40,MAYAGUEZ,PR,00681-0040,0000,03,3,1000,198206,1,11,046000000,1,01,202506,6,6,01,0,06,4581370,2777136,2777136,B99Z,
660321594,AMERICAN CANCER SOCIETY INC,% KAEL REICIN,URB LA MERCED 566 CALLE ALVERIO,HATO REY,PR,00918-0000,0580,03,9,1800,194211,1,15,161180000,1,01,202503,8,5,01,0,03,11087367,857268,805150,,ACS OF PUERTO RICO INC
660321954,AREYTO BALLET FOLKLORICO NACIONAL DE PUERTO RICO INC,% ESTELA ORTIZ AGUILU,MARINA BAHIA MG-22 AVE LA MARINA,CATANO,PR,00962-0000,0000,03,3,2000,201809,1,15,000000000,1,01,202412,3,4,01,0,12,76019,124215,124215,A60,
660323248,ASOCIACION DE INTERCAMBIO CULTURAL INC,% CLAUDIA FLORES,216 CARR 2,GUAYNABO,PR,00966-1914,0000,03,3,1200,198401,1,15,149119000,1,01,202412,7,6,01,0,12,5118515,2369928,2285565,P200,
660324014,LABORERS INTERNATIONAL UNION OF NORTH AMERICA,% MAURICE TORRES,PO BOX 366086,SAN JUAN,PR,00936-6086,0121,05,9,3000,194009,2,00,263264279,5,01,202412,4,4,01,0,12,256184,228630,228630,,313 LOCAL MAIL HANDLERS
660324225,COOPERATIVA DE AHORRO Y CREDITO DE MAYAGUEZ,,PO BOX 416,MAYAGUEZ,PR,00681-0416,0000,16,3,1000,000000,0,00,000000000,0,01,202412,9,7,01,0,12,91344492,5403433,5403433,,
660326790,SILO MISION CRISTIANA INC,% DAVID PRIETO SILVA,PO BOX 1781,VEGA BAJA,PR,00694-1781,0000,03,3,1200,199411,1,15,029000000,1,01,202506,5,4,01,0,06,896146,374148,374148,,
660327584,BOYS & GIRLS CLUBS OF PUERTO RICO INC,% ALMA FRONTERA COLON,PO BOX 79526,CAROLINA,PR,00984-9526,0000,03,3,1000,199406,1,15,321000000,1,01,202506,9,9,01,0,06,64322930,53240863,53240863,,RES E RAMOS ANTONINI
660327985,SAINT FRANCIS SCHOOL,% FRANCHESKA SALIB,400 AVE ROBERTO CLEMENTE,CAROLINA,PR,00985-3062,0000,03,3,1200,202006,1,11,000000000,1,01,202407,8,8,01,0,07,16409793,12911102,12911102,B20,
660329330,COOPERATIVA DE AHORRO Y CREDITO MOROVENA,% IVIS N VALLES RIVERA,PO BOX 577,MOROVIS,PR,00687-0577,0000,14,3,1000,000000,0,00,000000000,0,01,202512,9,7,01,0,12,103969371,6281362,6281362,,
660329532,SALUD INTEGRAL EN LA MONTANA INC,% GLORIA AMADOR,PO BOX 515,NARANJITO,PR,00719-0515,0000,03,3,1000,199012,1,15,154000000,1,01,202506,9,9,01,0,06,163218016,153273840,153273840,E320,
660329776,HUMANE SOCIETY OF PUERTO RICO INC,% BELINDA SOARS,PO BOX 2387,GUAYNABO,PR,00970-2387,0000,03,3,4000,200203,1,15,000000000,1,01,202412,5,5,01,0,12,901137,984682,975796,D20,DE HUMAN SOCIETY OF PR INC
660330313,SOCIEDAD BIBLICA DE PR INC,% RVDO HERIBERTO MARTINEZ RIVERA,627 AVE ANDALUCIA,SAN JUAN,PR,00920-5309,0000,03,3,7000,202103,1,16,006000000,1,01,202512,6,4,01,0,12,1234635,345311,184055,,
660330845,SECOND UNION CHURCH OF SAN JUAN,% THE SECOND UNION CHURCH OF SAN JU,2109 CALLE MILETO,GUAYNABO,PR,00969-5060,0000,03,3,7000,201004,1,10,000000000,1,01,,0,0,06,0,12,,,,X21,
660342565,DELTA SIGMA THETA SORORITY INC,,4200 UNITED SHOPPING PLAZA,CHRISTIANSTED,VI,00820-0000,1188,07,9,1000,195207,2,00,032000000,5,01,,0,0,01,0,12,,,,,SUSSEX COUNTY ALUMNAE
660343834,MEMORIAL MORAVIAN SCHOOL CORPORATION,,PO BOX 308354,ST THOMAS,VI,00803-8354,0000,03,3,7210,197706,1,10,046030000,1,01,,0,0,06,0,08,,,,B20Z,
660345763,DISABLED AMERICAN VETERANS,% JOSE R ROSA SIFRES,PO BOX 4837,AGUADILLA,PR,00605-4837,0557,04,9,3000,194206,1,00,908279265,5,01,202606,0,0,02,0,06,0,0,0,W30,14 AGUADILLA
660345767,DISABLED AMERICAN VETERANS,% CARMEN A SUAREZ PEREZ,PO BOX 2804,BAYAMON,PR,00960-2804,0557,04,9,3000,194206,1,00,908279265,5,01,202406,0,0,02,0,06,0,0,0,E99,16 CSM J RODRIGUEZ
660345983,AMERICAN FEDERATION OF TEACHERS,% RICHARD BROWN,PO BOX 302607,ST THOMAS,VI,00803-2607,0787,05,9,3000,196810,2,00,263264279,5,01,202506,5,4,01,0,06,872569,468364,468364,,1825 AFT
660346216,CORO DE NINOS DE SAN JUAN,,PO BOX 19049,SAN JUAN,PR,00910-1049,0000,03,3,1000,199208,1,11,046030000,1,01,202506,5,5,01,0,06,845965,638295,638295,A6E0,
660346980,PARALYZED VETERANS OF AMERICA PUERTO RICO CHAPTER,% DIANA SAMBOLIN,PO BOX 366571,SAN JUAN,PR,00936-6571,1317,03,9,3000,195510,1,15,602160908,5,01,202506,4,4,01,0,06,134873,253302,253302,,
660347260,RADIO REDENTOR,,PO BOX 29404,SAN JUAN,PR,00929-0404,0000,03,3,1700,201905,1,15,000000000,1,01,202412,6,6,01,0,12,2563023,1286309,1250966,X84,
660348277,IGLESIA CRISTIANA DE CRISTO JERUSALEM,,CALLE 27 KK 13 URB SANTA JUANITA,BAYAMON,PR,00956-0000,1678,03,9,7000,196408,1,10,001002029,5,01,,0,0,06,0,12,,,,,
660348579,GIBARO DE PUERTO RICO INC,% ERIC GONZALEZ,362 AVE ANDALUCIA PMB 177,SAN JUAN,PR,00920-4103,0000,03,3,2000,202410,1,15,090119000,1,01,202512,4,4,01,0,12,188138,490908,490908,A23,
660349263,THE METHODIST CHURCH ST THOMAS ST JOHN CIRCUIT INC,% HE METHODIST CHURCH ST THOMAS ST,PO BOX 1045,ST THOMAS,VI,00804-1045,0000,03,3,7000,199307,1,10,001574000,1,01,,0,0,06,0,08,,,,,
660349669,UNIVERSIDAD CENTRAL DEL CARIBE INC,,PO BOX 60237,BAYAMON,PR,00960-0000,0000,03,3,2000,198112,1,11,030000000,1,01,202506,9,9,01,0,06,50548849,62788646,28594651,B500,
660350100,AMERICAN POSTAL WORKERS UNION,,PO BOX 366047,SAN JUAN,PR,00936-6047,2474,05,9,3000,197311,2,00,263279000,5,01,202512,4,6,01,0,12,348402,1045802,1045802,,1070 PUERTO RICO AREA LOCAL
660350292,ALTRUSA INTERNATIONAL INC,% CARMEN IRIZARRY LUGO,PO BOX 1503,SAN SEBASTIAN,PR,00685-1503,0738,04,9,1000,194411,2,00,566000000,5,01,202405,0,0,02,0,05,0,0,0,,SAN SEBASTIAN
660350945,AMERICAN COLLEGE OF PUERTO RICO INC,,PO BOX 602037,BAYAMON,PR,00960-6020,0000,03,3,2000,198007,1,11,030000000,1,01,202306,8,7,01,0,06,12479504,6307467,6307467,B42Z,AMERICAN UNIVERSITY OF PUERTO RICO
660351782,HTAS DE LOS ANCIANOS DESAMPARADOS HOGAR SAN HORMIGUEROS INC,% SOR MARGARITA RAMIREZ,AVE SANTA TERESA JOURNET,HORMIGUEROS,PR,00660-0000,0000,03,3,1700,201603,1,15,000000000,1,01,202512,6,6,01,0,12,1692610,1891955,1891955,E91,
660351935,UNITED STEELWORKERS,% GRACE HENRY,PO BOX 656 KINGSHILL,ST CROIX,VI,00851-0000,0260,05,9,3000,194102,2,00,263059269,5,01,202512,0,0,02,0,12,0,0,0,,08545 LOCAL
660352014,HOSPITAL GENERAL DE CASTANER INC,,PO BOX 1003,CASTANER,PR,00631-1003,0000,03,3,1000,199309,1,12,150000000,1,01,202409,8,8,01,0,09,37886545,33033027,33033027,,
660352015,FREDERIKSTED AG SUNNY ISLE,,PO BOX 5681,CHRISTIANSTED,VI,00823-5681,1674,03,9,7000,196408,1,10,001002029,5,01,,0,0,06,0,12,,,,,
660352018,ROTARY CLUB OF ST THOMAS FOUNDATION INC,,PO BOX 10501,ST THOMAS,VI,00801-3501,0000,03,3,1000,201309,1,15,998000000,1,01,202512,6,4,01,0,12,1032120,459284,78979,T30,
660353899,HOGARES RAFAELA YBARRA,,URB EMBALSE SAN JOSE,SAN JUAN,PR,00923-0000,0000,03,3,1000,201409,1,15,000000000,1,01,202506,6,4,01,0,06,1610139,449623,449623,O50,
660354449,LIGA ESTUDIANTES DE ARTE DE SAN JUAN INC P O BOX 5181,,PO BOX 9023804,SAN JUAN,PR,00902-3804,0000,03,3,2000,197702,1,11,046119123,1,01,202506,5,5,01,0,06,691182,957915,957915,A25Z,
660354478,SCHOOL OF THE GOOD SHEPHERD INC,,PO BOX 1069,KINGSHILL,VI,00851-1069,0000,03,3,2000,202408,1,11,000000000,1,01,202506,0,0,02,0,06,0,0,0,B24,
660355157,COLEGIO SAN GABRIEL INC,% SISTER CARMEN FERRANDIS,PO BOX 360347,SAN JUAN,PR,00936-0347,0000,03,3,2700,202002,1,11,000000000,1,01,202506,6,6,13,0,06,1913049,1742009,1742009,B24,
660356307,MOVIMIENTO MISIONERO MUNDIAL INC WORLD WIDE MISSIONARY MOVEMENT INC,,PO BOX 363644,SAN JUAN,PR,00936-3644,0000,03,3,7000,198602,1,10,001000000,1,01,,0,0,06,0,12,,,,,IGLESIA CRISTIANA PENTECOSTAL
660356920,SOCIEDAD PRO NINOS SORDOS DE PUERTO RICO INC,% AIDA RODRIGUEZ-DROZ,PO BOX 7002,PONCE,PR,00732-7002,0000,03,3,1200,201411,1,15,000000000,1,01,202506,4,4,01,0,06,354673,163821,163821,P87,
660359285,LA FUNDACION PUERTORRIQUENA DE LAS HUMANIDADES INC,% CUARTEL DE BALLAJA,PO BOX 9023920,SAN JUAN,PR,00902-3920,0000,03,3,1000,201904,1,15,000000000,1,01,202410,6,6,01,0,10,4154325,3564283,3564283,A20,
660360258,THE JANE STERN DORADO COMMUNITY LIBRARY INC,,CALLE MENDEZ VIGO 331,DORADO,PR,00646-4924,0000,03,3,2000,197804,1,15,061000000,1,01,202506,6,6,01,0,06,1765191,1831159,1831159,B71Z,
660360384,HOGAR PAZ DE CRISTO INC,% ENID RIVERA FELICIANO,747 CALLE CLAVELES,COTO LAUREL,PR,00780-2894,0000,03,3,1000,200212,1,15,000000000,1,01,202512,4,4,01,0,12,374489,258890,258890,P81,
660360627,UNITED STEELWORKERS,% TEKIA SMITH,308384,ST THOMAS,VI,00803-0000,0260,05,9,3000,194012,2,00,263264279,5,01,202512,0,0,02,0,12,0,0,0,,08677 LOCAL
660361341,ESCUELA DE MEDICINA SAN JUAN BAUTISTA INC,,PO BOX 4968,CAGUAS,PR,00726-4968,0000,03,3,2000,198112,1,11,000000000,1,01,202506,8,8,01,0,06,40029935,15594548,15594548,,
660362666,UNIVERSIDAD POLITECNICA DE PUERTO RICO INC,% ERNESTO VAZQUEZ,PO BOX 192017,SAN JUAN,PR,00919-2017,0000,03,3,2000,197512,1,11,030000000,1,01,202507,9,9,01,0,07,131443875,67032656,54313715,B430,
660363251,VIRGIN ISLAND ADVOCACY INC,,63 ESTATE CANE-CARLTON,FREDERIKSTED,VI,00840-0000,0000,03,3,1200,199610,1,15,160000000,1,01,202409,4,6,01,0,09,410837,1167963,1167963,R20Z,
660363441,EDUCATIONAL ASSOCIATES INC HUMACAO COMMUNITY COLLEGE,,69 CALLE GEORGETTI S,HUMACAO,PR,00791-3998,0000,03,3,2000,197909,1,11,998000000,1,01,202506,8,6,01,0,06,22767769,2052937,2052937,,
660364445,NATIONAL TREASURY EMPLOYEES UNION,% LORENA MONTAN,7 CALLE TABONUCO STE 120 PO BOX 13,GUAYNABO,PR,00968-3002,0878,05,9,3000,194412,2,00,263000000,5,01,202512,3,3,02,0,12,66681,46018,46018,,193 NTEU CHAPTER
660364640,UNITED STEELWORKERS,% SHERARD NICHOLAS,PO BOX 9947,ST THOMAS,VI,00801-2947,0260,05,9,1000,194012,2,00,263059000,5,01,202512,0,0,02,0,12,0,0,0,,08713 LOCAL
660366245,CENTRO MARGARITA INC,,1800 CARR 172,CIDRA,PR,00739-2089,0000,03,3,1000,200010,1,15,000000000,1,01,202506,7,7,01,0,06,6544587,5078577,5078577,P80,
660366501,COLEGIO TEOLOGICO WESLEYANO,,PO BOX 945,GUAYNABO,PR,00970-0945,2079,03,9,7200,197005,1,10,601030000,5,01,,0,0,06,0,06,,,,,
660366788,CENTRO EDUCATIVO JOAQUINA DE VEDRUNA INC,% SISTER VIRGENMINA RIVERA,2017 CARR 177,GUAYNABO,PR,00969-5140,0000,03,3,7000,200203,1,11,000000000,1,01,202006,0,0,13,0,06,0,0,0,B20,CENTRO EDUC JOAQUINA DE VEDRUNA
660367053,ROBINSON SCHOOL INC,,5 CALLE NAIRN,SAN JUAN,PR,00907-1569,0000,03,3,2000,201308,1,11,000000000,1,01,202506,8,8,01,0,06,14271230,13245666,13245666,B25,
660371418,HOSPITAL SAN CARLOS INCORPORADO,% BUS STRATGS & FINANCAL ADV INC,PO BOX 68,MOCA,PR,00676-0068,0000,03,3,1000,198407,1,12,150000000,1,01,202412,8,8,01,0,12,17929796,27655896,27655896,,
660371439,SOCIETY FOR HUMAN RESOURCE MANAGEMENT,,PO BOX 361761,SAN JUAN,PR,00936-1761,0000,03,3,2000,202101,1,16,000000000,1,01,202412,6,6,01,0,12,4194657,1633031,1633031,B03,PUERTO RICO CHAPTER SHRM INC
660372627,COLEGIO PENTECOSTAL DE ARECIBO,% EVANGELISTA AMADOR,PO BOX 971,BAJADERO,PR,00616-0971,0000,03,3,1270,202012,1,11,000000000,1,01,,0,0,13,0,06,,,,B25,
660372667,MANATI ACADEMIA DISCIPULOS DE CRISTO INC,,PO BOX 902,MANATI,PR,00674-0902,0000,03,3,2000,201101,1,11,000000000,1,01,202506,6,6,01,0,06,1051060,1491975,1491975,B24,
660372757,ASOCIACION FOMENTO EDUCATIVO INC,% LUIS TORRES,A35 CALLE A,GUAYNABO,PR,00966-2211,0000,03,3,1000,198606,1,15,000000000,5,01,202412,7,5,01,0,12,8974785,799164,799164,,
660372891,VIRGIN ISLANDS OLYMPIC COMMITTEE INC,,PO BOX 1719,KINGSHILL,VI,00851-1719,0000,03,3,1200,198403,1,15,300298927,1,01,202509,5,5,01,0,09,770028,974542,974542,,
660373376,CARIBBEAN DANCE COMPANY INC,,CHRISTIANSTED 00820,BRITISH VIRGIN ISLANDS,,00000-0000,0000,03,3,1230,202303,1,16,030088000,1,01,202512,0,0,02,0,12,0,0,0,A62,
660373386,FOUNDATION FOR THE REICHHOLD CENTER FOR THE ARTS,,2 JOHN BREWERS BAY,ST THOMAS,VI,00802-6004,0000,03,3,2000,197907,1,15,602994000,1,01,202509,8,5,01,0,09,17515079,926370,549019,,
660373751,COLEGIO RADIANS INC,,PO BOX 371298,CAYEY,PR,00737-1298,0000,03,3,1200,198206,1,11,046030000,1,01,202506,7,6,01,0,06,8079409,4905891,4905891,B200,
660374268,ASOCIACION DE PERSONAS CON IMPEDIME NTOS INC,% LIDUVINA MONTALVO,95 CALLE DR SANTIAGO VEVE,SAN GERMAN,PR,00683-4190,0000,03,3,2000,200710,1,11,000000000,1,01,202412,3,4,01,0,12,85709,126870,126870,B28,
660374402,DORADO ACADEMY INC,,PO BOX 969,DORADO,PR,00646-0969,0000,03,3,2000,202109,1,11,030000000,1,01,202506,7,7,01,0,06,8726875,6501435,6501435,,
660375744,EL CALVARIO ASAMBLEA DE DIOS,,PO BOX 4009,GUAYNABO,PR,00970-4009,1678,03,9,7000,196408,1,10,001002029,5,01,,0,0,06,0,12,,,,,
660375773,PRIMERAL IGLESIA ASAMBLEA DE DIOS,,I1 CALLE 7,YAUCO,PR,00698-3422,1678,03,9,7000,196408,1,10,001002029,5,01,,0,0,06,0,12,,,,,
660376145,APNI INC,,PO BOX 21280,SAN JUAN,PR,00928-1280,0000,03,3,1000,200211,1,15,000000000,1,01,202509,6,5,01,0,09,1537848,983866,983866,P20,
660376657,DORADO COMMUNITY CHURCH,,PO BOX 827,DORADO,PR,00646-0827,0000,03,3,7000,198004,1,10,001000000,1,01,,3,4,06,0,12,,,,,
660378137,ST THOMAS RESCUE INC,% LISTON THOMAS,PO BOX 301934,ST THOMAS,VI,00803-1934,0000,03,3,1200,201801,1,15,158149000,1,01,202503,4,4,01,0,03,261299,279921,279921,M23,
660378559,VIRGIN ISLANDS ASSOCIATION OF INDEPENDENT LIVING INC,% FELECIA BROWNLOW,PO BOX 303305,ST THOMAS,VI,00803-3305,0000,03,3,1000,201507,1,15,125126994,1,01,202309,6,4,01,0,09,1270916,357598,357598,E91,
660378715,COUNCIL ON ALCOHOLISM & DRUG DEPENDENCE ST THOMAS & ST JOHN,% SHELLEY WILLIAMS,PO BOX 380,ST THOMAS,VI,00804-0380,0000,03,3,1200,198109,1,15,573569123,5,01,201112,3,4,00,0,12,25684,129600,129600,,
660378723,ASOCIACION DE PRODUCTORS DE LECHE CAMUY QUIBRODILLEN INC,% GREGORIO AGUILAR PADILLA,PO BOX 1339,HATILLO,PR,00659-1339,0000,03,3,1000,202105,1,16,000000000,1,01,,0,0,01,0,08,,,,K20,
660379122,PONCE MEDICAL SCHOOL FOUNDATION INC,,PO BOX 7004,PONCE,PR,00732-7004,0000,03,3,2000,198401,1,11,030046199,1,01,202506,8,8,01,0,06,16235180,18757208,18757208,B500,
660380485,COLEGIO UNIVERISTARIO BAUTISTA DE PUERTO RICO,,PO BOX 403,BAYAMON,PR,00960-0403,0000,03,3,2000,198110,1,11,046030000,3,01,202505,4,4,01,0,05,134984,136388,136388,,
660380848,CENTRO DE ESTUDIOS AVANZADOS DE PUERTO RICO INC,% EDUARDO RODRIGUEZ VAZQUEZ,PO BOX 9023970,SAN JUAN,PR,00902-3970,0000,03,3,2000,198011,1,11,031000000,1,01,202406,6,6,01,0,06,1695035,1052443,1052443,B50Z,
660381247,IGLESIA CARISMATICA DE ADJUNTAS INC,% REV NILDA PEREZ DIAZ,4 CALLE GARZAS,ADJUNTAS,PR,00601-2108,8141,03,9,7000,199701,1,10,001000000,1,01,,0,0,06,0,12,,,,,
660383227,IGLESIA WESLEYANA DE CAGUAS,% ADA E MERCADO MARTINEZ,PO BOX 1538,CAGUAS,PR,00726-1538,2079,03,9,7200,197005,1,10,601030000,5,01,,0,0,06,0,06,,,,,
660384025,WATER ISLAND CIVIC ASSOCIATION INCORPORATED,,1 WATER ISLE,ST THOMAS,VI,00802-7800,0000,04,3,1000,200012,2,00,000000000,1,01,202512,0,0,02,0,12,0,0,0,S20,
660384599,ASOCIACION DE SERVICOS A EX-ADICTOS Y EX-CONVICTOS,,PO BOX 19,SAINT JUST,PR,00978-0019,0000,03,3,1000,201603,1,15,000000000,1,01,202506,1,4,01,0,06,7912,110654,110654,,
660385902,FUNDACION LUIS MUNOZ MARIN INC,,RR 2 BOX 5,SAN JUAN,PR,00926-9766,0000,03,3,2000,198202,1,15,062119000,1,01,202506,8,6,01,0,06,11106699,3179408,3179408,,
660386937,IGLESIA EMANUEL ASAMBLEAS DE DIOS,% NANCY RIVERA SOLIVAN,PO BOX 372863,CAYEY,PR,00737-2863,1678,03,9,7000,196408,1,10,001002029,5,01,,0,0,06,0,12,,,,,
660387264,PRO-BONO INC SERVICOS VOLUNTARIOS DEL COLEGIO DE ABOGADOS,% PRO-BONO INC,PO BOX 13820,SAN JUAN,PR,00908-3820,0000,03,3,1000,201805,1,15,998000000,1,01,202412,4,6,01,0,12,418816,1233218,1233218,,
660387277,OFICINA LEGAL DE LA COMUNIDAD INC,% RAFAEL E RODRIGUEZ RIVERA,PO BOX 194735,SAN JUAN,PR,00919-4735,0000,03,3,1200,198208,1,15,462460000,1,01,202512,5,6,01,0,12,806157,1403252,1403252,,
660387455,PRO ARTE MUSICAL INC,,PO BOX 361812,SAN JUAN,PR,00936-1812,0000,03,3,1000,199104,1,15,090995000,1,01,202506,4,4,01,0,06,369752,336362,336362,A68,
660387475,LICEO AGUADILLANO INC,,PO BOX 3886,AGUADILLA,PR,00605-3886,0000,03,3,1200,202511,1,11,000000000,1,01,202507,6,6,01,0,07,1830905,1170387,1170387,B20,
660387659,CASA PROTEGIDA JULIA DE BURGOS INC,,PO BOX 362433,SAN JUAN,PR,00936-2433,0000,03,3,1000,199909,1,15,000000000,1,01,202506,6,6,01,0,06,1679010,2630625,2630625,P43,CENTRO SALUD MENTAL
660387940,INSTITUTO DE EDUCACION PRACTICA DEL COLEGIO DE ABOGADOS DE PUERTO RICO,,PO BOX 9021,SAN JUAN,PR,00908-0021,0000,03,3,2000,202102,1,16,000000000,1,01,202312,5,4,01,0,12,574689,332515,332515,,
660388034,UNIVERSIDAD TEOLOGICA DEL CARIBE IN,% APARTADO B,PO BOX 901,SAINT JUST,PR,00978-0901,0000,03,3,2000,201611,1,11,000000000,1,01,202507,6,6,01,0,07,3465497,1817610,1817610,B99,
660388345,MANOR SCHOOLS INC 236 LA GRANDE PRINCESSE,,4236 LA GRANDE PRINCESSE,CHRISTIANSTED,VI,00820-0000,0000,03,3,1000,201208,1,11,046030000,1,01,,4,4,00,0,12,,,,B20,
660388686,ST THOMAS ST JOHN HOTEL ASSOCIATION,% LISA HAMILTON,4002 RAPHUNE HILL RD STE 304,ST THOMAS,VI,00802-2903,0000,06,3,1000,201107,0,00,000000000,5,01,202412,2,4,01,0,12,20118,262336,262336,,
660388811,COLEGIO NUESTRA SRA DEL ROSARIO HATO TEJAS,,AA7 CALLE 5,BAYAMON,PR,00959-3719,0928,03,9,7000,194603,1,11,030001000,5,01,,0,0,13,0,12,,,,,
660389527,CASA CASTANER INC,% DOMINGO MONROIG RUIZ,160 MARGINAL LAGO ALTO,TRUJILLO ALTO,PR,00976-3906,0000,03,3,1000,201212,1,15,000000000,1,01,202412,6,5,01,0,12,1430639,756066,756066,L22,
660389698,ASOCIACION EL ZEYBAL INC,% VANESSA E CORDERO,ALHAMBRA 2413 AVE DE DIEGO,PONCE,PR,00716-0000,0000,03,3,2000,202007,1,15,000000000,1,01,202412,4,4,01,0,12,439454,301792,301792,,
660390449,HIJAS DE MARIA AUXILIADORA INC,,PO BOX 7277,SAN JUAN,PR,00916-7277,0000,03,3,2700,202310,1,11,000000000,1,01,202106,6,6,13,0,06,1862258,1139059,1139059,B24,
660390495,SOUTHERN EDUCATIONAL FUND INC,% FRANCISCO DE ARMAS,1814 CALLE ALCAZAR,PONCE,PR,00716-3829,0000,03,3,1000,200512,1,15,000000000,1,01,202512,5,4,01,0,12,774334,192267,192267,O20,
660390543,INSTITUTO MODELO ENSENANZA INDIVIDUALIZADA INC,,211 CALLE ARIZMENDI # 213,SAN JUAN,PR,00925-3408,0000,03,3,1200,201612,1,11,000000000,1,01,202506,8,8,01,0,06,24625336,12639438,12639438,B20,
660390749,BALLET CONCIERTO DE PUERTO RICO INC,% SANDRA ALMODOVAR FELIBERTI,316 AVE DE DIEGO,SAN JUAN,PR,00909-1736,0000,03,3,1000,199502,1,11,046000000,1,01,202412,4,6,01,0,12,340261,1220591,1220591,A630,
660390836,MILITARY ORDER OF THE WORLD WARS INC,% JUAN R FIGUEROA,203 CALLE PRESIDENTE RAMIREZ,SAN JUAN,PR,00918-4319,1300,19,9,1000,195504,1,00,908907000,5,01,202506,0,0,02,0,06,0,0,0,,PUERTO RICO CHAPTER
660391387,ST JOHN SCHOOL OF THE ARTS INC 108 ESTATE ENIGNED & CONTANT,,PO BOX 180,ST JOHN,VI,00831-0180,0000,03,3,2000,198907,1,11,030349000,1,01,202509,6,4,01,0,09,4018654,360512,360512,,
660391558,CENTRO DE ADIESTRAMIENTO Y SERVICIOS COMUNITARIOS EPI INC,% MIRNA POMALES,PO BOX 1918,GUAYAMA,PR,00785-1918,0000,03,3,2000,200105,1,11,000000000,1,01,201206,4,4,00,0,06,152261,414784,414784,B20,
660392350,TRINITY WESLEYAN HOLINESS CHURCH,% LASCELLE ROBINSON,PO BOX 647,CHRISTIANSTED,VI,00821-0647,2079,03,9,7200,197005,1,10,601030000,5,01,,0,0,06,0,06,,,,X20,
660392626,WOMEN S COALITION OF ST CROIX INC,,PO BOX 222734,CHRISTIANSTED,VI,00822-2734,0000,03,3,1000,198212,1,15,430406000,1,01,202409,7,6,01,0,09,5910629,1508297,1508297,,
660393319,SOCIEDAD SAN VICENTE DE PAUL,,HC 83 BOX 6338,VEGA ALTA,PR,00692-9727,0000,03,3,1000,201604,1,15,000000000,1,01,202506,4,1,02,0,06,119908,897,897,L41,
660393364,ACCION SOCIAL DE PUERTO RICO INC,,PO BOX 3930,GUAYNABO,PR,00970-3930,0000,03,3,1200,199506,1,15,566000000,1,01,202509,8,8,01,0,09,10162550,15413431,15413431,J20Z,
660394776,JUAN DOMINGO EN ACCION INC,,1353 AVE LUIS VIGOREAUX PMB 674,GUAYNABO,PR,00966-2715,0000,03,3,1000,199810,1,15,032000000,1,01,202406,4,4,01,0,06,412362,176870,176870,B80Z,
660395316,PR MINORITY SUPPLIER DEVELOPMENT CO,% FRANCISCO CABRERA,PO BOX 192410,SAN JUAN,PR,00919-2410,8159,03,9,1000,197401,1,15,059000000,1,01,202412,6,6,01,0,12,2389997,1014946,1014946,,PUERTO RICO MINORITY SUPPLIER DEVEL
660395415,CENTRO DE DESARROLLO Y SERVICIOS ESPECIALIZADOS INC,% LIZNELL PADILLA VAZQUEZ,PO BOX 216,MAYAGUEZ,PR,00681-0216,0000,03,3,2000,200112,1,11,998000000,1,01,202506,6,4,01,0,06,1479792,332115,332115,B28,CENTRO ESPIBI
660395527,MISION EVANGELICA CRISTIANA DE ARECIBO INC,,PO BOX 2138,ARECIBO,PR,00613-2138,0000,03,1,7000,200811,1,10,001006007,1,01,,0,0,06,0,12,,,,X20,
660395939,VILLA ASOC JENARO CORTES,% CARMEN M AGOSTO SERRANO,474 SERGIO CUEVAS BUSTAMANTE,SAN JUAN,PR,00918-0000,0000,03,3,1000,202110,1,15,000000000,1,01,202506,6,5,01,0,06,1140063,798532,798532,,
660396027,SAINT THOMAS ASSEMBLY OF GOD,,ST THOMAS,BRITISH VIRGIN ISLANDS,,00000-0000,1678,03,9,7000,196408,1,10,001000000,5,01,,0,0,06,0,12,,,,,
660396395,CENTRO DE FORTALECIMIENTO FAMILIAR,% ANGEL PEREZ IGLESIAS,PO BOX 9689,SAN JUAN,PR,00908-0689,0000,03,3,1200,200604,1,15,000000000,1,01,202409,6,6,01,0,09,3341309,3795241,3743815,I72,
660397461,IGLESIA ASAMBLEA DE DIOS ANTIOQUIA,,L1 CALLE LUXEMBURGO,BAYAMON,PR,00956-2716,1678,03,9,7000,196408,1,10,001002029,5,01,,0,0,06,0,12,,,,,
660397483,VIETNAM VETERANS OF AMERICA INC,% NO,PO BOX 367464,SAN JUAN,PR,00936-7464,3202,19,9,1000,198411,1,00,907000000,5,01,202602,0,0,02,0,02,0,0,0,,59 CHAPTER
660397733,TEMPLO PENTECOSTAL ASAMBLEAS DE DIOS,,PO BOX 745,BAYAMON,PR,00960-0745,1678,03,9,7000,196408,1,10,001002029,5,01,,0,0,06,0,12,,,,,
660397906,REFORM JEWISH CONGREGATION OF PUERTO RICO INC,,101 CALLE SAN JORGE,SAN JUAN,PR,00911-2019,0000,03,3,7000,198602,1,10,001000000,1,01,,0,0,06,0,05,,,,,
660398207,V I CHRISTIAN MINISTRIES INC,% VI CHRISTIAN MINISTRIES,PO BOX 10435,ST THOMAS,VI,00801-3435,0000,03,3,7000,198305,1,10,001000000,1,01,201912,6,4,06,0,12,,,,,
660398333,CORPORACION PARA EL FINANCIAMIENTO EMPRESARIAL DEL COMERCIO Y DE LAS,% GIOVANNA PIOVANETTI,PO BOX 191791,SAN JUAN,PR,00919-1791,0000,03,3,1000,200310,1,15,000000000,1,01,202506,7,6,01,0,06,7578089,1701706,1701706,S31,
660398624,ALTERGARTEN LAS TERESAS INC I,% DAISY DELGADO,PO BOX 28598,SAN JUAN,PR,00929-0000,0000,03,3,1200,198401,1,16,382380575,1,01,202412,6,5,01,0,12,1169455,842229,842229,,
660398625,ALTERGARTEN LAS TERESAS II INC,,AZABACHE ST 905 65 INFANTERIA,SAN JUAN,PR,00925-0000,0000,03,3,1200,198406,1,16,382911000,1,01,202412,6,6,01,0,12,1798654,1144059,1144059,,
660399556,UNITED STEELWORKERS,% ANDRE THOMAS,8051,CHRISTIN STATE,VI,00820-0000,0260,05,9,3000,194012,2,00,263000000,5,01,202512,0,0,02,0,12,0,0,0,,08526 LOCAL
660399738,COMITE GERICOLA REGIONAL DE MAYAGUGZ INCORPORADO,,AVE BORINQUEN 70,MAYAGUEZ,PR,00680-6732,0000,03,3,1000,198804,1,16,382000000,1,01,202509,6,6,01,0,09,1514348,1196321,1196321,L21Z,
660401920,IGLESIA PENTECOSTAL ASAMBLEAS DE DIOS,,PO BOX 231,GURABO,PR,00778-0231,1678,03,9,7000,196408,1,10,001002029,5,01,,0,0,06,0,12,,,,,
660401986,LUTHERAN HOUSING ASSOCIATION FOR THE ELDERLY OF THE V I INC,,516B HOSPITAL ST,FREDERIKSTED,VI,00840-3824,0000,03,3,1200,198408,1,15,575994000,1,01,202409,6,6,01,0,09,2357757,1096853,1096853,,
660402945,IGLESIA FE ES LA VICTORIA INC,,PO BOX 9101,SANTURCE,PR,00908-0101,0000,03,3,7000,199103,1,10,001000000,1,01,,0,0,06,0,08,,,,,
660403258,HOLY TRINITY LUTHERAN CHURCH,,PO BOX 365,FREDERIKSTED,VI,00841-0365,9386,03,9,7000,198704,1,10,001000000,5,01,,0,0,06,0,01,,,,,
660403451,EVANGELISTIC FAITH PENTECOSTAL MINISTRIES ST JOHN USVI,,PO BOX 324,ST JOHN US,VI,00831-0324,0000,03,3,7000,198411,1,10,001006029,1,01,,0,0,06,0,12,,,,,
660403580,ST JOHN YACHT CLUB,,6501 RED HOOK PLAZA,ST THOMAS,VI,00802-1373,0000,07,3,1000,201109,2,00,317000000,1,01,202512,0,0,02,0,12,0,0,0,N67,
660404491,ATLANTIC UNIVERSITY INC,% GPO BOX 11018 CAPARRA HEIGHTS STA,PO BOX 3918,GUAYNABO,PR,00970-3918,0000,03,3,2000,201811,1,11,030000000,1,01,202506,8,8,01,0,06,24453104,12337973,12337973,B43,
660404533,ASOCIACION PUERTORRIQUENA DE CIEGOS INC,% LUZ COLON,PO BOX 29852,SAN JUAN,PR,00929-0852,0000,03,3,1000,202206,1,15,000000000,1,01,202606,0,0,02,0,06,0,0,0,P86,
660404847,IGLASABLEAS DE DIOS DE SAN FERNANDO,,PO BOX 674,DORADO,PR,00646-0674,1678,03,9,7000,196408,0,10,001002029,5,01,,0,0,06,0,03,,,,,BAYAMON
660405762,ALTONA BAPTIST CHURCH INC,,PO BOX 4610,KINGSHILL,VI,00851-4610,2269,03,9,7000,197204,1,10,001059349,5,01,,0,0,06,0,12,,,,,
660406204,NAZARETH LUTHERAN CHURCH,,PO BOX 1359,ST JOHN,VI,00831-1359,9386,03,9,7000,198704,1,10,001000000,5,01,,0,0,06,0,01,,,,,
660406690,ASOCIACION MAYAGUEZANA DE PERSONAS CON INPEDIMENTOS INC PROYECTO,,PO BOX 745,MAYAGUEZ,PR,00681-0745,0000,03,3,1000,200209,1,15,000000000,1,01,202506,4,4,01,0,06,171646,209455,209455,P82,
660406990,ASOCIACION PRO JUVENTUD Y COMUNIDAD DE BARRIO PALMAS INC,,CALLE CUCHARILLAS BARRIO PALMAS,CATANO,PR,00962-0000,0000,03,3,1200,199506,1,15,408000000,1,01,202506,5,7,01,0,06,801140,6282238,6282238,S20M,
660407027,NATIONAL TREASURY EMPLOYEES UNION,% TREASURER,PO BOX 5200,CHRISTIANSTED,VI,00823-5200,0000,05,3,3000,202407,2,00,263264480,5,01,202409,0,0,02,0,09,0,0,0,J90,200 NTEU CHAPTER
660407114,THE CHURCH OF GOD PROPHECY FOR THE VIRGIN ISLANDS INC,,PO BOX 7434,ST THOMAS,,00000-0000,0000,03,3,7100,200706,2,10,000000000,1,01,,0,0,06,0,05,,,,X21,
660407440,CENTRO SAN FRANCISCO INC,% EDDIE TORRES VAZQUEZ,PO BOX 10479,PONCE,PR,00732-0479,0000,03,3,2000,201302,1,11,000000000,1,01,202506,5,6,01,0,06,532280,1159891,1159891,B20,
660407686,IGLESIA WESLEYANA DE BAYAMON,% MAYRA E MIRANDA DAVILA,APARTADO POSTAL 578,BAYAMON,PR,00960-0000,2079,03,9,7200,197005,1,10,601030000,5,01,,0,0,06,0,06,,,,,
660407714,EMPRESAS APARI,,PO BOX 1903 FRANCISCO SEIN,SAN JUAN,PR,00917-0000,0000,03,2,1000,199410,1,16,000000000,1,01,202512,0,0,02,0,12,0,0,0,,
660407821,RYDER HEALTH PLAN INC,% CARMEN COLON MELENDEZ,353 AVE FONT MARTELO,HUMACAO,PR,00791-3225,0000,03,3,1000,198507,1,15,164994000,1,01,202512,6,6,01,0,12,1697809,1196394,1196394,E310,
660407923,IGLESIA CARISMATICA RIOS DE AGUA VIVA INC,% FULGENCIO ORTIZ,CALLE ESTRELLA BDA SANDIN,VEGA BAJA,PR,00694-0000,8141,03,9,7000,199701,1,10,001000000,1,01,,0,0,06,0,12,,,,,
660408024,IGLESIA ALIANZA CRISTIANA Y MISIONERA MAGNOLIA,,PO BOX 523,BAYAMON,PR,00960-0523,2284,03,9,7000,197205,1,10,001000000,5,01,,0,0,06,0,12,,,,,
660408631,ST CROIX FRIENDS OF DENMARK SOCIETY INC,% MARJORIE ROBERTS,PO BOX 682,CHRISTIANSTED,VI,00821-0682,0000,03,3,1000,200005,1,15,000000000,1,01,202412,2,2,02,0,12,21947,12965,12965,A84,
660409592,IGLESIA EVANGELICA PENT ASAMBLEA DE DIOS,,PO BOX 1584,ANASCO,PR,00610-1584,1678,03,9,7000,196408,1,10,001002029,5,01,,0,0,06,0,12,,,,,
660410076,CALYPSO INCORPORATED,% CAMILE MACEDON,PO BOX 6201,CHRISTIANSTED,VI,00823-6201,0000,03,3,1200,201609,1,13,998000000,1,01,202512,1,4,01,0,12,7848,162641,162641,A68,
660410382,ACADEMIA DISCIPULOS DE CRISTO EN VEGA ALTA,,PO BOX 1204,VEGA ALTA,PR,00692-1204,0000,03,3,2700,202505,1,11,000000000,1,01,,0,0,01,0,06,,,,B20,
660412491,TERCERA IGLESIA BAUTISTA DE PONCE INC,% TERCERA IGLESIA BAUTISTA DE PONCE,PO BOX 7702,PONCE,PR,00732-7702,3125,03,9,7000,195504,1,10,001000000,5,01,,0,0,06,0,12,,,,,7169
660413230,PUERTO RICO COMMUNITY FOUNDATION INC,,PO BOX 70362,SAN JUAN,PR,00936-8362,0000,03,3,1000,198503,1,15,600602000,1,01,202412,8,7,01,0,12,48526352,9361757,9361757,T31,
660413250,THE WARREN H YOUNG SCHOLARSHIP FUND INC,% JOEL HOLT ESQ,2132 COMPANY STREET,CHRISTIANSTED,VI,00820-5084,0000,03,3,1000,198503,2,16,040000000,1,01,202512,1,1,02,0,12,2878,6500,6500,,
660413650,ASOCIACION PRO ALBERGUE DE ANIMALES INC,,PO BOX 3537,MAYAGUEZ,PR,00681-3537,0000,03,3,4000,198505,1,15,913000000,1,01,202512,4,5,01,0,12,326338,956918,956918,Z99Z,
660413881,HOGAR RUTH PARA MUJERES MALTRATADAS INC,,PO BOX 538,VEGA ALTA,PR,00692-0538,0000,03,3,1000,200403,1,15,000000000,1,01,202506,7,7,01,0,06,6678845,7085221,7085221,,HOGER RUTH
660413931,STREET KIDS UNITED HUMANITIES INC,,1A BJERGE GADE,CHARLOTTE AMALIE,VI,00802-0000,0000,03,3,1257,201807,1,15,998000000,1,01,202509,0,0,02,0,09,0,0,0,A20,
660415262,MASJID NUR AHL-US SUNNAH-ISLAMIC CENTER INC,,PO BOX 12028,ST THOMAS,VI,00801-5028,0000,03,3,7000,199602,1,10,001000000,1,01,,0,0,06,0,06,,,,X40Z,ISLAMIC CENTER
660415750,IGLESIA CRISTIANA CARISMATICA DE LEVITTOWN INC,% HECTOR PEREZ REV,PO BOX 50445,LEVITTOWN,PR,00950-0445,8141,03,9,7000,199701,1,10,001000000,1,01,,0,0,06,0,12,,,,,
660416504,UNITY OF ST CROIX,% VERNAE FLOYD,PO BOX 1886,KINGSHILL,VI,00851-1886,2062,03,9,2700,197002,1,10,059029000,5,01,,2,3,06,0,12,,,,,
660416567,CORPORACION PARA EL DESARROLLO DEL OESTE INC,,PO BOX 837,MAYAGUEZ,PR,00681-0837,0000,04,3,3000,199709,2,00,381000000,1,01,202509,6,5,01,0,09,4803146,785711,785711,,
660416687,GRACE GOSPEL CHAPEL INC,% CHARLOTTE AMALIE,PO BOX 7094,ST THOMAS,VI,00801-0094,0000,03,3,7000,198601,1,10,001000000,1,01,,0,0,06,0,12,,,,,
660417185,SANDRA RIVERA LA COMEDIA PUERTORRIQUENA INC,,URB BALDRICH 210 PRESIDENTE RAMIREZ,SAN JUAN,PR,00918-0000,0000,03,3,1000,202112,1,15,000000000,1,01,202506,0,0,02,0,06,0,0,0,A65,
660417386,PRIMERA IGLESIA AD,% ERNESTO RIVERA MATOS NO 155,PO BOX 1969,MAYAGUEZ,PR,00681-1969,1678,03,9,7000,196408,1,10,001002029,5,01,,0,0,06,0,12,,,,,GIALDY IRIZARRY
660419642,EBENEZER MEMORIAL BAPTIST CHURCH,,PO BOX 308208,ST THOMAS,VI,00803-8208,0000,03,3,7000,200402,1,10,000000000,1,01,,0,0,06,0,12,,,,X21,
660419912,ASOCIACION DE SALUD PRIMARIA DE PUERTO RICO INC,% EDF ALIANZA 400 AVE AMERICO MIRAN,EDIFICIO ALIANZA 400 AMERICO MIRAND,SAN JUAN,PR,00927-0000,0000,03,3,1000,199007,1,15,531000000,1,01,202409,6,6,01,0,09,2073099,2257746,2257746,,
660420190,MUSEO DE ARTE CONTEMPORANEO DE PUERTO RICO INC,% THE MUSEUM,PO BOX 362377,SAN JUAN,PR,00936-2377,0000,03,3,1000,199303,1,15,060000000,1,01,202506,7,7,01,0,06,9683821,5016960,4947523,,
660420438,IGLESIA CRISTIANA TESALONICA,,URB STA RITA E28 CALLE 3,VEGA ALTA,PR,00692-0000,1678,03,9,7000,196408,1,10,001002029,5,01,,0,0,06,0,12,,,,,
660420973,NAZARENE CHRISTIAN SCHOOL INC,,55 GOLDEN ROCK CHRISTIANSTED,SAINT CROIX,VI,00820-0000,0000,03,3,2700,199810,1,11,030000000,1,01,,0,0,00,0,12,,,,B20Z,
660420997,LUTHERAN SOCIAL SERVICES OF PUERTO RICO,% HECTOR CAMARENO,1250 AVE JUAN PONCE DE LEON STE 300,SAN JUAN,PR,00907-0000,9386,03,9,7000,198804,1,10,001000000,1,01,,0,0,00,0,12,,,,,
660421076,PUNTA BORINQUEN GOLF AND COUNTRY CLUB INC,,300 GOLF ROAD RAMEY BASE,AGUADILLA,PR,00603-0000,0000,03,3,1200,202110,1,16,000000000,1,01,202412,5,6,01,0,12,717644,1263944,1263944,N6A,
660421420,INSTITUTO PREVOCACIONAL E INDUSTRIAL DE PUERTO RICO,% NILSA LOPEZ RIVERA,PO BOX 1800,ARECIBO,PR,00613-1800,0000,03,3,2000,199201,1,11,046031000,1,01,202506,7,6,01,0,06,5013692,3655650,3655650,,CALLE EUGENIO M DE HOSTOS ESQ
660422002,IGLESIA CRISTIANA CARISMATICA 1RA S AMUEL 712 INC,% IGLESIA CRISTIANA CARISMATICA,PO BOX 8061,PONCE,PR,00732-8061,8141,03,9,7000,199701,1,10,001000000,1,01,,0,0,06,0,12,,,,,
660422767,ST CROIX HOTEL ASSOCIATION INC,% CHARLIE MARTIN,PO BOX 302300,ST THOMAS,VI,00803-2300,0000,06,0,1000,000000,0,00,000000000,0,01,202412,1,2,02,0,12,9788,24860,24860,,
660423036,ST THOMAS HISTORICAL TRUST INC,% PAMELA REID,PO BOX 6707,ST THOMAS,VI,00804-6707,0000,03,3,1200,202104,1,16,000000000,1,01,202409,4,4,01,0,09,139658,120490,115568,A50,
660423328,DEAF CHRISTIAN EVANGELISTIC ASSOC INTERNATIONAL INC,,100 CALLE ALHAMBRA,HATO REY,PR,00917-3128,0000,03,3,1000,199508,1,15,998000000,1,01,202512,0,0,02,0,12,0,0,0,X200,
660423489,SPINA BIFIDA & HIDROCEPHALUS ASSOCIATION OF PUERTO RICO INC,% LYLETTE AVILES RIOS,PO BOX 8262,BAYAMON,PR,00960-8262,0000,03,3,1000,200005,1,15,000000000,5,01,202506,4,4,01,0,06,229680,172321,172321,G20,
660423539,FAMILY RESOURCE CENTER INC,,2317 COMMANDANT GADE,CHARLOTTE AMA,VI,00802-5522,0000,03,3,1000,201810,1,15,569000000,1,01,202409,6,5,01,0,09,2500583,830088,830088,P20,
660423758,CENTRO PARA NINOS EL NUEVO HOGAR INC,% GABRIEL MAS,PO BOX 212,ADJUNTAS,PR,00601-0212,0000,03,3,1200,200403,1,15,000000000,1,01,202412,4,4,01,0,12,131788,246037,246037,P70,
660423892,ASSOCIATION FOR THE ELDERLY OF THE VIRGIN ISLANDS INC,,516B HOSPITAL ST,FREDERIKSTED,VI,00840-3824,0000,03,3,1000,198704,1,15,153000000,1,01,202409,6,5,01,0,09,1807442,706342,706342,,
660424169,FUNDACION FELISA RINCON DE GAUTIER,,PO BOX 6607,SAN JUAN,PR,00914-6607,0000,03,3,2000,198606,1,15,120000000,1,01,202506,4,4,01,0,06,238260,303828,303828,,
660424216,ASOCIACION BENEFICA DE PONCE INC,,PO BOX 8110,PONCE,PR,00732-8110,0000,03,3,1000,201107,1,15,000000000,1,01,202506,4,5,01,0,06,167939,644238,644238,L22,
660425391,FIRST PENTECOSTAL CHURCH INC NO 6 ESTATE HOFFMAN,,PO BOX 8529,ST THOMAS,VI,00801-1529,0000,03,3,7000,198810,1,10,001000000,1,01,,0,0,06,0,12,,,,,
660425428,FLOR DE CAHILLO INC,% ZORAIDA MORENO FUENTES,PO BOX 526,LOIZA,PR,00772-0526,0000,03,3,1200,201406,1,15,088994000,1,01,202412,3,2,02,0,12,93611,17874,0,P20,
660425542,BLUEWATER BIBLE COLLEGE & INSTITUTE,,8220 ESTATE BOTANY BAY,ST THOMAS,VI,00802-8200,0000,03,3,2000,199704,1,11,030000000,1,01,202606,0,0,02,0,06,0,0,0,B20Z,
660425840,INSTITUTO SOCIO-ECONOMICO COMUNITARIO INC,% SR ARLEEN PADUA IRIZARRY,PO BOX 363666,SAN JUAN,PR,00936-3666,0000,03,3,1000,198802,1,15,560408000,1,01,202409,7,7,01,0,09,9483375,9588259,9588259,,EDIF FUNSECO
660425865,THE FOUNDATION FOR TE COLLEGE OF THE VIRGIN ISLANDS INC,% 2 JOHN BREWERS BAY,2 JOHN BREWERS BAY,ST THOMAS,VI,00802-6004,0000,03,3,1000,198607,1,17,922602000,1,01,202509,9,6,01,0,09,61681129,4719074,3568414,,
660426078,INDEPENDENT ASSEMBLIES OF GOD,,PO BOX 1090,ST THOMAS,VI,00804-1090,1621,03,9,7000,196402,1,10,001000000,5,01,,0,0,06,0,12,,,,,VICTORY CHRISTIAN 3
660426307,ST THOMAS SWIMMING ASSOCIATION INC,,6501 RED HOOK PLAZA SUITE 201,ST THOMAS,VI,00802-1373,0000,03,3,1000,198803,1,15,287000000,1,01,202412,5,4,01,0,12,702868,387616,387616,,
660426506,CENTRO DE SALUD DE LARES INC,,PO BOX 379,LARES,PR,00669-0379,0000,03,3,1000,199303,1,15,154000000,1,01,202503,9,8,01,0,03,94942250,46065927,46065927,E32Z,
660426667,SERVICIOS DE SALUD PRIMARIOS DE,% FRANCISCO RODRIGUEZ,PO BOX 2045,BARCELONETA,PR,00617-2045,0000,03,3,1000,199103,1,12,154904000,1,01,202506,8,8,01,0,06,35712504,29883332,29883332,,
660426787,CORPORACION LA FONDITA DE JESUS,% LA FONDITA DE JESUS,PO BOX 19384,SAN JUAN,PR,00910-1384,0000,03,3,1000,199011,1,15,560000000,1,01,202405,7,8,01,0,05,8508611,12118232,9104605,,
660427194,CORP SERV MED PRIM Y PREV DE HATILLO,,PO BOX 907,HATILLO,PR,00659-0907,0000,03,3,1000,199309,1,12,150000000,1,01,202501,8,9,01,0,01,49517181,65299826,65299826,,
660427218,IGLESIA CARISMATICA CRISTIANOS RENOVADOS INC,% PEDRO RODRIGUEZ,BO TORUGO CARRETERA 873,RIO PIEDRAS,PR,00926-0000,8141,03,9,7000,199701,1,10,001000000,1,01,,0,0,06,0,12,,,,,
660427796,BETHEL AFRICAN METHODIST EPISCOPAL CHURCH INC,% VINCENT H A GORDON,PO BOX 224554,CHRISTIANSTED,VI,00822-4554,0000,03,3,7000,200710,1,10,000000000,1,01,,0,0,06,0,12,,,,X21,
660427801,MIGRANT HEALTH CENTER,,PO BOX 190,MAYAGUEZ,PR,00681-0190,0000,03,3,1000,198705,1,12,154000000,1,01,202502,9,9,01,0,02,150104313,157488567,157488567,,WESTERN REGION INC
660428120,PRYMED MEDICAL CARE INC,% GLADYS RIVERA ESTELA,PO BOX 1427,CIALES,PR,00638-1427,0000,03,3,1000,199704,1,12,154000000,1,01,202601,8,8,01,0,01,43207479,42945145,42945145,E20Z,
660428414,IGLESIA ROCA DE REFUGIO DEFENSORES DE LA FE INC,,RR 4 BOX 11162,TOA ALTA,PR,00953-9713,0000,03,3,7000,200211,1,10,000000000,1,01,,0,0,06,0,06,,,,X21,
660428488,COSTA SALUD COMMUNITY HEALTH CENTERS INC,,PO BOX 638,RINCON,PR,00677-0638,0000,03,3,1000,199307,1,15,155000000,1,01,202503,8,8,01,0,03,47953724,46576029,46576029,E39Z,
660428649,CONCILIO DE DISTRITO DE PUERTO RICO DE LAS ASAMBLEAS DE DIOS INC,% I DELATORRE CRUZ,PO BOX 2787,BAYAMON,PR,00960-2787,1678,03,9,7000,196408,1,10,001002029,5,01,,0,0,06,0,03,,,,,
660428651,PRODUCIR INC UNA CORP DE DESARROLLO COMUNAL Y ECON PARA CUBUY Y LOMAS,,PO BOX 35000,CANOVANAS,PR,00729-0014,0000,03,3,1000,198802,1,15,149408000,1,01,202412,6,4,01,0,12,1170684,283505,283505,S200,
660428652,CAMUY HEALTH SERVICES INC,% EDDIE PEREZ CABAN,PO BOX 660,CAMUY,PR,00627-0660,0000,03,3,1000,198609,1,12,000000000,1,01,202501,8,8,01,0,01,41481512,39946447,39946447,,SERVICIO DE SALUD DE CAMUY INC
660428876,HOGAR CREA INTERNATIONAL INC,,PO BOX 547,SAINT JUST,PR,00978-0547,0000,03,3,1000,202006,1,16,000000000,1,01,202306,1,1,02,0,06,7868,2400,2400,F20,
660428922,CENTRO DE SERVICIOS PRIMARIOS DE SA LUD INC,,PO BOX 368,FLORIDA,PR,00650-0368,0000,03,3,1200,199305,1,12,155000000,1,01,202512,8,8,01,0,12,20009090,14617483,14617483,,
660428997,CENTRO DE SERVICIOS A LA JUVENTUD INC,% JEAN GARCIA,PO BOX 93668,ARECIBO,PR,00613-0000,0000,03,3,1000,202302,1,15,000000000,1,01,202409,4,6,01,0,09,364693,1090429,1090429,B21,
660429598,THE VIEQUES CONSERVATION AND HISTORICAL TRUST INC,,138 CALLE FLAMBOYAN,VIEQUES,PR,00765-4005,0000,03,3,1200,198701,1,15,350119994,1,01,202509,6,6,01,0,09,1280520,1468326,1460416,,
660429666,IGLESIA CRISTIANA MENSAJEROS DEL SENOR INC,,PO BOX 29638,SAN JUAN,PR,00929-0638,0000,03,3,7000,202302,1,10,000000000,1,01,,0,0,06,0,12,,,,X20,
660429762,CORPORACION PARA EL DESARROLLO ECONOMICO DE TRUJILLO ALTO,% NILDA DIAZ,PO BOX 1685,TRUJILLO ALTO,PR,00977-1685,0000,03,3,1000,200107,1,16,000000000,1,01,202512,6,4,01,0,12,2559796,107774,107774,L22,
660429907,CARIBBEAN CHORALE INC,% DR UTHA O WILLIAMS,1108 FIRST ST,CHARLOTTE AMA,VI,00802-3611,0000,03,3,2000,200209,1,16,000000000,1,01,202408,0,0,02,0,08,0,0,0,A6B,
660429910,YOUTH WITH A MISSION INC,,4030 DIAMOND RUBY,CHRISTIANSTED,VI,00820-4408,0000,03,3,3000,198803,1,15,006000000,3,01,202512,4,4,01,0,12,310908,140393,140393,,
660429911,ANTILLES SCHOOL OF TECHNICAL CAREERS INC,,PO BOX 191536,SAN JUAN,PR,00919-1536,0000,03,3,2000,202405,1,11,000000000,1,01,202406,0,0,02,0,06,0,0,0,B30,
660430105,CENTRO RAMON FRADE PARA PERSONAS DE EDAD INC,% JULIO FLORES ANAYA,RES BENIGNO FERNANDEZ GARCIA 105,CAYEY,PR,00736-0000,0000,03,3,1000,201604,1,15,998000000,1,01,202209,4,4,00,0,09,482937,258115,258115,P81,
660430211,IGL ASAMBLEAS DE DIOS URBANIZACION MONTE BRISA,,B19 CALLE H,FAJARDO,PR,00738-3352,1678,03,9,7000,196408,1,10,001002029,5,01,,0,0,06,0,12,,,,,
660430781,NAVY LEAGUE OF THE UNITED STATES NATIONAL HEADQUARTERS,% THOMAS W HOFFMAN,ST THOMAS VIRGIN ISLANDS 00801,BRITISH VIRGIN ISLANDS,,00000-0000,3276,03,9,2100,199011,1,15,512000000,1,01,202412,0,0,02,0,12,0,0,0,,ST THOMAS ST JOHN COUNCIL
660430826,CENTRO DE SERVICIOS PRIMARIOS DE SALUD DE PATILLAS INC,% CALLE RIEFKHOL CARR 3,PO BOX 697,PATILLAS,PR,00723-0697,0000,03,3,1000,199210,1,12,154000000,1,01,202503,8,8,01,0,03,22265815,37626724,37626724,,
660430961,CODEVISA INC,,PO BOX 9023498,SAN JUAN,PR,00902-3498,0000,03,3,1000,202507,1,15,000000000,1,01,,0,0,01,0,06,,,,S31,CODEVISA CD
660431811,NATIONAL ASSOCIATION OF INSURANCE WOMEN,% ILEANA VELEZ,PO BOX 193282,SAN JUAN,PR,00919-3282,1937,06,9,2000,196806,2,00,200059205,5,01,202512,0,0,02,0,12,0,0,0,,385 ASS DE PRO DE SERGUROS DE PUERT
660432102,CARIBBEAN NATURAL RESOURCES INSTITUTE,% FERNANDES INDUSTRIAL CNTR ADMIN B,CHRISTIANSTED 00820,BRITISH VIRGIN ISLANDS,,00000-0000,0000,03,3,1280,201811,1,16,350000000,1,01,202606,0,0,02,0,06,0,0,0,B05,
660432361,CULTURARTE DE PUERTO RICO INC,% GUILLERMO L MARTINEZ,PO BOX 365051,SAN JUAN,PR,00936-5051,0000,03,3,2000,200111,1,16,000000000,1,01,202412,6,5,01,0,12,1253918,760743,760743,A260,
660432461,SOCIEDAD DE INVESTIGACION CIENTIFICA INC,,VETERANS PLAZA STA,SAN JUAN,PR,00933-0000,0000,03,3,8000,199104,1,12,161000000,1,01,202509,5,5,01,0,09,507545,545382,545382,U20Z,
660432514,THE UNIVERSITY OF THE VIRGIN ISLANDS,,2 JOHN BREWERS BAY,ST THOMAS,VI,00802-6004,0000,03,3,2000,198708,1,11,000000000,1,01,202309,9,9,14,0,09,202580023,102783850,102783850,,UVI
660433853,ADMINISTRACION DE SERVICIOS MEDICOS DE PUERTO RICO,% ANGEL RIVERA GARCIA,PO BOX 2129,SAN JUAN,PR,00922-2129,0000,03,3,1200,201505,1,12,000000000,1,01,,0,0,14,0,06,,,,E20,
660434243,COLEGIO TEOLOGICO DEL CARIBE,,PO BOX 1335,BAYAMON,PR,00960-1335,1678,03,9,7000,196408,1,10,001002029,5,01,,0,0,06,0,12,,,,,
660434923,COSSMA INC,% BRENDA L RIVERA,PO BOX 1330,CIDRA,PR,00739-1330,0000,03,3,1000,198907,1,15,154000000,1,01,202508,9,9,01,0,08,199078403,89975529,89975529,E320,
660435372,LUTHERN SERVICES FOR THE DEVELOPMENTALLY DISABLED INC,% FREDERIKSTED U S,516B HOSPITAL ST,FREDERIKSTED,VI,00840-3824,0000,03,3,1000,198809,1,16,160000000,1,01,202409,4,4,01,0,09,197665,137758,137758,,00840
660435373,ST THOMAS ST JOHN SERVICES FOR THE DEVELOPMENTALLY DISABLED INC,,516B HOSPITAL ST,FREDERIKSTED,VI,00840-3824,0000,03,3,1000,198809,1,15,160166994,1,01,202409,4,4,01,0,09,139238,178508,178508,,
660436383,CENTRO DE DIAGNOSTICO PARA INTELIGENCIAS MULTIPLES INC,% EDNA VAZQUEZ,PO BOX 270076,SAN JUAN,PR,00928-2876,0000,03,3,1000,201012,1,15,179000000,1,01,202506,6,6,01,0,06,3169286,1925618,1925618,P80,CENT
660437360,ESCUELA FEDERICO FROEBEL INC,% ESCUELA FEDERICO FROEBEL INC,CALLE INGENIERO ORLANDO ALARCO,AGUADILLA,PR,00604-0000,0000,03,3,2000,201505,1,11,000000000,1,01,202512,6,6,01,0,12,3347691,3339393,3339393,B20,
660437924,HPM FOUNDATION INC,% JULIO GOMEZ,PO BOX 14557,SAN JUAN,PR,00916-0000,0000,03,3,1000,199304,1,12,154000000,1,01,202503,8,9,01,0,03,38034279,60529189,60529189,E320,
660438731,MUNGO NILES CULTURAL DANCERS INC,,PO BOX 307791,ST THOMAS,VI,00803-7791,0000,03,3,2000,202402,1,15,090119000,1,01,,0,0,02,0,12,,,,A62,
660438765,LA PALABRA DE VIDA ASAMBLEA DE DIOS,% BO QUEBRADA,HC 2 BOX 8040,CAMUY,PR,00627-8953,1678,03,9,7000,196408,1,10,001002029,5,01,,0,0,06,0,03,,,,,
660438770,CHURCH OF SCIENTOLOGY OF PUERTO RICO INC,,1208 AVE PONCE DE LEON,SAN JUAN,PR,00907-3943,4168,03,9,7000,199310,1,10,001000000,1,01,,0,0,06,0,12,,,,,
660439213,SAINT PATRICKS SCHOOL INC,,PO BOX 10007,GUAYAMA,PR,00785-4007,0000,03,3,2000,202110,1,11,000000000,1,01,202312,6,6,01,0,12,2273725,3545393,3545393,B24,
660439432,UNIVERSAL TECHNOLOGY COLLEGE OF PUERTO RICO INC,,PO BOX 1955,AGUADILLA,PR,00605-1955,0000,03,3,2000,202312,1,11,030000000,1,01,202312,8,6,01,0,09,11285894,3191199,3191199,B30,
660440089,HOGAR INFANTIL JESUS NAZARENO INC,,PO BOX 1671,ISABELA,PR,00662-1671,0000,03,3,1000,201507,1,15,031150120,1,01,202506,6,6,01,0,06,1157776,1025149,1025149,,
660440170,IGLESIA CRISTIANA JUAN 3-16 INC,% JOSE A LOPEZ,PO BOX 3568,MAYAGUEZ,PR,00681-3568,1678,03,9,7000,196408,1,10,001002029,5,01,,0,0,06,0,12,,,,,
660440404,UNO CHURCH INC,% JUAN CARLOS ROSA HERNANDEZ,RR 5 BOX 24800,ANASCO,PR,00610-8804,0000,03,3,7000,202602,1,10,000000000,1,01,,0,0,06,0,12,,,,X20,
660441258,OUR TOWN FREDERIKSTED INC,% OUR TOWN FREDERIKSTED INC,502 HOSPITAL ST,FREDERIKSTED,VI,00840-3824,0000,03,3,1230,202403,1,16,400000000,5,01,202412,6,4,01,0,12,1083301,149892,149892,S21,
660441600,IGLESIA CARISMATICA DE COROZAL INC,% REINALDO COLON SIFONTE REV,CARR 618 BO CUCHILLAS KM 7 3,COROZAL,PR,00783-0000,8141,03,9,7000,199701,1,10,001000000,1,01,,0,0,06,0,12,,,,,
660441776,IGLESIA MANANTIAL DE VIDA INC,% MARCOS MORALES,EXPRESO ARECIBO A LARES CARR 129 BO,LARES,PR,00669-0000,8141,03,9,7000,199701,1,10,001000000,1,01,,0,0,06,0,12,,,,,
660442156,IGLESIA CARISMATICA JESUS DE NAZARET INC,% ANGEL D NUNEZ QUINTANA,PO BOX 1129,ADJUNTAS,PR,00601-1129,8141,03,9,7000,199701,1,10,001000000,1,01,,0,0,06,0,12,,,,,
660442157,IGLESIA CARISMATICA FILADELFIA INC,% REINALDO DEYNES,CALLE 7 100 SANTA CATALINA,BAYAMON,PR,00956-0000,8141,03,9,7000,199701,1,10,001000000,1,01,,0,0,06,0,12,,,,,
660442165,ASOCIACION PUERTO RICO QUENA DE DIABETES,% BRENDA T PADILLA,PO BOX 191831,SAN JUAN,PR,00919-1831,0000,03,3,1200,200004,1,15,000000000,1,01,202412,4,4,01,0,12,213099,254138,254138,G80,
660442166,IGLESIA WESLEYANA DE SANTURCE,% SIXTO RAFAEL PACHECO GARCIA,2259 AVE EDUARDO CONDE,SAN JUAN,PR,00915-4329,2079,03,9,7200,197005,1,10,601030000,5,01,,0,0,06,0,06,,,,,
660442690,IGLESIA CARISMATICA EL CONSOLADOR INC,% FRANCISCO JAVIER ACABA,ROBERTO CLEMENTE CARR 130 KM 10,HATILLO,PR,00659-0000,8141,03,9,7000,199701,1,10,001000000,1,01,,0,0,06,0,12,,,,,
660442768,IGLESIA EN DORADO INC,% JOSE E MARTINEZ SIFRE,425 ST 693 PMB 161,DORADO,PR,00646-0000,8141,03,9,7000,199701,1,10,001000000,1,01,,0,0,06,0,12,,,,,
660442843,IGLESIA LA TROMPETA FINAL INC,,HC 2 BOX 16574,ARECIBO,PR,00612-9037,1678,03,9,7000,196401,1,10,001002029,5,01,,0,0,06,0,03,,,,,
660443068,PRIMERA ASAMBLEA DE DIOS BARCELONETA,% REV MORALES,3293 CARR 664,BARCELONETA,PR,00617-0000,1678,03,9,7000,196408,1,10,001002029,5,01,,0,0,06,0,03,,,,,
660443137,CENTRO DE ADULTOS Y NINOS CON IMPEDIMENTOS INC,% MARIA TERESA SANTIAGO,133 CALLE DR GONZALEZ,ISABELA,PR,00662-2633,0000,03,3,1000,199908,1,15,000000000,1,01,202506,7,6,01,0,06,8297253,3796083,3796083,P30,C A N I I
660443273,RATTAN MONTESSORI SCHOOL INC,,PO BOX 1798,KINGSHILL,VI,00851-1798,0000,03,3,2000,202402,1,11,000000000,1,01,202412,4,3,01,0,12,191723,79239,79239,B21,
660443294,FEDERACION ESTATAL DE CAPELLANES CRISTIANOS INC,,25 BLVD MEDIA LUNA APT 3301,CAROLINA,PR,00987-5320,0000,03,3,1270,202409,1,15,000000000,1,01,202512,0,0,02,0,12,0,0,0,R01,
660443295,ACADEMIA MARANATHA INC,,PO BOX 1655,RIO GRANDE,PR,00745-1655,0000,03,3,2000,199303,1,11,046030000,1,01,,0,0,13,0,06,,,,,
660444051,IGLESIA CARISMATICA LIBERADOS POR CRISTO INC,% JOSE M SANTIAGO,HC 2 BOX 8030,CAMUY,PR,00627-9135,8141,03,9,7000,199701,1,10,001000000,1,01,,0,0,06,0,12,,,,,
660444454,PROGRAMA DE EDUCACION COMUNAL DE ENTREGA Y SERVICIO INC,% JOSE J OQUENDO CRUZ,PO BOX 647,PUNTA STGO,PR,00741-0647,0000,03,3,1000,199108,1,15,059000000,1,01,202506,6,7,01,0,06,4741174,7178372,7151012,P20Z,
660444882,BANCO DE ALIMENTOS PUERTO RICO INC,,PO BOX 3990,CAROLINA,PR,00984-3990,0000,03,3,1000,199201,1,15,560000000,1,01,202506,8,8,01,0,06,23244562,43302539,43302539,K30Z,
660445431,CENTRO NUEVOS HORIZONTES INC,% HILDA ROSA KAIRUZ,N16 CALLE 23,BAYAMON,PR,00959-8101,0000,03,3,1000,200101,1,15,000000000,1,01,202604,4,4,01,0,04,233431,249182,249182,P20,NUEVOS HORIZONTES
660445686,CHRISTO VICTORIOSO,,PARCELAS AMADEO 49 CARRETERA 670,VEGA BAJA,PR,00693-0000,9386,03,9,7000,198804,1,10,001000000,1,01,,0,0,06,0,12,,,,,
660446671,ST CROIX BOARD OF REALTORS INC,,PO BOX 1698,CHRISTIANSTED,VI,00821-1698,0000,06,3,2000,201404,2,00,000000000,1,01,202412,4,3,01,0,12,214467,92381,92381,S41,
660446732,MOVIMIENTO PARA EL ALCANCE DE VIDA INDEPENDIENTE,% ANGEL ORTIZ AISA,PO BOX 25277,SAN JUAN,PR,00928-5277,0000,03,3,1000,200012,1,15,000000000,1,01,202409,5,6,01,0,09,677222,2173627,2173627,P20,
660447192,COLEGIO FUENTE DE HOREB,,PO BOX 668,NAGUABO,PR,00718-0668,0000,03,3,7200,200304,1,11,000000000,1,01,,0,0,13,0,06,,,,B20,
660447265,IGLESIA EVANGELICA WESLEYANA DE PR OFICINA CENTRAL,% MAYRA MIRANDA TREASURER,PO BOX 945,GUAYNABO,PR,00970-0945,2079,03,9,7200,197005,1,10,601030000,5,01,,0,0,06,0,06,,,,,
660447891,CORPORACION HOGAR SANTA MARIA EUFRASIA,,PO BOX 1909,ARECIBO,PR,00613-1909,0928,03,9,7000,194603,1,10,000000000,5,01,,0,0,13,0,12,,,,,
660448412,GRACE BAPTIST CHURCH,,PO BOX 4137,ST CROIX,VI,00822-4137,0000,03,3,7000,199304,1,10,001000000,1,01,,0,0,06,0,09,,,,,
660448496,NATIONAL AIR TRAFFIC CONTROLLERS ASSOCIATION,% JOSE A OTERO,5000 CARR 190,CAROLINA,PR,00979-7421,3254,05,9,3000,199002,2,00,263000000,1,01,202512,0,0,02,0,12,0,0,0,,SAN JUAN CERAP ZSU
660449920,CALVARY EVANGELISTIC MISSION INC,,PO BOX 367000,SAN JUAN,PR,00936-7000,0000,03,3,7200,196508,1,16,029000000,1,01,202512,7,5,01,0,12,8038111,606462,606462,X21Z,
660450039,FUNDACION FERNANDO MARTINEZ CAULA INC,% RENOVACION CONYUGAL,PO BOX 7601,CAGUAS,PR,00726-7601,0000,03,3,1000,202109,1,16,000000000,1,01,202410,6,4,01,0,10,1007616,119817,119817,X21,
660450087,IGLESIA CRISTIANA EL SENDERO DE LA CRUZ INC,,PO BOX 361444,SAN JUAN,PR,00936-1444,0000,03,3,7000,199308,1,10,001000000,1,01,,0,0,06,0,12,,,,,
660450089,LA IGLESIA EN SAN JUAN INC,% OSCAR CORDERO,URB VILLA NEVAREZ 1042 14TH ST,SAN JUAN,PR,00927-0000,0000,03,3,7000,200610,1,10,000000000,1,01,,0,0,06,0,12,,,,X21,
660450481,FUNDACION DAR INC,% WANDA L CARBALLO,PO BOX 360648,SAN JUAN,PR,00936-0648,0000,03,3,1000,199408,1,15,560000000,1,01,202506,4,3,01,0,06,219317,58021,58021,P600,
660450948,THE JAPANESE SCHOOL OF GUAM,,170 TERAO ST,MANGILAO,GU,96913-6234,0000,03,3,2000,201009,1,11,000000000,1,01,202503,6,5,01,0,03,2075607,893285,884474,B25,
660450949,HOGAR DE ENVEJECIENTES IRMA FE POL MENDEZ,% ENELIA VELEZ SOTO,PO BOX 1185,LARES,PR,00669-1185,0000,03,3,1000,200206,1,15,000000000,1,01,202506,4,4,01,0,06,439560,403504,403504,L22,
660451287,IGLESIA BAUTISTA DE METROPOLIS,,PO BOX 30141,SAN JUAN,PR,00929-1141,3125,03,9,7000,195504,1,10,001000000,5,01,,0,0,06,0,12,,,,,10538
660451905,NATIONAL ACTIVE AND RETIRED FEDERAL EMPLOYEES ASSOCIATION,% GLADYS MARTINEZ,PO BOX 363554,SAN JUAN,PR,00936-3554,1599,05,9,3000,196310,2,00,264480279,5,01,202512,0,0,02,0,12,0,0,0,,PUERTO RICO STATE FEDERATION
660452525,NATIONAL AIR TRAFFIC CONTROLLERS ASSOCIATION,% TAMARA SABALIER,PO BOX 79710,CAROLINA,PR,00984-9710,3254,05,9,3000,199002,2,00,263000000,5,01,202512,0,0,02,0,12,0,0,0,,NATCA LOCAL SJU
660453740,IGLESIA CARISMATICA PASTILLO CANAS INC,% CELESTINO RIVERA,CALLE LIBRADO NET 26 PASTILLO CANAS,PONCE,PR,00731-1148,8141,03,9,7000,199701,1,10,001000000,1,01,,0,0,06,0,12,,,,,
660453769,LIGA ATLETICA INTERUNIVERSITARIA,,PO BOX 1388,SAN GERMAN,PR,00683-1388,0000,03,3,1000,201308,1,16,000000000,1,01,202506,5,6,01,0,06,784931,1382924,1382924,N40,
660453886,WORLD OVERCOMERS MINISTRIES INC,% EDWARD F MAGRAS,PO BOX 304519,ST THOMAS,VI,00803-4519,0000,03,3,7000,199305,1,10,001000000,1,01,,0,0,06,0,12,,,,,
660454756,CUARZO BLANCO INC,,PO BOX 190851,SAN JUAN,PR,00919-0851,0000,03,3,1000,199804,1,15,088000000,1,01,202512,3,4,01,0,12,30977,223119,223119,A650,
660454913,NANA BABY CHILDRENS HOME,,146-14 ESTATE TUTU,ST THOMAS,VI,00802-0000,0000,03,3,1000,199207,1,15,326030000,1,01,202512,6,5,01,0,12,1245855,714968,714968,,LARCHEVEAUX-ALI LOUISE GEN PTR
660455051,MABODAMACA CORPORACION PRO-RESCATE ERMITA SAN ANTONIO DE LA TUNA,% JOSE SOTOMAYOR,PO BOX 675,ISABELA,PR,00662-0675,0000,03,3,1000,199703,1,15,602000000,1,01,202512,0,0,02,0,12,0,0,0,T20J,
660455593,IGLESIA ASAMBLEAS DE DIOS PENTECOSTAL,,PO BOX 49,MOCA,PR,00676-0049,1678,03,9,7000,196408,1,10,001002029,5,01,,0,0,06,0,12,,,,,
660456267,CARIBBEAN CABLE TV ASSOCIATION INC,,PO BOX 11540,ST THOMAS,VI,00801-4540,0000,06,3,2000,199103,2,00,123000000,1,01,202412,4,4,01,0,12,141908,148404,148404,,MARTIN ANDREA L TREAS
660456419,SOCIETY OF AMERICAN MILITARY ENGINEERS,% ERICKSON MARBLE,PO BOX 1438,HAGATNA,GU,96932-1438,1278,03,9,2800,195411,1,16,059000000,5,01,202312,4,3,01,0,12,186729,75213,65634,,S A M E GUAM POST
660457233,UNIVERSITY OF GUAM ENDOWMENT FOUNDATION INC,,UOG STATION POST OFFICE,MANGILAO,GU,96923-0000,0000,03,3,2000,199001,1,13,927922000,1,01,202412,8,6,01,0,12,28114636,3446917,3055483,Q99Z,
660457503,GUAM ANIMALS IN NEED,,PO BOX 12013,YIGO,GU,96929-1013,0000,03,3,1200,202507,1,15,000000000,1,01,202512,4,5,01,0,12,388209,859192,803470,D20,
660458129,IGLESIA CRISTIANA CARISMATICA JUANA DIAZ INC,% REINALDO RAMIREZ,CALLE DR VEVE 3,JUANA DIAZ,PR,00795-1657,8141,03,9,7000,199701,1,10,001000000,1,01,,0,0,06,0,12,,,,,
660458921,VIETNAM VETERANS OF AMERICA INC,% JOSE VALENTIN,HC 2 BOX 804,YAUCO,PR,00698-9799,3202,19,9,1000,198411,1,00,907000000,5,01,202602,0,0,02,0,02,0,0,0,,483 CHAPTER
660459355,PROGRAMA DEL ADOLESCENTE DE NARANJITO INC,% NETZAYRA VILLEGAS RIVERA,PO BOX 891,NARANJITO,PR,00719-0891,0000,03,3,1000,200110,1,15,000000000,1,01,202506,4,5,01,0,06,272826,655887,655887,P80,
660461427,CHRISTIAN FELLOWSHIP MINISTRIES,,PO BOX 12394,ST THOMAS,VI,00801-5394,0000,03,3,1000,199103,1,10,001007000,1,01,,0,0,06,0,12,,,,,VITRACO PARK BLDG 1
660461792,EGIDA RYDER INC,,PO BOX 859,HUMACAO,PR,00792-0859,0000,03,3,1000,199705,1,15,995382000,1,01,202409,6,5,01,0,09,1171651,514741,514741,L22,
660463113,FRIENDS OF THE VIRGIN ISLANDS NATIONAL PARK,% TANIA LOVEJOY,PO BOX 811,ST JOHN,VI,00831-0811,0000,03,3,1000,199101,1,15,350000000,1,01,202409,7,6,01,0,09,6068646,3690197,2242034,C30,
660463223,VIEQUES HUMANE SOCIETY & ANIMAL RESCUE INC,% ROXANNE GLOBIS,PUERTO DIABLO R 200 KM 14,VIEQUES,PR,00765-0000,0000,03,3,1000,199006,1,15,913000000,1,01,202506,4,5,01,0,06,477880,733137,733137,D200,
660463753,IGLESIA CARISMATICA EL CAMINO INC,% LUIS MALDONADO REV,953 CALLE JUAN PENA REYES,RIO PIEDRAS,PR,00924-2951,8141,03,9,7000,199701,1,10,001000000,1,01,,0,0,06,0,12,,,,,
660464200,ZION CHRISTIAN ACADEMY & DAY CARE INC,% NILDA L GONZALEZ,PO BOX 1113 KINGSHILL,ST CROIX,VI,00851-0000,0000,03,3,1000,199601,1,16,574000000,1,01,202412,2,1,02,0,12,19920,5000,5000,P33Z,
660464639,VIRGIN ISLANDS CONSERVATION SOCIETY INC,% PAUL CHAKROFF,4002 RAPHUNE HILL RD STE 304,ST THOMAS,VI,00802-2903,0000,03,3,1000,202104,1,15,350352000,1,01,202409,4,4,01,0,09,191522,278728,278728,C30,
660465080,AMERICAN COLLEGE OF CARDIOLOGY,% COND MEDICAL CENTER PLAZA,MEDICAL CENTER PLAZA 1051 C3SE LC10,SAN JUAN,PR,00921-0000,0000,06,3,2000,199103,2,00,167000000,1,01,202501,4,4,01,0,01,236841,290410,290410,,PUERTO RICO CHAPTER
660466365,PUERTO RICO COMMUNITY FOR CLINICAL SERVICES RESEARCH AND HEALTH,% CARLOS A CABRERA BONET,PO BOX 20850,SAN JUAN,PR,00928-0850,0000,03,3,1000,199109,1,15,161000000,1,01,202412,7,8,01,0,12,7436539,18448660,18448660,H20Z,
660466808,INTERFAITH COALITION OF ST CROIX INC,,PO BOX 2766,KING HILL,VI,00851-2766,0000,03,3,7000,199108,1,10,002000000,1,01,,4,3,06,0,12,,,,,FREDERIKSTED
660468007,IGLESIA CRISTIANA EL SHADDAI INC,,PO BOX 427,SABANA GRANDE,PR,00637-0427,0000,03,3,1700,200907,1,10,000000000,1,01,,0,0,06,0,12,,,,X21,
660468138,ESTABLISHED ON THE ROCK CHURCH MINISTRIES INC,% GREGORY L JONES,PO BOX 5097,ST CROIX,VI,00823-5097,0000,03,3,1000,199206,1,10,001000000,1,01,,0,0,06,0,12,,,,,
660468226,FUNDACION INFANTIL RONALD MCDONALD INC,% YANELLY PAGAN,250 CALLE CONVENTO,SAN JUAN,PR,00912-3207,0000,03,3,1000,200804,1,15,602000000,1,01,202412,6,5,01,0,12,2049400,831327,831327,P62,FUNDACION INFANTIL RONALD MCDONALD
660468367,PRODUCIONES CONTRAPARTE INC,,URB ROLLING HILLS,CAROLINA,PR,00987-0000,0000,03,3,1000,201502,1,16,000000000,1,01,202512,3,4,01,0,12,38326,185369,185369,A60,
660468617,FUNDACION PRO-AYUDA DE PUERTO RICO INC,,CAPARRA OFFICE CENTER SUITE 204,GUAYNABO,PR,00968-0000,0000,03,3,1000,200301,1,16,000000000,1,01,202304,5,4,01,0,04,657486,246729,109341,P30,
660468712,IGLESIA ASAMBLEAS DE DIOS SILOE,% EDDIE GONZALEZ,PO BOX 428,BARCELONETA,PR,00617-0428,1678,03,9,7000,196408,1,10,000000000,1,01,,0,0,06,0,03,,,,,
660469059,PATRONATO CASTILLO SERRALLES,% FRANCES TORRUELLA DE ALUSTIZA,17 CALLE EL VIGIA,PONCE,PR,00730-2926,0000,03,3,1200,201611,1,16,000000000,1,01,202506,6,6,01,0,06,2867779,2755838,2658428,A50,
660469247,AD MONTE DE SION,,PO BOX 2011,VEGA ALTA,PR,00692-2011,1678,03,9,7000,196408,1,10,001002029,5,01,,0,0,06,0,12,,,,,
660469511,GUAM ONNURI VISION CHURCH,,PO BOX 7298,TAMUNING,GU,96931-7298,0000,03,3,7000,200203,1,10,000000000,1,01,,0,0,06,0,12,,,,X21,
660469637,HOGAR ALBERGUE DE NINOS MALTRATADOS DE SAN GERMAN INC,% RAFAEL A LUGO PADILLA,PO BOX 1375,SAN GERMAN,PR,00683-1375,0000,03,3,1000,200002,1,15,000000000,1,01,202506,4,6,01,0,06,363547,1512745,1512745,I73,
660470505,ST MARK COPTIC ORTHODOX CHURCH INC,% ST MARK PARISH,PO BOX 11397,ST THOMAS,VI,00801-4397,0000,03,3,1200,199105,1,10,001000000,1,01,,0,0,06,0,12,,,,,
660470703,COMMUNITY FOUNDATION OF THE VIRGIN ISLANDS INC,% ARLENE D JENSEN,PO BOX 380,ST THOMAS,VI,00804-0380,0000,03,3,1000,199204,1,15,602000000,1,01,202412,8,7,01,0,12,18773439,9112659,7870102,T20Z,
660470812,HOGAR NUEVA MUJER INC,% VILMARIE RIVERA,PO BOX 370927,CAYEY,PR,00737-0927,0000,03,3,1000,200402,1,15,000000000,1,01,202409,5,6,01,0,09,558096,1117710,1117710,P43,
660471190,CORPORACION PARA EL DESARROLO DEL CENTRO FINANCIERO DE HATO REY,,PO BOX 195232,SAN JUAN,PR,00919-5232,0000,03,3,1000,202008,1,15,000000000,1,01,202512,6,5,01,0,12,2851126,810299,810299,B80,
660471317,THE WAY OF THE CROSS BAPTIST CHURCH INCORPORATED,,PO BOX 5379,KINGSHILL,VI,00851-5379,0000,03,3,7000,201210,1,10,000000000,1,01,,0,0,06,0,12,,,,X21,
660471799,CONSUMER CREDIT COUNSELING INC,% EUGENIO ALONSO,PO BOX 9808,SAN JUAN,PR,00908-0808,2545,03,9,1000,197407,1,15,560565000,5,01,202412,5,5,01,0,12,574174,816686,816686,,PUERTO RICO SANTURCE PR
660472045,ASOCIACION DE ALZHEIMER Y DESORDENES RELACIONADOS DE PR,% ANTONIO SALGADO,PO BOX 362026,SAN JUAN,PR,00936-2026,0000,03,3,1000,200607,1,15,000000000,1,01,202412,4,3,01,0,12,108198,71272,71272,G83,
660472345,SHALOM FACILITY INC URB ROYAL TOWN,,7 6 CALLE 50A,BAYAMON,PR,00956-0000,0000,03,3,1000,202406,1,15,000000000,1,01,202512,6,6,01,0,12,2992808,2455906,2455906,P82,
660472369,IGLESIA PENTECOASTAL ZION ASAMBLEA DE DIOS,,PO BOX 9484,CAROLINA,PR,00988-9484,1678,03,9,7000,196408,1,10,001002029,5,01,,0,0,06,0,03,,,,,
660472421,KINGSHILL LUTHERAN CHURCH,,PO BOX 980,KINGSHILL,VI,00851-0980,9386,03,9,7000,198804,1,10,001000000,1,01,,0,0,06,0,12,,,,,
660472423,GOD AND SONS INC AKA COVENANT CHRISTIAN CENTER,% ERICA BENJAMIN,PO BOX 9588,ST THOMAS,VI,00801-2588,0000,03,3,1200,199105,1,10,001029000,1,01,,0,0,06,0,12,,,,,
660472686,EMMANUEL BAPTIST CHURCH,% PILI GAOTEOTE,PO BOX 6349,PAGO PAGO,AS,96799-6282,1606,03,9,7000,196311,1,10,036000000,5,01,,1,3,06,0,12,,,,,
660472751,SUNNY ISLE BAPTIST CHURCH,,PO BOX 5305,CHRISTIANSTED,VI,00823-5305,2269,03,9,7000,000000,0,10,001059349,5,01,,0,0,06,0,12,,,,,
660473120,IGLESIA EVANGELICA WESLEYANA DE GUAYNABO,% IRVING FIGUEROA DEL VALLE,PO BOX 1727,GUAYNABO,PR,00970-1727,2079,03,9,7200,197005,1,10,601030000,5,01,,0,0,06,0,06,,,,,
660473469,ANN WIGMORE NATURAL HEALTH INSTITUTE INC,% ANN WIGMORE NATURAL HEALTH INSTIT,PO BOX 429,RINCON,PR,00677-0429,0000,03,3,2000,199712,1,11,559000000,1,01,202512,6,5,01,0,12,2850790,892702,892702,B5BZ,
660473501,MY BROTHERS TABLE INC,% REV RODNEY KOOPMANS,PO BOX 3194,FREDERIKSTED,VI,00841-3194,0000,03,3,1000,202109,1,15,560000000,1,01,202412,4,3,01,0,12,111619,70669,70669,K35,
660473686,PUERTO RICO SOCIETY OF MICROBIOLOGISTS INC,,PO BOX 360175,SAN JUAN,PR,00936-0175,0000,03,3,2800,202408,1,16,000000000,1,01,202408,0,0,02,0,12,0,0,0,B03,
660473999,CORPORACION DE SERVICIOS EDUCATIVOS DE YABUCOA,% ROQUE DIAZ TIZOL,PO BOX 428,YABUCOA,PR,00767-0428,0000,03,3,2000,201104,1,11,000000000,1,01,202506,8,7,01,0,06,27873613,8823578,8823578,B24,
660474353,82D AIRBORNE DIVISION ASSOCIATION INC,% MIGUEL VANDO,1035 NE 16TH ST,SAN JUAN,PR,00920-0000,5461,04,9,3000,200601,2,00,059033908,5,01,,0,0,02,0,12,,,,,LOZADA-RUBIO CONDE PUERTO RICO CHAP
660475971,ALIANZA MUNICIPAL DE SERVICIOS,,PO BOX 8518,CAGUAS,PR,00726-8518,0000,03,3,1000,199403,1,17,126000000,5,01,202506,8,8,01,0,06,10978804,23877456,23877456,,
660476005,ARNOLD AIR SOCIETY-SILVER WINGS,% UNIV OF PUERTO RICO RIO PIEDRAS,901 BARBOSA AVE PINERO CORNER,SAN JUAN,PR,00931-0000,1224,04,9,3000,195306,2,00,059000000,5,01,202508,0,0,02,0,08,0,0,0,,755 AFROTC DET
660476528,IGLESIA CRISTIANA EMANUEL ASAMBLEAS DE DIOS INC,% URB REPARTO VALENCIANO CALLE H,PO BOX 2548,JUNCOS,PR,00777-2548,1678,03,9,7000,196408,1,10,001002029,5,01,,0,0,06,0,12,,,,,
660476549,COMMUNITY BAPTIST CHURCH INC,% EDDIE WILLIAMS,PO BOX 331,KINGSHILL,VI,00851-0331,0000,03,3,7100,200709,1,10,000000000,1,01,202312,0,0,06,0,12,0,0,0,X21,
660476875,HOGAR ALBERGUE JESUS DE NAZARET,% DE NAZARET INC,PO BOX 1147,MAYAGUEZ,PR,00681-1147,0000,03,3,1000,200412,1,15,000000000,1,01,202412,6,5,01,0,12,1447085,999187,999187,P30,
660477317,ST CROIX SERVICES FOR THE DEVELOPMENTALLY DISABLED INC,% JULIE SWANSON,516B HOSPITAL ST,FREDERIKSTED,VI,00840-3824,0000,03,3,1000,199109,1,16,160000000,1,01,202409,4,4,01,0,09,402377,222914,222914,,
660477331,VIRGIN ISLANDS MISSIONS INC,,PO BOX 4465,ST THOMAS,VI,00803-4465,0000,03,3,1700,199109,1,15,006004029,1,01,,0,0,13,0,12,,,,,
660477909,HOGAR DE AYUDA EL REFUGIO INC,% MARIA RAMOS,AVENIDA PONCE DE LEON 17 BARRIO AME,GUAYNABO,PR,00965-0000,0000,03,3,1000,199505,1,15,573000000,1,01,202505,5,5,01,0,05,706591,518334,518334,F200,
660478096,FUNDACION HOGAR NINITO JESUS INC,% MAYRA N DAVILA CEPEDA,PO BOX 192503,SAN JUAN,PR,00919-2503,0000,03,3,1000,199611,1,15,326000000,1,01,202406,5,5,01,0,06,750831,953649,953649,F330,HOGAR NINITO JESUS
660478120,ESCUELA DE ARTES PLASTICAS Y DISENO DE PUERTO RICO,,PO BOX 9021112,SAN JUAN,PR,00902-1112,0000,03,3,2000,199708,1,11,030000000,1,01,,0,0,14,0,06,,,,B42,
660478133,GUAM HUMANITIES COUNCIL INC,% JOSEPH E QUINATA,222 CHALAN SANTO PAPA,HAGATNA,GU,96910-5161,0000,03,3,2000,200103,1,15,000000000,1,01,202410,4,5,01,0,10,344741,889119,889119,A700,
660478461,MISION RENUEVOS DE MI PLANTIO INCORPORADO,,RR 36 BOX 6137,SAN JUAN,PR,00926-9500,0000,03,3,1000,202005,1,15,000000000,1,01,202512,0,0,02,0,12,0,0,0,P75,
660479008,ASOCIACION PUERTORIQUENA DE SERVIC Y AYUDA AL PACIENTE CON SIDA,% HECTOR FIGUERO,26 CALLE PADILLA EL CARIBE,CAGUAS,PR,00725-3749,0000,03,3,1200,200308,1,15,000000000,1,01,202603,4,5,01,0,03,227972,940634,940634,P74,APSAPS
660479184,ESTANCIA CORAZON INC,% CARLOS J GONZALEZ SANTIAGO,PO BOX 3309,MAYAGUEZ,PR,00681-3309,0000,03,3,1000,199307,1,15,160000000,1,01,202409,4,6,01,0,09,375877,1025261,1025261,P80Z,
660479191,CONVENTO MADRE DE DIOS INC,,CARR 643 BUZON 90,MANATI,PR,00674-0000,0928,03,9,1700,194603,1,10,031150120,5,01,,0,0,06,0,06,,,,,
660479321,CENTRO DE AYUDA Y TERAPIA AL NINO CON IMPEDIMENTO INC,% CESAR LORENZO MENDEZ,140 CALLE MONSENOR TORRES,MOCA,PR,00676-4139,0000,03,3,1000,199311,1,12,160000000,1,01,202412,7,7,01,0,12,5960354,9707626,9707626,E500,
660479375,CENTRO ESPERANZA INC,% CLARIBEL CAMACHO,PO BOX 482,LOIZA,PR,00772-0482,0000,03,3,1200,200501,1,15,000000000,1,01,202506,6,6,01,0,06,1489856,1128998,1128998,P30,
660479465,HOGAR CUNA DE SAN CRISTOBAL INC,% JOSE VIZCARRONDO,HC 1 BOX 29030 PMB 428,CAGUAS,PR,00725-8900,0000,03,3,5000,199912,1,15,000000000,1,01,202506,6,6,01,0,06,3647405,1833020,1833020,I72,
660479761,MISION NUESTRA SENORA DE POZO INC,% RICARDO RAMOS,PO BOX 9024,BAYAMON,PR,00960-9024,0000,03,3,7000,201408,1,15,000000000,1,01,202506,6,4,01,0,06,1574706,239436,239436,X20,
660479776,CENTRO DE SERVICIOS FERRAN INC,,58 CALLE A,PONCE,PR,00730-2020,0000,03,3,1000,199310,1,15,154000000,1,01,202506,4,4,01,0,06,237700,233290,233290,,
660479883,PROYECTO OASIS DE AMOR INC,% MARIA FELICIER,URB RIVER VIEW,BAYAMON,PR,00961-0000,0000,03,3,1000,199307,1,15,399000000,1,01,202406,4,4,01,0,06,432142,177566,177566,P200,
660480131,ST CROIX FOUNDATION FOR COMMUNITY DEVELOPMENT INC,% RICHARD AUSTIN ATTY,PO BOX 1128,CHRISTIANSTED,VI,00821-1128,0000,03,3,1000,199210,1,15,602000000,1,01,202412,6,6,01,0,12,4365684,2989156,2957162,T31Z,
660480279,FUNDACION PUERTORRIQUENA DEL RINON INC,% MARIEN SAADE,PO BOX 29793,SAN JUAN,PR,00929-0793,0000,03,3,1000,200205,1,15,000000000,1,01,202506,3,4,01,0,06,48730,189962,165699,G44,
660480413,FUNDACION PUERTORRIQUENA SINDROME DOWN,,PO BOX 195273,SAN JUAN,PR,00919-5273,0000,03,3,1000,200312,1,15,160031000,1,01,202512,6,6,01,0,12,1370707,1479645,1410979,G25,CORA ARCE
660480496,CASA ABOY INC,% CARMEN ABOY,900 AVE PONCE DE LEON,SAN JUAN,PR,00907-3330,0000,03,3,1200,202103,1,15,000000000,1,01,202512,0,0,02,0,12,0,0,0,A20,
660480546,PACIFIC ISLANDS UNIVERSITY,,172 KINNEYS RD,MANGILAO,GU,96913-5917,0000,03,3,2000,202408,1,11,000000000,1,01,202506,4,6,01,0,06,422686,1309519,1307856,B43,NON-PROFIT POST SECONDARY INSTITUTI
660480948,MOROVIS COMMUNITY HEALTH CENTER INC,% WILLIAM SOBERAL,PO BOX 518,MOROVIS,PR,00687-0518,0000,03,3,1200,199310,1,15,154000000,1,01,202501,8,8,01,0,01,18740353,29659827,29659827,E30Z,
660481158,HOGAR FORJADORES DE ESPERANZA INC,% DAMARIS RIVERA DE SEIJO,PO BOX 4181,BAYAMON,PR,00958-1181,0000,03,3,1000,200307,1,15,000000000,1,01,202506,5,4,01,0,06,669585,301616,301616,P73,
660481897,COAI INC,% JOSE J MULINELLI-RODRIGUEZ,PO BOX 8634,SAN JUAN,PR,00910-0634,0000,03,3,1200,199708,1,15,408000000,1,01,202506,3,4,01,0,06,42232,335346,335346,S80Z,
660483041,UNITARIAN UNIVERSALIST FELLOWSHIP OF ST THOMAS-ST JOHN,,RED HOOK PLAZA-SUITE 237,ST THOMAS,VI,00802-0000,0000,03,3,7000,199208,1,10,001000000,1,01,,0,0,06,0,12,,,,,
660483110,ASOCIACION CRISTIANA MINISTERIAL EBEN-EZER INC,% A C M E,AVE CAMPO RICO GK-50 COUNTRY CLUB,CAROLINA,PR,00982-2657,0000,03,3,7000,199402,1,10,002000000,1,01,,0,0,06,0,12,,,,,
660483960,INICIATIVA COMUNITARIA DE INVESTIGACION INC,% JOSE VARGAS VIDOT,PO BOX 366535,SAN JUAN,PR,00936-6535,0000,03,3,1200,199208,1,15,154994000,1,01,202412,6,7,01,0,12,4678233,6093536,6093536,,ICI
660483973,IGLESIA CARISMATICA JESUCRISTO EL SALVADOR INC,% MARTIN TORRES,101027 CALLE ESTRELLA URB ALTURAS D,VILLALBA,PR,00766-0000,8141,03,9,7000,199701,1,10,001000000,1,01,,0,0,06,0,12,,,,,
660483974,THE WORD OF LIFE MINISTRIES INC,% FOSTER G BARRIERO,PO BOX 1055,KINGSHILL,VI,00851-1055,0000,03,3,7210,200501,1,10,000000000,1,01,,0,0,06,0,12,,,,X21,
660484387,SAN AGUSTIN DEL COQUI INC,,PO BOX 127,AGUAS BUENAS,PR,00703-0127,0000,03,3,1000,200107,1,16,000000000,1,01,202512,0,5,01,0,12,0,789061,789061,P30,
660484507,FUNDACION PARA EL DESAROLLO DEL HOGAR PROPIO INC,% CARMEN VILLARINI,PO BOX 5250,CAGUAS,PR,00726-5250,0000,04,3,1000,199211,2,00,381000000,1,01,202507,8,8,01,0,07,10604557,25286834,25286834,,PROGRAMA HEAD START
660485440,NEOMED CENTER INC,% MIGUEL GONZALEZ GONZALEZ,PO BOX 1277,GURABO,PR,00778-1277,0000,03,3,1000,199409,1,12,154000000,1,01,202406,9,9,01,0,06,61299872,88224138,88224138,,
660485684,COLEGIO DE TECNICOS Y MECANICOS AUTOMOTRICES DE PR,% JUAN M LOPEZ SANTOS,PO BOX 8148,BAYAMON,PR,00960-8148,0000,03,3,2000,201412,1,16,000000000,1,01,202506,4,4,01,0,06,218612,338118,338118,B60,
660485920,KOREAN BAPTIST CHURCH OF GUAM,,PO BOX 24835,BARRIGADA,GU,96921-4835,1606,03,9,7000,196311,1,10,029000000,1,01,,0,0,06,0,12,,,,,
660486050,ST CROIX ELDERLY HOUSING INC,% JULIE SWANSON RESIDENT AGENT,516B HOSPITAL ST,FREDERIKSTED,VI,00840-3824,0000,03,3,1000,199211,1,15,153994000,1,01,202409,5,4,01,0,09,814624,371734,371734,,
660486064,EDUCATIONAL CENTER FOR THE BLIND AND THE HANDICAPPED OF PUERTO RICO,,30 WASHINGTON STREET SUITE 5-N,SAN JUAN,PR,00907-1523,0000,03,3,1000,199305,1,15,120000000,1,01,202512,4,2,02,0,12,227632,20106,20106,A33Z,
660486217,SERVICIOS SOCIALES EPISCOPALES INC,% ANGEL DAVILA,PO BOX 775,SAINT JUST,PR,00978-0775,0000,03,3,1200,201303,1,15,000000000,1,01,202412,6,6,01,0,12,2540474,2592289,2592289,P30,
660486893,PALMAS ACADEMY INC,% RAYMOND GAGNON,10 ACADEMY DR,HUMACAO,PR,00791-6130,0000,03,3,1000,199407,1,11,030000000,1,01,202506,8,7,01,0,06,11411653,6464381,6415732,,
660486907,HOSPITAL AUXILIO MUTUO INC,% MARIA DE L MARTI,PO BOX 191227,SAN JUAN,PR,00919-1227,0000,03,3,1000,199412,1,15,150000000,1,01,202409,9,9,01,0,09,170231243,265988061,265987241,E220,AUXILIO MUTUO
660486921,GUAM EDUCATIONAL RADIO FOUNDATION,,UOG STATION,MANGILAO,GU,96923-0000,0000,03,3,1200,200808,1,15,000000000,1,01,202409,5,4,01,0,09,690013,482531,482531,A34,
660487038,EAST-WEST PRESBYTERIAN CHURCH,% STEVE KIM,125 TUN JESUS CRISOSTOMO ST STE 303,TAMUNING,GU,96913-3551,0000,03,3,7000,201807,1,10,000000000,1,01,,0,0,06,0,12,,,,X20,
660487112,ASAMBLEA FAMILIAR VIRGILIO DAVILA INC,% KEYSHLA MOLINA,PO BOX 607071,BAYAMON,PR,00960-7071,0000,03,3,1000,199303,1,15,043000000,1,01,202506,4,4,01,0,06,122814,165405,165405,B80Z,
660487631,NORTHERN MARIANAS HUMANITIES COUNCIL,% LEO G PANGELINAN,PO BOX 506437,SAIPAN,MP,96950-4336,0000,03,3,1000,199402,1,15,910000000,1,01,202410,6,5,01,0,10,1082007,997969,997969,,SCOTT RUSSELL
660487774,CENTRO DE CUIDADO DIURNO SUENO INFANTIL INC,% FELICIANA HERNANDEZ,HC 20 BOX 26257,SAN LORENZO,PR,00754-9652,0000,03,3,1000,200305,1,15,000000000,1,01,202412,4,5,01,0,12,381826,536183,536183,P33,
660488256,THE ART EXCHANGE INC,% CHINWE OSAZE,PO BOX 7275,CHARLOTTE AMA,VI,00801-0275,0000,03,3,2000,201602,1,16,998000000,1,01,202512,0,0,02,0,12,0,0,0,A20,
660488275,DELTA SIGMA THETA SORORITY INC,,PO BOX 303728,ST THOMAS,VI,00803-3728,1188,07,9,1000,195207,0,00,036000000,5,01,,0,0,01,0,12,,,,,SYRACUSE ALUMNAE
660488299,HOGAR DEL BUEN PASTOR INC,,250 AVE DE LA CONSTITUCION,SAN JUAN,PR,00901-2204,0000,03,3,1000,202312,1,15,000000000,1,01,202506,6,6,01,0,06,1317531,1369849,1196643,P85,
660488566,ST THOMAS ALL STARS STEEL BAND,,PO BOX 304565,ST THOMAS,VI,00803-4565,0000,03,3,1200,202510,1,16,995090000,1,01,202606,0,0,02,0,06,0,0,0,A6C,
660488810,HERMANOS CARMELITAS TERESAS DE SAN JOSE INC,,PO BOX 868,CANOVANAS,PR,00729-0868,0000,03,3,1000,199701,1,15,326000000,1,01,202506,6,6,01,0,06,3655996,1293672,1293672,P70Z,HOGARES TERESA TODA
660489388,LA PERLA DE GRAN PRECIO INC,% LISSETTE ALONSO,66 CALLE GAUTIER BENITEZ,SAN JUAN,PR,00917-3818,0000,03,3,1000,199403,1,15,573000000,1,01,202412,6,6,01,0,12,3921346,4122623,4122623,F22Z,
660489666,FIRST RESPONSE EMERGENCY MEDICAL SERVICES INC,% FREMS,PO BOX 10832,SAN JUAN,PR,00922-0832,0000,03,3,1000,202502,1,15,000000000,1,01,202512,0,0,02,0,12,0,0,0,T50,
660489828,KHAL E HAKODESH INC,,PO BOX 1915,ST THOMAS,VI,00803-0915,0000,03,3,7500,199303,1,10,001000000,1,01,,0,0,06,0,12,,,,,
660489867,ACADEMIA EL PRINCIPITO INC,% ELBA GONZALEZ COLON,3 CALLE JOSE A MULET,HORMIGUEROS,PR,00660-1822,0000,03,3,2000,200801,1,15,000000000,1,01,202512,4,4,01,0,12,164975,392170,392170,P33,ACADEMIA EL PRINCIPITO
660489973,CENTRO DE CUIDADO DIURNO MUNDO INFANTL INC,,650 AVE POST,MAYAGUEZ,PR,00680-0000,0000,03,3,1000,200207,1,15,000000000,1,01,202509,4,5,01,0,09,385680,500266,500266,P33,
660490287,IGLESIA BAUTISTA BETHEL DE P R,,PO BOX 1603,CANOVANAS,PR,00729-1603,0000,03,3,7000,199903,1,10,000000000,1,01,,0,0,06,0,12,,,,X20,
660490323,FUNDACION BIBLIOTECA RAFAEL HERNANDEZ COLON INC,% DORA HERNANDEZ MAYORAL,PO BOX 332030,PONCE,PR,00733-2030,0000,03,3,1000,199402,1,15,062000000,1,01,202412,7,5,01,0,12,7111243,875111,875111,A72Z,
660490373,CINDERELLA NURSERY DAY CARE CENTER,,URB MIRADERO GARDENS,MAYAGUEZ,PR,00680-0000,0000,03,3,2100,200209,1,15,000000000,1,01,202409,5,6,01,0,09,793273,1129267,1129267,,CINDERELLA PRE SCHOOL
660490822,CORPORACION PARA EL DESARROLLO DE LA VIVIENDA DE BAYAMON CD,% EDUARDO NEVAREZ,PO BOX 6309,BAYAMON,PR,00960-5309,0000,03,3,1000,199606,1,15,380000000,1,01,202312,6,5,01,0,12,2985840,929146,929146,L20Z,
660491142,PUERTO RICO YOUTH AT RISK INC,% STE 201,EDIF MEDINA 112 CALLE ARZUAGA STE 1,SAN JUAN,PR,00925-0000,0000,03,3,1000,202510,1,15,000000000,1,01,202412,4,5,01,0,12,363830,674635,674635,O50,
660491160,TEMPLO SMIRNA ASAMBLEA DE DIOS,,24 CALLE RUBI,GUAYNABO,PR,00965-5468,1678,03,9,7000,196408,1,10,001002029,5,01,,0,0,06,0,12,,,,,
660491377,THE CHURCH OF THE APOSTLES DOCTRINE INC,,PO BOX 1018,ST JOHN,VI,00831-1018,0000,03,3,7000,199902,1,10,000000000,1,01,,4,3,06,0,12,,,,X20,
660491622,FUNDACION DR RAUL GARCIA RINALDI,,PO BOX 8816,SAN JUAN,PR,00910-0816,0000,03,3,1200,200905,1,15,000000000,1,01,202412,4,5,01,0,12,341147,776675,776675,E60,
660491729,GRACE CHRISTIAN ACADEMY TINIAN,% REID D ELLIS,PO BOX 520422,TINIAN,MP,96952-0000,8257,03,9,7000,199809,1,10,001000000,5,01,,0,0,06,0,12,,,,,
660491958,IGLESIA CARISMATICA BETHEL INC,% REV ETIENNE ESTREMERA,CARR 132 KM 14 4 BO TALLABOA ALTA,PENUELAS,PR,00624-0000,8141,03,9,7000,199701,1,10,001000000,1,01,,0,0,06,0,12,,,,,
660492015,DISTRITO DE PUERTO RICO DE LA ALIANZA CRISTIANA Y MISIONERA INC,,PO BOX 1625,SABANA HOYOS,PR,00688-1625,0000,03,3,7000,202602,1,10,001000000,1,01,,0,0,06,0,12,,,,X20,
660492056,MUSEO DE LAS AMERICAS INC,% RICARDO E ALEGRIA,PO BOX 9023634,SAN JUAN,PR,00902-3634,0000,03,3,1000,199406,1,15,060000000,1,01,202506,6,6,01,0,06,2684362,1016798,957942,,
660492125,SOUTHGATE BAPTIST CHURCH,,PO BOX 24248,CHRISTIANSTED,VI,00824-0248,2269,03,9,7000,197204,1,10,001059349,5,01,,0,0,06,0,12,,,,,
660492550,ACADEMIA DE DIRECTORES MEDICOS DE PUERTO RICO,% NELIDA RIVERA,138 AVE WINSTON CHURCHILL PMB 631,SAN JUAN,PR,00926-6013,0000,03,3,1000,199911,1,15,000000000,1,01,202412,5,4,01,0,12,601701,421987,421987,E03,
660492641,THE JANE STERN DORADO COMMUNITY LIBRARY ENDOWMENT,% JANE STERN R TTEE,CENTRO GOBIERNO MENDEZ VIGO ST 331,DORADO,PR,00646-0000,0000,03,3,1000,199311,1,17,602000000,2,01,202512,6,3,01,0,12,1361781,81620,81620,,STERN JANE R TTEE
660493015,IGLESIA ASAMBLEAS DE DIOS DE IRLANDA HEIGHTS INC,,PO BOX 1229,BAYAMON,PR,00960-1229,1678,03,9,7000,196408,1,10,001002029,5,01,,0,0,06,0,03,,,,,
660493133,NUESTROS CORAZONES UNIDOS DE PUERTO RICO INC,% SAN JUAN BAUTISTA MEDICAL CENTER,PO BOX 7183,CAGUAS,PR,00726-7183,0000,03,3,1000,200302,1,04,000000000,1,01,,2,3,00,0,12,,,,E99,
660493225,MAYAGUEZ CHILDRENS LIBRARY,% MAYAGUEZ CHILDRENS LIBRARY,170 CALLE MENDEZ VIGO E,MAYAGUEZ,PR,00680-5047,0000,03,3,1000,201112,1,15,000000000,1,01,202403,3,4,01,0,03,93821,199522,199522,B70,
660493399,BILLS KITCHEN INC,% SANDRA I TORRES,PO BOX 195678,SAN JUAN,PR,00919-5678,0000,03,3,1000,199306,1,15,560000000,1,01,202412,6,6,01,0,12,1364846,2615919,2615919,P600,
660493415,FRIENDS OF THE ENID M BAA LIBRARY INC,% CAROL S LOTZ,4607 TUTU MALL,ST THOMAS,VI,00801-0000,0000,03,3,2300,201610,1,16,000000000,1,01,202312,0,0,02,0,12,0,0,0,B70,
660494198,INTERNATIONAL UNION UNITED AUTO AER OSPACE & AGRICULTURAL WORKERS OF A,% MAYRA MUNOZ,1850 LOCAL 9 A REGION TORRE CPA 201,CAROLINA,PR,00984-0000,0427,05,9,3000,194106,2,00,263000000,5,01,202512,3,3,01,0,12,32491,91302,91302,,UAW LOCAL 1850
660494692,TALLER SALUD INC,% TANIA ROSARIO MENDEZ,PO BOX 524,LOIZA,PR,00772-0524,0000,03,3,1000,199405,1,15,123000000,1,01,202506,7,6,01,0,06,5703082,4437804,4437804,Z99Z,
660494843,AD JEHOVAH JIREH,% REV ANIBAL QUINONES,ALTURAS DE PENUELAS II CALLE 14 P-6,PENUELAS,PR,00624-0000,1678,03,9,7000,196408,1,10,001002029,5,01,,0,0,06,0,12,,,,,
660495492,ALIANZA PARA UN PUERTO RICO SIN DROGAS INC,% FIDDLER GONALEZ & RODRIGUEZ,PO BOX 195112,SAN JUAN,PR,00919-5112,0000,03,3,1000,199311,1,15,537000000,1,01,202412,6,7,01,0,12,1129578,5175789,5175789,P50Z,
660495546,CENTRO DE INVESTIGACIONES FOLKLORICAS DE PUERTO RICO INC,% NESTOR MURRAY IRIZARRY,PO BOX 344134,PONCE,PR,00733-0000,0000,03,3,1200,199402,1,15,091123124,1,01,202306,4,3,01,0,06,115166,70367,70367,,
660495769,ST CROIX FIRST SOUTHERN BAPTIST CHURCH,% GARY H MCCONAUGHEY,9153 ESTATE HOPE LOT 153,CHRISTIANSTED,VI,00820-5633,2024,03,9,7200,196908,1,10,059029000,5,01,,0,0,06,0,09,,,,,
660495971,PRIMERA IGLESIA BAUTISTA DE HUMACAO INC,% OMAR A SANTIAGO RIVERA,PO BOX 9161,HUMACAO,PR,00792-9161,3125,03,9,7000,195504,1,10,001000000,5,01,,0,0,06,0,12,,,,,
660496218,NORTHSIDE SPORTS FISHING CLUB INC,,PO BOX 304851,ST THOMAS,VI,00803-4851,0000,04,3,1000,199311,2,00,301000000,1,01,202512,4,1,02,0,12,175403,7559,7559,,
660496282,ANIMAL CARE CENTER OF ST JOHN INC,% KATHLEEN MCMURTIE,PO BOX 429,ST JOHN,VI,00831-0429,0000,03,3,1000,199402,1,15,913000000,1,01,202512,5,4,01,0,12,629306,477510,466683,,
660496464,PRIMERA IGLESIA ASAMBLEAS DE DIOS DE LAJAS,,HC 1 BOX 8402,LAJAS,PR,00667-9105,1678,03,9,7000,196408,1,10,001002029,5,01,,0,0,06,0,12,,,,,
660496484,CENTRO DE SALUD FAMILIAR DR JULIO PALMIERI FERRI INC,% LCDO EDUARDO GRAU ACOSTA,CALLE MORSE,ARROYO,PR,00714-0000,0000,03,3,1000,199702,1,12,154000000,1,01,202506,8,8,01,0,06,48648590,40890751,40890751,E32Z,
660496614,INSTITUTO PARA EL DESARROLLO HUMANO,% CRISTINA ARRIETA,PO BOX 194845,SAN JUAN,PR,00919-4845,0000,03,3,2000,201908,1,16,000000000,1,01,202412,3,3,01,0,12,89681,93937,93937,B60,
660496650,FUNDACION ESPOSOS LUIS MENDEZ VAZ Y MARIA BAGUR INC,,701 AVE PONCE DE LEON STE 310,SAN JUAN,PR,00907-3247,0000,03,3,1200,202404,1,03,000000000,1,01,202412,7,5,00,1,12,6161552,957656,,A51,
660497143,IGLESIA DE DIOS PENTECOSTAL M I MOVIMIENTO INTERNACIONAL,,PO BOX 21065,SAN JUAN,PR,00928-1065,3364,03,6,7000,199403,1,10,002000000,1,01,,3,3,06,0,12,,,,,THE PENTECOSTAL CHURCH OF GOD INC
660497943,INDUSTRY UNIVERSITY RESEARCH CENTER INC,% INDUNIV INC,PO BOX 363074,SAN JUAN,PR,00936-3074,0000,03,3,1000,201804,1,16,000000000,1,01,202412,3,4,01,0,12,87015,467060,467060,S30,
660497982,ST CROIX ENVIRONMENTAL ASSOCIATION,,3052 ANCHOR WAY STE 4,CHRISTIANSTED,VI,00820-0000,0000,03,3,1000,199404,1,15,994379000,1,01,202409,6,4,01,0,09,2471855,226178,226178,C20,
660498030,PUEBLO DE DIOS JESUS SENOR Y REY,,PO BOX 4960,CAGUAS,PR,00726-4960,0000,03,3,7000,199711,1,10,001000000,1,01,,0,0,06,0,12,,,,X20Z,
660498051,DEWEY UNIVERSITY INC,% CALLE CALAF,PO BOX 19538,SAN JUAN,PR,00910-1538,0000,03,3,1200,199603,1,11,046030000,1,01,202506,8,8,01,0,06,37826158,11017561,11017561,B300,
660498197,ALIVE IN CHRIST MINISTRIES INC,% IRIS M HERNANDEZ,PO BOX 8055,ST THOMAS,VI,00801-1055,0000,03,3,1000,199406,1,10,001000000,1,01,,0,0,06,0,12,,,,,
660499069,NORTHERN MARIANAS PROTECTION & ADVOCACY SYSTEMS INC,% DANIEL L CAMACHO,PO BOX 503529,SAIPAN,MP,96950-3529,0000,03,3,1000,199710,1,15,160000000,1,01,,0,0,14,0,09,,,,P50Z,
660499396,POINTE DANCE ACADEMY INC,,PO BOX 223692,CHRISTIANSTED,VI,00822-3692,0000,03,3,2000,199704,1,11,149000000,1,01,202406,1,2,02,0,06,1728,12235,12235,A62Z,
660500520,IGLESIA CRISTIANA CARISMATICA FARO DE LUZ,% ROBERTO MALDONADO DELGADO,PO BOX 1276,TOA ALTA,PR,00954-1276,8141,03,9,7000,199701,1,10,001000000,1,01,,0,0,06,0,12,,,,,
660500777,CONCILIO MENONITA DE PUERTO RICO INC,% NORVAN YODER,HC 3 BOX 3321,FLORIDA,PR,00650-9658,0000,03,3,2700,199501,1,11,030000000,1,01,,0,0,13,0,12,,,,B20Z,
660501356,EPISCOPAL CHURCH IN MICRONESIA,,PO BOX 7350,TAMUNING,GU,96931-7350,3741,03,9,7000,194001,2,10,000000000,5,01,,0,0,06,0,12,,,,,
660501718,PONCE NEIGHBORHOOD HOUSING SERVICES INC,% KATHY ROSADO-CHAMORRO,PO BOX 330223,PONCE,PR,00733-0223,0000,03,3,1000,199412,1,15,380000000,1,01,202509,6,6,01,0,09,2840779,2068668,2068668,L20Z,PNHS
660502325,EPISCOPAL CHURCH OF ST JOHN THE DEVINE,,PO BOX 7350,TAMUNING,GU,96931-7350,3741,03,9,7000,194001,2,10,000000000,5,01,,0,0,06,0,12,,,,,
660502451,IGLESIA CRISTIANA DISCIPULOS DE CRISTO EN VEGA ALTA I,% VICTOR M SEVILLA,PO BOX 247,VEGA ALTA,PR,00692-0247,0000,03,3,7000,200211,1,10,000000000,5,01,,0,0,06,0,10,,,,X21,
660502690,CASA DE LA BONDAD INC,% GLORIA VAZQUEZ,PO BOX 8999,HUMACAO,PR,00792-8999,0000,03,3,1000,199306,1,15,408000000,1,01,202512,5,6,01,0,12,829944,1774212,1774212,P430,
660503788,CORPORACION DESARROLLADORA DE VIVIENDAS BDAS ISRAEL-BITUMUL INC,% COMMUNITY HOUSING DEVELOPMENT ORG,243 CALLE PARIS STE 1845,SAN JUAN,PR,00917-3632,0000,03,3,1000,199907,1,15,000000000,1,01,202506,6,0,02,0,06,4187238,0,0,L200,
660504518,BEACON OF LIGHT UNITY CHURCH,% JACK VANORMAN,PO BOX 16293,SAN JUAN,PR,00908-6293,2062,03,9,2700,197002,1,10,059029000,5,01,,0,0,06,0,12,,,,,
660504690,IGLESIA CRISTIANA CARISMATICA EL NUEVO NACIMIENTO INC,% ROBERTO FIGUEROA BURGOS,HC 2 BOX 8414,CAMUY,PR,00627-8999,8141,03,9,7000,199701,1,10,001000000,1,01,,0,0,06,0,12,,,,,
660505420,COLEGIO DE EDUCACION ESPECIAL Y REHABILITACION INTEGRAL INC,% MARIA P BURSET FLORES,1628 CALLE GUADIANA,SAN JUAN,PR,00926-3171,0000,03,3,2000,200302,1,11,000000000,1,01,202506,6,6,01,0,06,3063143,3557253,3557253,B28,
660505436,ROTARY CLUB OF GUAM,,PO BOX 204,HAGATNA,GU,96932-0204,0000,04,3,3000,201402,0,00,000000000,5,01,202506,4,3,01,0,06,124000,65946,65946,,
660506462,FUNDACION DE CULEBRA INC,% LUZ RIVERA,PO BOX 331,CULEBRA,PR,00775-0331,0000,03,3,2000,201505,1,15,000000000,1,01,202512,5,4,01,0,12,673447,350498,350498,A50,
660506742,FAMILY GROUP INC,% DAVID ROSSINGTON,3C WORK AND REST,CHRISTIANSTED,VI,00822-0000,0000,03,3,1000,199705,1,15,994123000,1,01,202312,0,0,02,0,12,0,0,0,W99,DOWTOWN CHRISTIANSTED
660506894,PUERTO RICO ALPHA GAMMA CHAPTER,% MYRNA RAMOS,50 CALLE LOJA,MAYAGUEZ,PR,00680-1440,0000,07,3,1000,201403,2,00,036319000,5,01,202505,0,0,02,0,05,0,0,0,N50,
660507008,KNIGHTS OF COLUMBUS,% RODOLFO B PAULINO,PO BOX 24232,BARRIGADA,GU,96921-4232,0188,08,9,1000,194010,1,00,036029265,5,01,202512,0,0,02,0,12,0,0,0,,10752 ARCHBISHOP FELIXBERTO C FLORE
660507134,IGLESIA DESARROLLADORA CRISTOCENTRICO HNC FUNDACION,% DRA OLG I MELENDEZ-LOPEZ,PO BOX 195035,SAN JUAN,PR,00919-5035,0000,03,3,7000,199905,1,10,000000000,1,01,,0,0,06,0,12,,,,X21,FUNDACION YOSANO INC
660507240,FUNDACION COAMENOS POR LA NINEZ INC,% FUNDACION COAMENOS POR LA NINEZ,PO BOX 287,COAMO,PR,00769-0287,0000,03,3,1200,201808,1,15,000000000,1,01,202512,3,3,02,0,12,32459,26655,26655,P30,
660507853,EDUCAVIPRO INC,% URB LOS MAESTROS,465 CALLE JAIME DREW,SAN JUAN,PR,00923-2406,0000,03,3,1000,201405,1,15,000000000,1,01,,4,5,00,0,12,,,,P82,
660508256,IGLESIA CRISTIANA RESTAURADORES,,PO BOX 634,MOCA,PR,00676-0634,1678,03,9,7000,196408,1,10,001002029,5,01,,0,0,06,0,03,,,,,
660508359,AYUDA SOCIAL MOVIMIENTO JUAN XXIII INC,% NELSON RIVERA BEAUCHAMP,PO BOX 193,SABANA HOYOS,PR,00688-0193,0928,03,9,6000,194603,0,10,031150120,5,01,,0,0,06,0,06,,,,,
660508486,OFICINA PARA LA PROMOCION Y EL DESARROLLO HUMANO INC,% ANGELICA M FLORES,PO BOX 353,ARECIBO,PR,00613-0353,0928,03,9,1700,194603,1,10,031150120,5,01,,0,0,06,0,09,,,,,
660508487,VIRGIN ISLANDS TENNIS ASSOCIATION,,5011 TAMARIND REEF,CHRISTIANSTED,VI,00820-4533,0000,03,3,1000,201508,1,15,300000000,1,01,202512,3,4,01,0,12,63222,115144,115144,N62,
660508597,IGLESIA CRISTIANA CARISMATICA DE CAGUANA INC,% MIGUEL A LOPEZ BALAGUER,HC 3 BOX 13863,UTUADO,PR,00641-9730,8141,03,9,7000,199701,1,10,001000000,1,01,,0,0,06,0,12,,,,,
660508696,INSTITUTO ESPECIAL PARA EL DESARROL LO INTEGRAL DEL INDIV FAM Y COM IN,,PO BOX 1241,YAUCO,PR,00698-1241,0000,03,3,1000,201105,1,15,000000000,1,01,202506,6,4,01,0,06,1325092,426472,426472,B90,
660508828,CRUZ BAY BAPTIST CHURCH INC,% CRUZ BAY BAPTIST CHURCH,PO BOX 1660,ST JOHN,VI,00831-1660,0000,03,3,7000,199709,1,10,001000000,1,01,,0,0,06,0,06,,,,X20Z,
660514059,CIUDADANOS DEL KARSO INC,% ABEL VALE,267 CALLE SIERRA MORENA PMB 230,SAN JUAN,PR,00926-5574,0000,03,3,1200,199510,1,15,994350000,1,01,202506,5,4,01,0,06,763766,409007,409007,D34,
660514087,ABC INFANTIL INC,% JUDY NIEVES,URBANIZACION ALTURAS DE AGUADA D-24,AGUADA,PR,00602-0000,0000,03,3,1000,201104,1,16,000000000,1,01,202512,5,3,01,0,12,719328,87590,87590,P33,ABC INFANTIL
660514171,INTERNATIONAL UNION UNITED AUTO AEROSPACE & AGRICULTURAL WORKERS,% RENARDO ACEVEDO TORRES,3100 CARR 190,CAROLINA,PR,00983-1981,0427,05,9,3000,194106,2,00,263000000,5,01,202512,1,4,01,0,12,4551,162264,162264,,2341 LU
660514199,HOGAR INFANTIL SANTA TERESITA DEL NINO JESUS INC,,PO BOX 140057,ARECIBO,PR,00614-0057,0000,03,3,1000,201708,1,15,031150120,1,01,202409,5,6,01,0,09,681552,1034452,1034452,,
660514247,ST CROIX REFORMED CHURCH INC,,RR 1 BOX 6125,KINGSHILL,VI,00850-9853,9130,03,9,7000,198601,1,10,002000000,1,01,,0,0,06,0,12,,,,,
660514492,RED CARIBENA DE VARAMIENTOS -CARIBBEAN STRANDING NETWORK INC-,% ANTONIO A MIGNUCCI,PO BOX 2556,BAYAMON,PR,00960-2556,0000,03,3,1000,201903,1,15,000000000,1,01,202512,4,5,01,0,12,314823,776067,776067,D34,
660514695,CIUDAD DE RESTAURACION SHALOM INC,,PO BOX 7644,CAROLINA,PR,00986-7644,0000,03,3,7200,200307,1,10,000000000,1,01,,0,0,06,0,12,,,,X21,
660514835,CLUB CIVICO DE DAMAS DE PUERTO RICO INC,% SOFIA J ESTEVA TORT,PO BOX 361363,SAN JUAN,PR,00936-1363,0000,03,3,1000,201701,1,16,000000000,1,01,202506,4,4,01,0,06,345293,357985,90886,Q33,
660514937,LUCHA CONTRA EL SIDA INC,% LUCHA CONTRA EL SIDA,PO BOX 8479,SAN JUAN,PR,00910-0479,0000,03,3,1000,199702,1,15,179000000,1,01,202412,8,7,01,0,12,31683520,6375897,6375897,L20,
660515018,UNITED CHRISTIAN INTERNATIONAL ASSEMBLY INC,% RANDOLPH E MERCHANT,PO BOX 2006 CHARLOTTE AMALIE,ST THOMAS,VI,00803-0000,0000,03,3,7000,199601,1,10,001000000,1,01,,0,0,06,0,12,,,,X99Z,
660515156,HABITAT FOR HUMANITY INTERNATIONAL,% EXECUTIVE DIRECTOR,PMB 135 1357 AVE ASHFORD,SAN JUAN,PR,00907-1400,8545,03,9,1000,198701,1,15,000000000,5,01,202506,7,6,01,0,06,9472843,1932794,1932794,,PUERTO RICO
660515186,GUAM FIRST BAPTIST CHURCH,% ROB PUCKETT,PO BOX 8319,TAMUNING,GU,96931-8319,1606,03,9,7000,196311,1,10,036000000,5,01,,0,0,06,0,12,,,,,
660515369,IGLESIA LA FAMILIA ICR INC,,2763 CALLE 8,RINCON,PR,00677-2480,1678,03,9,7000,196408,1,10,001002029,5,01,,0,0,06,0,12,,,,,
660515459,PRIMERA IGL AD,% URB HERMOSO,PO BOX 1653,SAN GERMAN,PR,00683-1653,1678,03,9,7000,196408,1,10,001002029,5,01,,0,0,06,0,12,,,,,
660516000,CENTRO DE ADIESTRAMIENTO PARA PERSONAS CON IMPEDIMENTOS INC,,PO BOX 119,AIBONITO,PR,00705-0119,0000,03,3,1000,200202,1,15,000000000,1,01,202512,6,5,01,0,12,1557813,585357,585357,P20,C A P I INC
660516021,KATS - ST JOHN INC,,9901 EMMAUS,ST JOHN,VI,00830-9587,0000,03,3,1250,199508,1,11,046000000,1,01,202412,3,3,01,0,12,68678,51849,51849,X99Z,KIDS AND THE SEA
660516261,IGLESIA MANANTIAL DE VIDA AD,,2008 CALLE 25 DE JULIO,PONCE,PR,00728-4814,1678,03,9,7000,196408,1,10,001002029,5,01,,0,0,06,0,12,,,,,PARCELA EL TUQUE
660516427,NORTHERN MARIANAS HOUSING CORPORATION,% JOSHUA T SASAMOTO,1097 MICRO BEACH RD,GARAPAN,MP,96950-0000,0000,03,3,1000,199910,1,15,000000000,1,01,,0,0,00,0,09,,,,L21,
660516428,IGLESIA BIBLICA GRACIA VERDADERA INC,% FELIX RIVERA,PO BOX 1359,CAGUAS,PR,00726-1359,0000,03,3,7000,202408,1,10,000000000,1,01,,0,0,06,0,12,,,,X20,
660516504,MISIONERAS DEL SANTISIMO SACRAMENTO Y MARIA IMMACULADA,,FERNANDEZ G 209,LUQUILLO,PR,00773-0000,0928,03,9,7000,000000,1,10,029000000,0,01,,0,0,13,0,12,,,,,
660516755,NATIONAL ALLIANCE ON MENTAL ILLNESS ST THOMAS INC,% NICHOLAS LIMA,PO BOX 305110,ST THOMAS,VI,00803-5110,0000,03,3,2000,202502,1,15,408000000,1,01,201912,2,1,02,0,12,10201,714,714,T31,
660516904,CENTRO DEL TRUINFO INC,% MILAGROS ORTIZ,PO BOX 20197,SAN JUAN,PR,00928-0197,0000,03,3,1000,200207,1,15,000000000,1,01,202506,5,5,01,0,06,759838,911909,911909,P20,
660517324,RAINBOW FUND OF THE ROTARY CLUB OF ST THOMAS II INC,% ELLIOT M DAVIS,PO BOX 6555,CHARLOTTE AMA,VI,00804-6555,0000,03,3,1000,201911,1,15,040000000,1,01,202506,0,0,02,0,06,0,0,0,X99,
660517336,MISION CRISTIANA JOHN 3 16 AD,,PO BOX 9628,CAGUAS,PR,00726-9628,1678,03,9,7000,196408,1,10,001002029,5,01,,0,0,06,0,03,,,,,
660517603,SOCIEDAD ESPELEOLOGICA DE PUERTO RICO,,PO BOX 366894,SAN JUAN,PR,00936-6894,0000,03,3,2800,201807,1,16,000000000,1,01,202512,0,0,02,0,12,0,0,0,C30,
660517696,CASA ISMAEL INC,% CARLOS MUNOZ,PO BOX 51433,TOA BAJA,PR,00950-1433,0000,03,3,1000,201908,1,15,000000000,1,01,202308,4,4,01,0,08,413436,467947,467947,G81,
660518603,CENTRO CRISTIANO VIDA ABUNDANTE INC,,PO BOX 50371,TOA BAJA,PR,00950-0371,0000,03,3,7000,202507,1,10,000000000,1,01,,0,0,06,0,12,,,,X20,
660518611,CHRISTIAN CONCILIATION SERVICE GUAM,% ELIZABETH C DUENAS,PO BOX 3267,HAGATNA,GU,96932-3267,0000,03,3,1000,201406,1,15,000000000,1,01,202409,3,1,02,0,09,46934,7450,7450,X99,INAFA MAOLEK CONCILIATION
660518784,IGLESIA CRISTIANA CARISMATICA CIRCULO DE ORACION INC,% RUBEN TORRES RIVERA,PO BOX 503,HATILLO,PR,00659-0503,8141,03,9,7000,199701,1,10,001000000,1,01,,0,0,06,0,12,,,,,
660519278,PRO VIVIENDAS I INC,,PO BOX 10563,SAN JUAN,PR,00922-0563,0000,03,3,1000,199503,1,16,998000000,1,01,202412,7,6,01,0,12,8542393,2271649,2271649,L20,
660519279,PRO VIVIENDAS II INC,,PO BOX 10563,SAN JUAN,PR,00922-0563,0000,03,3,1000,199605,1,16,995380000,1,01,202412,7,6,01,0,12,7285093,2125803,2125803,L210,
660519280,PRO VIVIENDAS III INC,,PO BOX 10563,SAN JUAN,PR,00922-0563,0000,03,3,1000,199605,1,15,995380000,1,01,202412,6,6,01,0,12,4229058,1464536,1464536,L40,
660519281,PRO VIVIENDAS IV INC,,PO BOX 10563,SAN JUAN,PR,00922-0563,0000,03,3,1000,199605,1,15,995380000,1,01,202412,8,6,01,0,12,10024101,2787500,2787500,L20,
660519312,METHODIST CHURCH ST CROIX CIRCUIT INCORPORATED,% METHDIST CHUR ST CROIX CIRCUIT,PO BOX 5974,CHRISTIANSTED,VI,00823-5974,0000,03,3,7000,199603,1,10,001000000,1,01,,0,0,06,0,08,,,,X99Z,
660519643,AGUA SOL E SERENO INC,% PEDRO A ADORNO,1655 CALLE INDO,SAN JUAN,PR,00926-3028,0000,03,3,1200,202309,1,15,998000000,1,01,202512,4,4,01,0,12,291293,299461,299461,A99,
660519976,INTERNATIONAL UNION UNITED AUTO AER OSPACE & AGRICULTURAL WORKERS OF A,,URB MIRAFLORES CALLE 29 27 41,CAROLINA,PR,00959-0000,0427,05,9,3000,194106,2,00,263000000,5,01,202512,0,0,02,0,12,0,0,0,J40,UAW LOCAL 2555
660520053,ST THOMAS CALVARY CHRISTIAN ACADEMY,,200 ALTONA AND WELGUNST,ST THOMAS,VI,00803-0000,0000,03,3,2700,199705,1,11,030000000,1,01,202512,6,6,13,0,12,1326382,1258222,1258222,B20Z,
660520290,AMERICAN FEDERATION OF STATE COUNTY & MUNICIPAL EMPLOYEES,% GENOVEVA VALENTIN SOTO,PO BOX 13695,SAN JUAN,PR,00908-3695,1381,05,9,3000,195708,2,00,263059264,5,01,202412,7,6,01,0,12,5123588,2357664,2357664,,C0095PR SPUPR-AFSCME COUNCIL 95
660520449,NUEVA IGLESIA CRISTIANA PENIEL,,PO BOX 1164,JUNCOS,PR,00777-1164,1678,03,9,7000,196408,1,10,001002029,5,01,,0,0,06,0,12,,,,,
660520820,COMMITTEE FOR THE BETTERMENT OF CARENAGE INC,,PO BOX 302973,CHARLOTTE AMA,VI,00803-2973,0000,03,3,1000,202606,1,16,000000000,1,01,202512,0,0,02,0,12,0,0,0,A27,
660520906,CENTRO CRISTIANO DE RESTAURACION DE CABO ROJO INC,,PO BOX 754,CABO ROJO,PR,00623-0754,0000,03,3,7000,200207,1,10,000000000,1,01,,0,0,06,0,07,,,,X20,
660521111,VIRGIN ISLANDS AUDUBON SOCIETY INC,% PEGGY SPOTH - TREASURER,5000 ESTATE ENIGHED PMB 402,CRUZ BAY,VI,00830-6120,0000,03,3,1000,199604,2,15,994355000,1,01,202603,0,0,02,0,03,0,0,0,D34,
660521136,HOGAR DE NINOS REGAZO DE PAZ INC,% MAGDALENA JIMENEZ JAUME,PO BOX 4721,AGUADILLA,PR,00605-4721,0000,03,3,1000,200202,1,15,000000000,1,01,202512,5,5,01,0,12,683518,978929,978929,I72,
660521701,COLEGIO SANTISIMA TRINIDAD INC,,PO BOX 548,BAYAMON,PR,00960-0548,0000,03,3,7200,199706,1,11,046030000,1,01,,0,0,13,0,06,,,,B99Z,
660521870,WORLD BOXING ORGANIZATION INC,% COBIANS PLAZA,1056 MUNOZ RIVERA AVE,SAN JUAN,PR,00927-5015,0000,06,3,1000,199006,2,00,000000000,1,01,202508,6,6,01,0,08,4220976,3313255,3313255,,
660522035,FIRST ASSEMBLY OF GOD,% VINCENTE ACEVEDO VAZQUEZ,PO BOX 1418,HORMIGUEROS,PR,00660-5418,1678,03,9,7000,196408,1,10,001002029,5,01,,0,0,06,0,06,,,,,
660522602,CENTRO PEDIATRICO DE LACTANCIA,% GATHEL MAINKA,PO BOX 16554,SAN JUAN,PR,00908-6554,0000,03,3,1000,199612,1,15,994179000,1,01,202509,3,4,01,0,09,28252,105250,105250,E99,
660522632,PUERTO RICO MANUFACTURING EXTENSION PRIMEX INC,% RAMON VEGA,268 AVE MUNOZ RIVERA WORLD PLAZA,SAN JUAN,PR,00918-0000,0000,03,3,1200,199612,1,15,994200000,1,01,202509,6,6,01,0,09,3983909,2828889,2828889,S43,PRIMEX
660522781,GENERAL COUNCIL OF THE ASSEMBLIES OF GOD,% RAFAEL FELICIANO CARABALLO,PO BOX 2121,YAUCO,PR,00698-2121,1678,03,9,7000,196408,1,10,001002029,5,01,,0,0,06,0,03,,,,,SEGUNDA IGLESIA ASAMBLEAS DE DIOS
660524297,ABLE INDUSTRIES OF THE PACIFIC,% ANDREW PORTER,PO BOX 326369,HAGATNA,GU,96932-6006,0000,03,3,1000,201111,1,16,000000000,1,01,,1,0,00,0,09,,,,J30,
660524365,OBRA MISIONERA DE LA RESTITUCION INC,% PEDRO OCHAO,PO BOX 928,BAYAMON,PR,00960-0928,0000,03,3,1000,201408,1,15,000000000,1,01,202506,6,4,01,0,06,1247287,197532,197532,X12,
660524457,PUERTO RICO COLLEGE OF PHYSICIANS AND SURGEONS,% COLEGIO DE MEDICOS CIRUJANOS DE P,PO BOX 70169,SAN JUAN,PR,00936-8169,0000,06,3,2000,202009,2,00,000000000,5,01,202412,7,6,01,0,12,8999695,3505151,3505151,E03,
660524567,IGLESIA CRISTIANA CARISMATICA GUAYABAL INC,% JULIAN A TORRES DE JESUS,CARR 149 INT 552,BO GUAYABAL JUANA DIAZ,PR,00795-0000,8141,03,9,7000,199701,1,10,001000000,1,01,,0,0,06,0,12,,,,,
660524612,FUNDACION DR JOHN A & VIRGINIA SMITH INC,,PO BOX 859,HUMACAO,PR,00792-0859,0000,03,3,1000,199801,1,17,927040602,1,01,202412,5,3,02,0,12,630461,40545,40545,T21Z,
660524624,IGL PENT JUAN 3 16 ASAMBLEA DE DIOS,% ESTEBAN VERGARA CRESPO,117 CALLE OLSO,CAGUAS,PR,00725-0000,1678,03,9,7000,196408,1,10,001002029,5,01,,0,0,06,0,03,,,,,
660525469,IGLESIA DE DIOS DE TURABO GARDENS,,PO BOX 5130,CAGUAS,PR,00726-5130,1489,03,9,7000,196007,0,10,001268000,1,01,,0,0,06,0,10,,,,,1ST SEC TURABO GARDENS
660525491,BOVONI BAPTIST CHURCH INC,,PO BOX 306299,ST THOMAS,VI,00803-6299,0000,03,3,7000,199609,1,10,001000000,1,01,,0,0,06,0,12,,,,X21Z,
660525697,CENTRO DE EDUCACION INTEGRAL SOLES DEL JARDIN INC,,PO BOX 154,QUEBRADILLAS,PR,00678-0154,0000,03,3,1000,199712,1,16,030000000,1,01,202506,4,4,01,0,06,176603,363804,363804,B21Z,
660525924,IGLESIA EVANGELICA LUTERANA SION,% JUAN PEREZ RODRIGUEZ,PO BOX 9136,BAYAMON,PR,00960-9136,9386,03,9,7000,198804,1,10,001000000,1,01,,0,0,06,0,12,,,,,
660526076,AMNISTIA INTERNATIONAL SECCION DE PUERTO RICO,% LIZA GALLARDO,994 CALLE HUMACAO APT A1,SAN JUAN,PR,00925-2660,0000,03,3,1200,201603,1,16,000000000,1,01,202412,4,4,01,0,12,153326,238927,238927,Q70,
660526399,IGLESIA CRISTIANA NUEVO PACTO DE GUAYAMA INC,% JUSTO LEBRON LEBRON,PO BOX 1168,GUAYAMA,PR,00785-1168,2046,03,9,7000,196911,1,10,001000000,5,01,,0,0,06,0,12,,,,,
660526614,ALFARUQ MOUSQUE INC,% MUHMOUD ABDEL-HAFEZ,PO BOX 670,VEGA ALTA,PR,00692-0670,0000,03,3,7100,200702,1,10,000000000,1,01,,0,0,06,0,12,,,,X40,
660526772,IGLESIA FILADELFIA ASAMBLEAS DE DIOS INC,% HECTOR M CANDELARIA,51 CALLE DAVID LOPEZ,FLORIDA,PR,00650-2234,1678,03,9,7000,196408,1,10,001002029,5,01,,0,0,06,0,12,,,,,
660526903,SAN JUAN COMMUNITY LIBRARY AT BUCAPLAA INC,% CLAUDIO RECK,PO BOX 3758,GUAYNABO,PR,00970-3758,0000,03,3,1000,200907,1,15,000000000,1,01,202412,5,4,01,0,12,641601,240504,240504,B70,
660527010,MARANATHA ASAMBLEAS DE DIOS,% REV CARMELO ANDUJAR,PO BOX 3194,BAYAMON,PR,00960-3194,1678,03,9,7000,196408,1,10,001002029,5,01,,0,0,06,0,12,,,,,
660527087,MISION DE LOS CHRISTIANOS CARISMATIC UNA PUETRA ABIERTA INC,% REYNALDO VEGA OUINONES,212 CALLE BETANCES ARECIBO PUEBLO,ARECIBO,PR,00612-0000,8141,03,9,7000,199701,1,10,001000000,1,01,,0,0,06,0,12,,,,,
660527139,COMITE PARALIMPICO DE PUERTO RICO INC COPAPUR,% GERMAN PEREZ RODRIGUEZ,PO BOX 363456,SAN JUAN,PR,00936-3456,0000,03,3,1200,202603,1,15,000000000,1,01,,0,0,01,0,12,,,,N72,
660527275,GRACE ENGLISH EVANGELICAL LUTHERAN CONGREGATION INC,% CARMEN G CARRILLO,9 CALLE RODRIGUEZ SERRA APT 3A,SAN JUAN,PR,00907-1408,9386,03,9,7000,198804,0,10,001000000,1,01,,0,0,06,0,12,,,,,
660527574,PARROQUIA INMACULADO CORAZON DE MARIA,,HC 5 BOX 56764,CAGUAS,PR,00725-9228,0000,03,3,1700,202603,1,10,000000000,1,01,,0,0,06,0,12,,,,X22,
660527594,RONDALLA DE NINOS DE PUERTO RICO INC,,AVE FONT MALTELO 104 ALTOS,HUMACAO,PR,00791-0000,0000,03,3,1200,201906,1,15,000000000,1,01,202412,0,0,02,0,12,0,0,0,A6C,
660527962,IGLESIA CRISTIANA CARISMATICA CUERPO DE CRISTO DE CIALES INC,% CESAR A PABON,PO BOX 935,CIALES,PR,00638-0935,8141,03,9,7000,199701,1,10,001000000,1,01,,0,0,06,0,12,,,,,
660528378,PROGRAMA DE APOYO Y ENLACE COMUNITARIO,% MARIA HERNANDEZ,PO BOX 1017,AGUADA,PR,00602-1017,0000,03,3,1000,200008,1,15,000000000,1,01,202506,4,5,01,0,06,401997,596252,596252,P20,P A E C
660528522,CORPORACION MILAGROS DEL AMOR,,PO BOX 6445,CAGUAS,PR,00726-6445,0000,03,3,1200,200503,1,15,998000000,1,01,202512,4,6,01,0,12,438540,1057003,1057003,P20,
660528531,IGLESIA CAHISMATICA CRISTIANA MONTE SANTO DE SION INC,% JOSE V RIVERA ROA REV,HC 01 BOX 10054,HATILLO,PR,00659-9200,8141,03,9,7000,199701,1,10,001000000,1,01,,0,0,06,0,12,,,,,
660528536,IGLESIA CARISMATICA DIOS CON NOSOTROS INC,% JOSE F CASILLAS,PO BOX 1453,VEGA ALTA,PR,00692-1453,8141,03,9,7000,199701,1,10,001000000,1,01,,0,0,06,0,12,,,,,
660528601,PUERTO RICO NEIGHBORHOOD HOUSING SERVICES CORP,,PO BOX 13926,SAN JUAN,PR,00908-3926,0000,03,3,1000,199810,1,15,994399000,1,01,202509,6,5,01,0,09,3179111,883834,883834,L20,
660528788,CALVARY BAPTIST CHURCH OF ST CROIX VIRGIN ISLANDS,% CALVARY BAPTIST CHURCH OF ST CROI,PO BOX 630,KINGSHILL,VI,00851-0630,0000,03,3,7000,200304,1,10,000000000,1,01,,0,0,06,0,12,,,,X21,
660528821,ROTARY EAST FOUNDATION,% DOUGLAS K WHITE,6501 RED HOOK PLAZA,ST THOMAS,VI,00802-1373,0000,03,3,1000,202104,1,15,040000000,1,01,202412,0,0,02,0,12,0,0,0,B82,
660528945,IGLESIA EVANGELICA LUTERANA RECONCILIACION INC,,PO BOX 51163,LEVITTOWN,PR,00950-1163,9386,03,9,7000,198804,1,10,001000000,1,01,,0,0,06,0,12,,,,,
660529152,CMCARTS INC,,PO BOX 734,FREDERIKSTED,VI,00841-0734,0000,03,3,2000,200407,1,15,998000000,1,01,202412,4,5,01,0,12,279647,670189,447619,A50,
660529242,P A C T A INC,,PO BOX 141486,ARECIBO,PR,00614-1486,0000,03,3,1000,201605,1,15,000000000,1,01,202412,4,5,01,0,12,375365,548473,548473,G81,
660529335,CENTRO CULTURAL CAIMITO INC,% JOEL GONZALEZ-APONTE,1007 AVE MUNOZ RIVERA OFIC 310,SAN JUAN,PR,00925-0000,0000,03,3,2000,202511,1,04,000000000,1,01,202512,4,2,00,1,12,150574,13903,,A20,
660529432,PROYECTO AURORA INC,% GLADYS R CAPELLA NOYA,215 CALLE CORNELL,SAN JUAN,PR,00927-4124,0000,03,3,2000,200001,1,15,000000000,1,01,202506,0,0,02,0,06,0,0,0,P45,
660529981,ZION ASSEMBLY INC,% REV DR CARLTON WILLIAMS,PO BOX 10141,ST THOMAS,VI,00801-3141,0000,03,3,7000,199604,1,10,001000000,1,01,,0,0,06,0,12,,,,X20Z,
660530087,UPPER ROOM INTL FELLOWSHIP INC,,PO BOX 504543,SAIPAN,MP,96950-4305,0000,03,3,7000,201106,1,10,000000000,1,01,,0,0,06,0,12,,,,X20,
660530256,HOGAR SANTISIMA TRINIDAD INC,,PMB 286A BOX 607071,BAYAMON,PR,00961-0000,0000,03,3,1000,200103,1,15,000000000,1,01,202506,4,4,01,0,06,180438,160282,160282,F20,
660530257,HOGAR DE NINOS EL AVE MARIA,% SOR ROSA E GUERRERO,PO BOX 607061,BAYAMON,PR,00960-7061,0000,03,3,1000,200010,1,15,000000000,1,01,202506,4,5,01,0,06,345900,614732,614732,P20,
660530270,ST JOHN TAXI SERVICES CORP,% SEAN CLAXTON,1 RD PARK,CRUZ BAY,VI,00830-0000,0000,03,3,1200,202402,1,16,000000000,1,01,202412,0,0,02,0,12,0,0,0,S01,
660530927,IGLESIA CRISTIANA ASAMBLEAS DE DIOS,% REV G FELICIANO,HC 2 BOX 6485,ADJUNTAS,PR,00601-9606,1678,03,9,7000,196408,1,10,001002029,5,01,,0,0,06,0,03,,,,,
660530950,ASOCIACION DE NOVIDENTES LUZ DE AMOR INC,% LUZ M RIVERA,PO BOX 3991,BAYAMON,PR,00958-0991,0000,03,3,1000,202011,1,16,000000000,1,01,202512,0,0,02,0,12,0,0,0,P86,
660530978,CASA DE SALVACION INC,% ANDRES RIVERA SOUFFRONT,503 YOYO BELMONTE ST,SAN JUAN,PR,00923-0000,0000,03,3,7000,200211,1,10,000000000,1,01,,0,0,06,0,12,,,,X20,
660531105,FUNDACION DE NINOS DE PUERTO RICO INC,,PO BOX 6719,SAN JUAN,PR,00914-6719,0000,03,3,1000,200010,1,15,000000000,1,01,202504,7,6,01,0,04,8955683,2568399,2568399,E99,
660531728,SERVICIOS LEGALES COMUNITARIOS INC,% JORGE L CATALA MONGE,CALLE CARAZO2,GUAYNNABO,PR,00969-5661,0000,03,3,1000,202001,1,15,000000000,1,01,202506,3,4,01,0,06,67381,328058,328058,I80,
660531879,IGLESIA ASAMBLEA DE DIOS DE SIERRA BAYAMON,,PO BOX 1651,BAYAMON,PR,00960-1651,1678,03,9,7000,196408,1,10,001002029,5,01,,0,0,06,0,12,,,,,
660532149,CRISTO REY,% MELQUISEDAC TORE YELEZ,PO BOX 8901 PMB 123,HATILLO,PR,00659-9141,1678,03,9,7000,196408,1,10,001002029,5,01,,0,0,06,0,12,,,,,
660532200,EMMANUEL BAPTIST CHURCH INC,,PO BOX 502445,ST THOMAS,VI,00805-2445,0000,03,3,7000,199610,1,10,001000000,1,01,,0,0,06,0,12,,,,X20Z,
660533243,PRIMERA IGLESIA ASAMBLEAS DE DIOS DE JUNCOS,% MARIA H DE VILA,PO BOX 620,JUNCOS,PR,00777-0620,1678,03,9,7000,196408,1,10,001002029,5,01,,0,0,06,0,12,,,,,
660533250,ASAMBLEA DE DIOS DE PARCELAS FORTUNA,,HC 2 BOX 3128,LUQUILLO,PR,00773-9781,1678,03,9,7000,196408,1,10,001002029,5,01,,0,0,06,0,12,,,,,
660533582,ALFONSINA INC,% BLANCA L CRUZ ROMAN,COND VILLA DEL PARQUE APT 15E,SAN JUAN,PR,00909-0000,0000,03,3,1000,202204,1,15,000000000,1,01,202412,4,4,01,0,12,109169,275041,275041,A20,
660534023,FUNDACION GERIATRICA CASA DE CAMPO INC,% MIGUEL A RODRIGUEZ,PO BOX 40511,SAN JUAN,PR,00940-0511,0000,03,3,1000,202209,1,03,000000000,1,01,202412,6,5,00,1,12,1377124,688520,,T23,
660534100,IGLESIA CRISTIANA TORRE FUERTE,% ENRIQUE LOPEZ PASTOR,PO BOX 794,JUNCOS,PR,00777-0794,0000,03,3,7000,200210,1,10,000000000,1,01,,0,0,06,0,12,,,,X20,
660534197,CORALATIONS INC,,PO BOX 750,CULEBRA,PR,00775-0750,0000,03,3,1200,200212,1,15,000000000,1,01,202412,2,2,02,0,12,11742,21897,21897,C30,
660534831,TEMPLO MISION ASAMBLEAS DE DIOS VIVIENTE INC,% BO COCOS,8103 PARCELAS,QUEBRADILLAS,PR,00678-0000,1678,03,9,7000,196408,1,10,001002029,5,01,,0,0,06,0,12,,,,,LAS PIEDRAS
660535170,FUNDACION FOLKLORICA CULTURAL RAFAEL CEPEDA INC,% JESUS M CEPEDA-BRENES,VILLA PALMERA 332 CALLE RAFAEL CEPE,SAN JUAN,PR,00915-0000,0000,03,3,1230,202310,1,15,000000000,1,01,202412,0,0,02,0,12,0,0,0,A24,FUNDACION DON RAFAEL CEPEDA INC
660535379,PUERTO RICAN SPECIAL COMMUNITY SERVICES INC,% IRMA E BAEZ,PO BOX 2739,SAN GERMAN,PR,00683-2739,0000,03,3,2000,200111,1,11,000000000,1,01,202509,4,4,01,0,09,156863,425020,425020,B20,IGUAL
660535808,CCT THEATER INC,,PO BOX 25793,CHRISTIANSTED,VI,00824-1793,0000,03,3,1000,199802,1,15,088000000,1,01,202508,4,4,01,0,08,238613,156474,156474,A65,
660536302,FUNDACION SAVE A SATO INC,% GLORIA MARTI,PO BOX 37694,SAN JUAN,PR,00937-0694,0000,03,3,1200,199705,1,15,994913149,1,01,202412,6,3,01,0,12,1763748,99188,99188,D20,SAVE A SATO
660536317,CORO DE NINOS DE PONCE INC,% MARIA INES SUAREZ PEREZ-GUERRA,PO BOX 9,MERCEDITA,PR,00715-0009,0000,03,3,2000,202602,1,11,000000000,1,01,,0,0,01,0,06,,,,A6B,
660537284,MUSEO DE ARTE DE PUERTO RICO INC,,299 AVE DE DIEGO,SAN JUAN,PR,00909-1766,0000,03,3,1000,199704,1,15,994060000,1,01,202506,8,7,01,0,06,40974710,7775021,7308690,A510,
660537553,RYDER ASSISTED CARE INC,% SATURNINO PENA FLORES,PO BOX 859,HUMACAO,PR,00792-0859,0000,03,3,1000,199706,1,15,995382000,1,01,202409,6,4,01,0,09,1689726,418432,418432,L22,
660537554,RYDER VILLAGE INC,% SATURNINO PENA FLORES,PO BOX 859,HUMACAO,PR,00792-0859,0000,03,3,1000,199703,1,15,995382000,1,01,202409,6,4,01,0,09,1286872,443043,443043,P75,
660537875,ATENAS UNIVERSITY DR MARIA LUISA HERNANDEZ INC,% ASTRID MELENDEZ,PO BOX 365,MANATI,PR,00674-0365,0000,03,3,2000,200012,1,11,000000000,1,01,202506,8,7,01,0,06,14285465,6064374,6064374,B40,
660537887,IGLESIA ASAMBLEAS DE DIOS DE CAMPO ALEGRE,,HC 1 BOX 4793,CAMUY,PR,00627-9274,1678,03,9,7000,196408,1,10,001002029,5,01,,0,0,06,0,12,,,,,
660537930,COMPANIA DE BAILE BALLET SENORIAL,% GRACE MARIE BIGAS,PO BOX 7738,PONCE,PR,00732-7738,0000,03,3,1200,202203,1,15,000000000,1,01,202512,3,4,01,0,12,41210,117418,117418,A20,
660537959,HOGAR EL CAMINO A LA SALVACION INC II,% RAMON NEGRON AGOSTO,PO BOX 9267,BAYAMON,PR,00960-9267,0000,03,3,2000,200402,1,16,000000000,1,01,202512,3,4,01,0,12,57750,239755,239755,E50,
660537964,IGLESIA CRISTIANA DISCIPULOS DE CRISTO EN REP METROPOLITANO,,CALLE SE 1 908 REPARTO METROPOLITAN,SAN JUAN,PR,00921-0000,0000,03,3,7000,200403,1,10,000000000,5,01,,0,0,06,0,10,,,,X21,
660538887,IGLESIA ASAMBLEA DE DIOS CALLE AGUAS CALIENTES,,RR 3 BOX 4140,RIO PIEDRAS,PR,00926-8674,1678,03,9,7000,196408,1,10,001002029,5,01,,0,0,06,0,12,,,,,
660538915,FUNDACION NACIONAL PARA LA CULTURA POPULAR,% JAVIER SANTIAGO GONZALEZ,PO BOX 9023971,SAN JUAN,PR,00902-3971,0000,03,3,1200,200007,1,15,000000000,1,01,202506,3,4,01,0,06,70532,160806,160806,A200,
660539125,UNA-USA PR CHAPTER INC,,B5 CALLE TABONUCO STE 216 PMB 110,GUAYNABO,PR,00968-3022,0000,03,3,1000,201908,1,16,000000000,1,01,202412,1,3,02,0,12,3120,46807,46807,O50,
660539152,IGLESIA FUENTE DE SALVACION MISIONERA INC M I LIJAS LAS PDRS,% MISAEL MARIN DELGADO,PO BOX 91,LAS PIEDRAS,PR,00771-0091,0000,03,3,7000,201506,1,10,000000000,1,01,,0,0,06,0,12,,,,X20,
660539332,IGL ASAMBLEAS DE DIOS ELOHIM,,PO BOX 2012,TOA BAJA,PR,00951-2012,1678,03,9,7000,196408,1,10,001002029,5,01,,0,0,06,0,12,,,,,
660539927,REMANSO DE ESPERANZA INC,,AVENIDA RAFAEL CORDERO,CAGUAS,PR,00723-0000,0000,03,3,1000,199706,1,15,994160000,1,01,202412,6,4,01,0,12,1019206,153142,153142,P80,
660540146,IGL PENT ASAMBLEAS DE DIOS ARCA DE SALVACION DE MIRAFLORES INC,% LUIS A MEDINA ANDINO,PO BOX 274,BAJADERO,PR,00616-0274,1678,03,9,7000,196408,1,10,001002029,5,01,,0,0,06,0,12,,,,,
660540290,HOUSING DEVELOPMENT C O R P TOA BAJA C D,% LUIS C PANTOJA,PO BOX 5111,TOA BAJA,PR,00950-0000,0000,03,3,1000,199707,1,04,994381000,1,01,202406,1,1,00,1,06,1,1,,L20,
660540316,CASA JUAN BOSCO INC,,PO BOX 1836,AGUADILLA,PR,00605-1836,0000,03,3,1000,200211,1,15,000000000,1,01,202506,5,4,01,0,06,885125,233822,233822,P20,
660540331,DESARROLLOS UNIVERSITARIOS INC,,3 AVE UNIVERSIDAD ADMINISTRACION,SAN JUAN,PR,00925-0000,0000,03,3,1200,200112,1,17,000000000,1,01,202506,9,6,01,0,06,64216815,3882538,3882538,B114,
660540412,EVERGREEN PRESBYTERIAN CHURCH,% WOO JO LEE,PO BOX 25666,GMF,GU,96921-5666,0000,03,3,7000,200312,1,10,000000000,1,01,,0,0,06,0,12,,,,X21,
660540651,PRIMERA IGLESIA ASAMBLEA DE DIOS,,HC 1 BOX 6767,LAS PIEDRAS,PR,00771-9758,1678,03,9,7000,196408,1,10,001002029,5,01,,0,0,06,0,12,,,,,
660541329,SHEPHERDS MINISTRIES,% MARION MIRANDA,PO BOX 1453,FREDERIKSTED ST CROI,VI,00841-1453,0000,03,3,7000,200101,1,10,000000000,1,01,,0,0,06,0,12,,,,X21,
660541904,CASA DEL PEREGRINO,% CARMEN A ROSARIO,27 CALLE MERCEDES MORENO,AGUADILLA,PR,00603-5127,0000,03,3,1200,200006,1,15,000000000,1,01,202510,5,4,01,0,10,642556,472993,472993,P85,
660542190,CENTRO CRISTIANO DE ADORACION AD,,154A BO JUAN SANCHEZ,BAYAMON,PR,00959-2159,1678,03,9,7000,196408,1,10,001002029,5,01,,0,0,06,0,12,,,,,
660542336,SOCIEDAD DE ESPECIALISTAS EN ORTODONCIA DE PUERTO RICO,% LUIS A TORRO,2 CALLE SOL URB ADOQUINES,SAN JUAN,PR,00926-0000,0000,03,3,1000,202401,1,16,000000000,1,01,202412,4,3,01,0,12,176918,63208,63208,A03,
660542473,CRISTO LA ROCA AD,,PO BOX 31,SAN ANTONIO,PR,00690-0031,1678,03,9,7000,196408,1,10,001002029,5,01,,0,0,06,0,06,,,,,AGUADILLA
660542490,IGLESIA EL BUEN PASTOR ASAMBLEAS DE DIOS INC,,HC 01 BOX 6950,BAJADERO,PR,00616-9801,1678,03,9,7000,196408,1,10,001002029,5,01,,0,0,06,0,03,,,,,
660543082,CIUDAD MISTICA INC,,PO BOX 474,SABANA GRANDE,PR,00637-0474,0000,03,3,1000,199901,1,15,000000000,1,01,202506,8,3,01,0,06,15614707,84147,84147,S20,
660543204,INICIATIVA COMUNITARIA DE ARECIBO ICA INC,% NILSA LOPEZ,PO BOX 1800,ARECIBO,PR,00613-1800,0000,03,3,1000,199812,1,15,998000000,1,01,202506,2,2,02,0,06,16361,18900,18900,P27,ARECIBO YMCA
660543504,IGL CRISTIANA HERMANOS UNIDOS EN-EL CAMINO,,BALDORIOTY 92,PONCE,PR,00717-4702,1678,03,9,7000,196408,1,10,001002029,5,01,,0,0,06,0,03,,,,,IGL CRISTIANA HNOS UNIDOS EN ET AL
660543607,LA CASA DE LA CULTURA ISABELINA INC,,PO BOX 2209,ISABELA,PR,00662-9209,0000,03,3,1270,202105,1,15,000000000,1,01,202504,3,3,01,0,04,36867,57873,57873,A20,
660544053,INFANT OF PRAGUE NURSERY AND KINDERGARTEN INC,% SIS MARY STEPHEN,164 SABANAN MAAGAS RD,MANGILAO,GU,96913-6350,0928,03,9,7000,194603,1,10,001030150,5,01,,0,0,06,0,12,,,,,
660544104,MERCY HEIGHTS NURSERY AND KINDERGARTEN INC,% SISTER MARY STEPHEN,211 SAN VITORES ST,TAMUNING,GU,96913-0000,0928,03,9,7000,194603,1,10,001030150,5,01,,0,0,06,0,12,,,,,
660544331,LEALAIFUANEVA PETER REID CHARITABLE FOUNDATION LTD,% OLIVIA C REID,PO BOX 1030,PAGO PAGO,AS,96799-1030,0000,03,3,1000,199804,2,04,602000000,1,01,202412,6,4,00,1,12,1575239,154458,,T90Z,REID PETER TTEE
660544486,IGLESIA CRISTIANA ASAMBLEAS DE DIOS DE MAYAGUEZ,,HC 7 BOX 25333,MAYAGUEZ,PR,00680-9042,1678,03,9,7000,196408,1,10,001002029,5,01,,0,0,06,0,12,,,,,
660544489,PONCE CHRISTIAN ACADEMY,% ELWOOD W PFAUNMILLER,4015 CALLE COLOMBIA,PONCE,PR,00717-1613,0000,03,3,7000,200309,1,11,000000000,1,01,,0,0,13,0,12,,,,B24,
660544912,TEMPLO OASIS AD LEVITTOWN,,HY16 CALLE JOSE PEDREIRA 7A SECCION,TOA BAJA,PR,00949-0000,1678,03,9,7000,196408,1,10,001002029,5,01,,0,0,06,0,12,,,,,
660545118,SCUBA DOGS SOCIETY INC,% ALBERTO MARTI,PO BOX 363352,SAN JUAN,PR,00936-3352,0000,03,3,1200,200201,1,15,000000000,1,01,202412,3,4,01,0,12,87322,224391,224391,C30,STE 1901 BANCO POPULAR CNTR
660545513,IGLESIA BAUTISTA BETHEL DEL SUR INC,% JACQUELINE RIVERA,91 CALLE VIVES,PONCE,PR,00730-3670,0000,03,3,1270,202402,1,10,000000000,1,01,,0,0,06,0,12,,,,X20,
660545736,VIRGIN ISLANDS CAPITAL RESOURCES INC,% DAVID A BORNN,7A CRYSTAL GADE,ST THOMAS,VI,00802-6623,0000,03,3,1000,200109,1,04,994408000,1,01,202409,5,2,00,1,09,828066,16200,,S300,
660546673,INTERNATIONAL ASSOCIATION OF LIONS CLUBS,% NOLIA MILLIGAN,FREDERIKSTED ST CROIX 00841,BRITISH VIRGIN ISLANDS,,00000-0000,0239,04,9,3000,194012,2,00,911520000,5,01,202506,0,0,02,0,06,0,0,0,,44023 FREDERIKSTED USVI
660546708,IGLESIA PENTECOSTAL ASAMBLEA DE DIOS,,PO BOX 1487,LAS PIEDRAS,PR,00771-1487,1678,03,9,7000,196408,1,10,001002029,5,01,,0,0,06,0,12,,,,,
660548321,RYDER ASSISTED CARE NUMBER II INC,,PO BOX 859,HUMACAO,PR,00792-0859,0000,03,3,1000,199801,1,15,995382000,1,01,202409,6,4,01,0,09,1270183,256717,256717,L22,
660548326,ST THOMAS BASEBALL EXPLORERS,% TAMI NOEL,PO BOX 11302,ST THOMAS,VI,00801-4302,0000,03,3,1000,202606,1,15,994288000,1,01,,1,3,02,0,12,,,,N63,
660548376,THE EFRON FOUNDATION INC,,221 PONCE DE LEON AVE 6TH FLOOR,SAN JUAN,PR,00929-0000,0000,03,3,1000,202410,1,04,000000000,1,01,202412,1,3,00,1,12,62,36400,,A12,
660549023,IGLESIA PENTECOSTAL AD,,PO BOX 1155,RINCON,PR,00677-1155,1678,03,9,7000,196408,1,10,001002029,5,01,,0,0,06,0,12,,,,,
660549192,IGL AD PHILADELPHIA DE CUPEY,% DIXIE COLON,546 CALLE JUAN R JIMENEZ,SAN JUAN,PR,00926-4419,1678,03,9,7000,196408,1,10,001002029,5,01,,0,0,06,0,12,,,,,
660549327,IGLESIA PUEBLO DE DIOS PENTECOSTAL INC,,PO BOX 7365,SAN JUAN,PR,00916-7365,1678,03,9,7000,196408,1,10,001002029,5,01,,0,0,06,0,03,,,,,
660549478,ASAMBLEAS DE DIOS,,PO BOX 1367,CATANO,PR,00963-1367,1678,03,9,7000,196408,1,10,001002029,5,01,,0,0,06,0,12,,,,,
660549743,ST JOHN SINGERS INC,,PO BOX 37,ST JOHN,VI,00831-0037,0000,03,3,1000,199812,1,15,000000000,1,01,202507,3,4,01,0,07,32495,198239,198239,A6B,
660549839,ALBERGUE EL PARAISO INC,% VALERIE GUZMAN,PO BOX 11740,SAN JUAN,PR,00910-2840,0000,03,3,1000,201608,1,15,000000000,1,01,202512,6,5,01,0,12,1516890,542510,542510,P20,ALBERQUE EL PARAISO
660549890,ST JOHN RESCUE INC,% ELMO L RABSATT SR,PO BOX 1225,ST JOHN,VI,00831-1225,0000,03,3,1200,201407,1,15,158000000,1,01,202509,6,4,01,0,09,1828078,192582,189027,E62,
660550151,MADRINAS Y PADRINOS DE CIDRA INC,% JUANA M TORRES DAVILA,CALLE BARCELO 34 BOX 748,CIDRA,PR,00739-0000,0000,03,3,1200,199909,1,15,000000000,1,01,202512,3,1,02,0,12,57520,240,240,G30,
660550404,RYDER VILLAGE II INC,% SANTURNINO PENA-FLORES,PO BOX 859,HUMACAO,PR,00792-0859,0000,03,3,1000,199801,1,15,995382000,1,01,202409,6,4,01,0,09,2012400,394622,394622,L22,
660550405,RYDER ASSISTED CARE III INC,% SANTURNINO PENA-FLORES,PO BOX 859,HUMACAO,PR,00792-0859,0000,03,3,1000,199801,1,15,995382000,1,01,202409,6,4,01,0,09,1298627,230861,230861,L22,
660550555,SAVE A GATO INC,% EVELYN VELEZ RODRIGUEZ,PO BOX 9021227,SAN JUAN,PR,00902-1227,0000,03,3,1200,200510,1,15,000000000,1,01,202412,5,4,01,0,12,569703,321904,321904,D20,
660550662,TERCERA IGLESIA BETHANIA,,HC 1 BOX 5745,CAMUY,PR,00627-9250,1678,03,9,7000,196408,1,10,001002029,5,01,,0,0,06,0,12,,,,,
660550870,IGLESIA EL BUEN VERCINO AD,% OSVALDO LOPEZ,BM659 CALLE 51 JARD DE RIO GRANDE,RIO GRANDE,PR,00745-0000,1678,03,9,7000,196408,1,10,001002029,5,01,,0,0,06,0,12,,,,,
660550935,COORDINADORA PAZ PARA LA MUJER INC,% MS JOSEFINA PANTOJA OQUENDO,PO BOX 193008,SAN JUAN,PR,00919-3008,0000,03,3,1000,200001,1,15,000000000,1,01,202509,5,6,01,0,09,774631,2076469,2076469,P20,
660551278,CENTRO DE ENSENANZA PARA LA FAMILIA INC,% MIRIAM ROSARIO,PO BOX 8052,HUMACAO,PR,00792-8052,0000,03,3,1000,200002,1,15,000000000,1,01,202512,0,0,02,0,12,0,0,0,P20,
660551279,NAVY LEAGUE OF THE UNITED STATES NATIONAL HEADQUARTERS,% DOUGLAS A MCHOUL,PO BOX 254,VIEQUES,PR,00765-0254,3276,03,9,2100,199011,1,15,123512519,1,01,202512,0,0,02,0,12,0,0,0,,VIEQUES PUERTO RICO COUNCIL
660552306,EVANGELICAL CHURCH OF CHRIST GUAM,% EVANGELICAL CHURCH OF CHRIST GUAM,548 CHALAN PADIRAN ROUTE 15,YIGO,GU,96929-0000,0000,03,3,1000,200306,1,10,000000000,1,01,,0,0,06,0,12,,,,X20,
660552384,IGLESIA DE PENTECOSTAL DE RENOVACION CHRISTIANA INC,% JOHNNY CARION ESPINO,PO BOX 1712,LARES,PR,00669-1712,0000,03,3,7000,199902,1,10,000000000,1,01,,0,0,06,0,12,,,,X20,
660552741,CENTRAL FULL GOSPEL CHURCH OF GUAM,% REV SUNG HEON SHIN,PO BOX 11601,TAMUNING,GU,96931-1601,0000,03,3,1000,200102,1,10,000000000,1,01,,0,0,06,0,12,,,,X21,
660552800,IGLESIA CRISTIANA MISERICORDIA Y VERDAD DE LAS ASAMBLEAS DE DIOS,% FRANCISCO QUINONES DAVILA,RR 12 BOX 1381,BAYAMON,PR,00956-9447,1678,03,9,7000,196408,1,10,001002029,5,01,,0,0,06,0,12,,,,,
660553199,IGLESIA CENTRO DE SERVICIOS CRISTIANOS CASA DE AMOR INC,,PO BOX 9053,PONCE,PR,00732-9053,0000,03,3,7000,201506,1,10,000000000,1,01,,0,0,06,0,12,,,,X20,
660553400,CENTRAL CHURCH OF THE NAZARENE,% PATRICIA B MATTHEW,PO BOX 175,KINGSHILL,VI,00851-0175,0000,03,3,7000,201909,1,10,000000000,1,01,,0,0,06,0,12,,,,X20,
660553533,BELLA VISTA CLINICS INC,,YAUCO,PUERTO RICO,,00000-0000,1071,03,9,7000,194704,1,10,211029000,5,01,,0,0,06,0,12,,,,,
660553535,BELLA VISTA YAUCO INC,% NEMUEL O ARTILES,CARRET 128 KM 1 0,YAUCO,PR,00698-0000,1071,03,9,7000,194704,0,10,211029000,5,01,,0,0,06,0,12,,,,,
660554034,US VIRGIN ISS CONGRESS OF PARENTS TEACHERS & STUDENTS ASSOCIATION,% GRACE FAHIE,PO BOX 402,ST THOMAS,VI,00804-0402,0000,03,3,1000,201312,1,16,000000000,1,01,202509,0,0,02,0,09,0,0,0,B94,
660554057,HOGAR MANUEL MEDIAVILLA NEGRON INC,% DINORAH COLON,PO BOX 9321,HUMACAO,PR,00792-9321,0000,03,3,1000,200008,1,04,000000000,1,01,202506,8,6,00,1,06,12711530,1091497,,L22,
660554102,JUNTA DE CERTIFICACION PARA PROFESIONALES EN ADICCION Y,% ORIENTAL MORTGAGES,469 CALLE DRESDE,SAN JUAN,PR,00920-3708,0000,03,3,2000,200507,1,16,000000000,1,01,202412,0,0,02,0,12,0,0,0,P03,
660554382,INTERNATIONAL ASSOCIATION OF MACHINICS AND AEROSPACE WORKERS,% JOSE L LOPEZ,PO BOX 364506,SAN JUAN,PR,00936-4506,0264,05,9,3000,194012,2,00,263269279,5,01,202512,0,0,02,0,12,0,0,0,,2725 LOCAL LODGE
660554466,FEDERACTION PROTECTORA DE ANIMALES INC,% YOLANDA ALVAREZ,PO BOX 7891,GUAYNABO,PR,00970-7891,0000,03,3,4000,201412,1,15,000000000,1,01,202512,0,0,02,0,12,0,0,0,D20,
660555055,UNION PUERTORRIQUENA DE LOS,% MISAEL JIMENEZ,PO BOX 3269,MAYAGUEZ,PR,00681-3269,1071,03,9,7000,194704,1,10,211029000,5,01,,0,0,06,0,12,,,,,
660555240,IGLESIA EVANGELICA AD,% REV JUANITA ALDEBOL,HC 7 BOX 25266,MAYAGUEZ,PR,00680-9041,1678,03,9,7000,196408,1,10,001002029,5,01,,0,0,06,0,12,,,,,
660555246,WE FROM UPSTREET INC,% MAIANA DONOVAN,PO BOX 308424,ST THOMAS,VI,00803-8424,0000,03,3,1000,202405,1,16,000000000,1,01,202603,0,0,02,0,03,0,0,0,A99,
660556469,HOGAR PADRE VENARD INC,% RAMON JAIME CASELLAS,PO BOX 9020274,SAN JUAN,PR,00902-0274,0000,03,3,1000,200501,1,15,000000000,1,01,202412,6,4,01,0,12,1600977,147656,147656,L41,
660556542,CENTRO DE ORIENTACION Y ACCION SOCIAL INC,% EDWIN LORADA,PO BOX 2078,VEGA ALTA,PR,00692-2078,0000,03,3,2100,200206,1,15,000000000,1,01,202506,4,4,01,0,06,233108,351182,351182,B99,
660556544,ACADEMIA AMERICANA DE PEDIATRIA CAPITULO DE PUERTO RICO INC,% DEBORAH RODRIGUEZ,PO BOX 79746,CAROLINA,PR,00984-9746,0000,03,3,1000,202604,1,15,000000000,1,01,,0,0,02,0,12,,,,E60,
660556694,IGLESIA PENTEGOSTAL AD,,HC 2 BOX 17863,RIO GRANDE,PR,00745-8639,1678,03,9,7000,196408,1,10,001002029,5,01,,0,0,06,0,12,,,,,
660557198,LA FUNDACION DEL PERPETUO SOCORRO INC,% BRUNILDA DIAZ,PO BOX 191694,SAN JUAN,PR,00919-1694,0000,03,3,1000,201507,1,15,000000000,1,01,202412,6,0,02,0,12,3506160,0,0,L21,
660557533,AD PALABRA DE LUZ,,354 CALLE SAN MARCOS,YAUCO,PR,00698-2563,1678,03,9,7000,196408,2,10,001002029,5,01,,0,0,06,0,12,,,,,URB SANFRANCISCO II
660558099,IGLESIA PENTECOSTAL EBENEZER INC,% FELIX R CRUZ,PO BOX 444,KINGSHILL,VI,00851-0444,0000,03,3,7000,201703,1,10,000000000,1,01,202512,3,2,06,0,12,60455,18131,18131,X20,
660558342,HOSPITAL EPISCOPAL SAN LUCAS GUAYAMA INC,% DAVID A ALVAREZ JIMENEZ,PO BOX 336810,PONCE,PR,00733-6810,0000,03,3,1000,200112,1,12,000000000,1,01,202512,0,0,02,0,12,0,0,0,E22,
660558775,FUNDACION SANTA MARIA DE LOS ANGELES INC,% MICHELLE RODRIGUEZ,RR 37 BOX 1785,SAN JUAN,PR,00926-0003,0000,03,3,1000,201712,1,15,000000000,1,01,202512,3,4,01,0,12,57065,145971,145971,P20,
660559045,CENTRO DE SERVICIOS COMUNITARIOS VIDA PLENA,,359 AVENIDA SAN CLAUDIO CUPEY PROFE,SAN JUAN,PR,00926-0000,0000,03,3,1000,200006,1,15,000000000,1,01,202506,3,4,01,0,06,97880,301210,301210,P200,CUPEY PROFESSIONAL MALL
660559280,ASOCIACION PUERTORRIQUENA DE HEMOFILIA INC,% YOLANDA VEGA,PO BOX 29005,SAN JUAN,PR,00929-0005,0000,03,3,1200,202004,1,15,000000000,1,01,202412,4,4,01,0,12,332568,335221,335221,G80,
660559825,IQRA ACADEMY,,1 ESTATE CANE,FREDERIKSTED,VI,00840-4425,0000,03,3,2000,202102,1,11,030000000,1,01,202507,0,0,02,0,07,0,0,0,B20,AKA THE CORPORATION
660560827,I C C JESUS MANATIAL DE VIDA,% RAMIRO RIOS,137 BO CANTERA,MANATI,PR,00674-4847,8141,03,9,7000,199701,1,10,001000000,1,01,,0,0,06,0,12,,,,,
660561027,SERVICIOS MEDICOS UNIVERSITARIOS INC,% HOSPITAL UPR DR FEDERICO TRILLA,KM 83 CALLE 3 AVE 65 DE INFANTERIA,CAROLINA,PR,00984-0000,0000,03,3,1000,200902,1,12,000000000,1,01,202506,9,9,01,0,06,56842657,72709467,72709467,E20,
660561373,CHINESE BIBLE CHURCH INTERNATIONAL INC,,PO BOX 500087,SAIPAN,MP,96950-0087,0000,03,3,2000,202112,1,11,000000000,1,01,202506,6,5,01,0,06,1689454,589817,589817,B20,
660561388,CENTRO COMUNITARIO RVDA INES J FIGUEROA INC,% JANNETTE ACEVEDO PEREZ,PO BOX 360342,SAN JUAN,PR,00936-0342,0000,03,3,2000,200302,1,15,000000000,1,01,202512,4,4,01,0,12,372582,231951,231951,P30,
660561468,CIRCULO DE RECREO DE SAN GERMAIN,,PO BOX 1836,SAN GERMAN,PR,00683-1836,0000,03,3,1000,201402,1,16,000000000,1,01,202512,0,0,02,0,12,0,0,0,A23,
660561796,AMERICAN COUNSELING ASSOCIATION OF THE VIRGIN ISLAND,% ROSEMOND CREIGHTON,306 ESTATE BLESSING,KINGSHILL,VI,00851-0000,0000,03,3,2000,202004,1,16,000000000,1,01,202406,0,0,02,0,06,0,0,0,F03,
660562003,MARKETING SMALL BUSINESS FINANCE CORP,% RAMON SANABRIA BURGOS,193824,SAN JUAN,PR,00919-0000,0000,03,3,1200,202301,1,16,000000000,1,01,202509,6,5,01,0,09,2188632,681080,681080,S43,
660562845,PROYECTO COQUI INCORPORADO,% RAFAEL JOGLAR,120 AVE LA SIERRA APT 132,SAN JUAN,PR,00926-4349,0000,03,3,2800,202209,1,16,000000000,1,01,202512,0,0,02,0,12,0,0,0,D30,
660562903,COMPREHENSIVE HUMAN SERVICES CORPORATION,% YOLANDA VILLAFANE,18 CALLE 1 STE 200,GUAYNABO,PR,00968-1748,0000,03,3,1000,200106,1,15,000000000,1,01,202506,8,6,01,0,06,25141195,4880571,4880571,E320,
660563303,ST CROIX FARMERS IN ACTION INC,% PERCIVAL EDWARDS,PO BOX 69,KINGSHILL,VI,00851-0069,0000,05,3,2100,200707,2,00,000000000,1,01,202508,0,0,02,0,08,0,0,0,K28,
660563484,TRAINING EQUIPMENT PROPERTY & CASUALTY INSURANCE CORPORATION,% AMS INSURANCE MGMT SERVICES LTD,THE VALLEY BRITISH W INDIES,ANGUILLA,,00000-0000,0000,15,3,1000,199909,2,00,000000000,1,01,,5,4,01,0,12,,,,Z99,
660563521,ANDANZA INC,,657 AVE CONDADO STE 200,SAN JUAN,PR,00907-3815,0000,03,3,1000,199903,1,15,000000000,1,01,202506,3,5,01,0,06,93661,785390,785390,A620,
660563792,CUERPO DE VOLUNTARIOS DE SERVICIOS MEDICOS DE EMERGENCIAS INC,% CARLOS R SOTO CRUZ,PO BOX 1290,HATILLO,PR,00659-1290,0000,03,3,1000,201607,1,15,000000000,1,01,202506,0,0,02,0,06,0,0,0,M20,
660563892,INTERNATIONAL GOSPEL CENTER OF ST THOMAS INC,,PO BOX 304934,ST THOMAS,VI,00803-4934,0000,03,3,7000,200407,1,10,000000000,1,01,,0,0,06,0,12,,,,X21,
660564786,CHABAD LUBAVITCH OF PUERTO RICO INC,% RABBI MENDEL ZARCHI,PMB 122 5900 ISLA VERDE,CAROLINA,PR,00979-5746,0000,03,3,7000,200008,1,10,000000000,1,01,,0,0,06,0,12,,,,X30,
660565298,CASA DE TRANSFORMACION Y RESTAURACI ON FAMILIAR,% SHARON ORTIZ,PASEO LOS CORALES 1686,DORADO,PR,00646-0000,0000,03,3,1000,202111,1,15,000000000,1,01,202512,0,0,02,0,12,0,0,0,F32,
660565479,PROYECTO LA NUEVA ESPERANZA INC,% IDALIA ACEVEDO,PO BOX 603,SAN ANTONIO,PR,00690-0603,0000,03,3,1200,200404,1,15,000000000,1,01,202512,4,4,01,0,12,138278,177766,177766,P40,
660565532,GUAM RUGBY FOOTBALL UNION INC,% STEPHEN GRANTHAM,PO BOX 140,TAMUNING,GU,96910-0000,0000,03,3,1200,202303,1,16,000000000,1,01,202412,0,0,02,0,12,0,0,0,N60,
660566076,PARAISO INFANTIL INC,% MINERVA VEGA TORRES,PO BOX 142,SAN ANTONIO,PR,00690-0142,0000,03,3,2000,202105,1,11,000000000,1,01,202412,6,6,01,0,12,2749436,1150056,1150056,B20,
660566096,CENTER FOR A NEW ECONOMY INC,% MIGUEL A SOTO,PO BOX 9024240,SAN JUAN,PR,00902-4240,0000,03,3,1000,200004,1,15,000000000,1,01,202412,6,6,01,0,12,3822547,2005504,2005504,B90,
660566246,VILLA NOTRE DAME INC,,PO BOX 6841,CAGUAS,PR,00726-6841,0000,03,3,1000,200210,1,15,000000000,1,01,202412,3,4,01,0,12,33630,326429,326429,P81,SCHOOL SISTERS OF NOTRE DAME
660566418,VIRGIN ISLANDS DOMESTIC VIOLENCE AND SEXUAL ASSAULT COUNCIL,,PO BOX 2330,CHRISTIANSTED,VI,00820-0000,0000,03,3,1000,202311,1,15,000000000,1,01,202209,4,5,01,0,09,481056,541475,541475,F42,
660566664,ST CROIX YOUTH SOCCER ASSOCIATION,,PO BOX 2458,KINGSHILL,VI,00851-2458,0000,03,3,1200,202604,1,16,000000000,1,01,,3,4,02,0,12,,,,N64,
660567061,LICEO DE ARTE DEL SUR INC,% CARLOS E RIVERA,CALLE AURORA 4132,PONCE,PR,00717-1254,0000,03,3,1200,200406,1,15,000000000,1,01,202506,0,0,02,0,06,0,0,0,A25,
660567097,CALVARY CHAPEL OF PUERTO RICO INC,% PASTOR DANIEL CRESPO,405 AVE ESMERALDA STE 2,GUAYNABO,PR,00969-4466,0000,03,3,7000,200006,1,10,000000000,1,01,,0,0,06,0,12,,,,X21,
660567316,MARTIN LUTHER RESPITE CENTER INC,% SISTER DONNA MCGARTLAND OSF,100 CARR 698 649,DORADO,PR,00646-0000,0928,03,9,1700,194603,1,10,031150120,5,01,,0,0,06,0,06,,,,,
660567487,SOCIEDAD PUERTORRIQUENA DE ORTOPEDIA Y TRAUMATOLOGIA INC,,1509AVEPONCEDELEON SUITES 11011102,SAN JUAN,PR,00909-0000,0000,03,3,2000,201905,1,16,000000000,1,01,202509,0,0,02,0,09,0,0,0,G03,SPOT
660567506,IGLESIA EVANGELICA BEULAH INC,,PO BOX 2300,BAYAMON,PR,00960-2300,1678,03,9,7000,196408,1,10,001002029,5,01,,0,0,06,0,12,,,,,
660567889,GUAMANIQUE INC,% EDUARDO CALDERON,PO BOX 1656,MANATI,PR,00674-1656,0000,03,3,1000,202510,1,15,000000000,1,01,,0,0,02,0,12,,,,A20,
660567902,GIFFT HILL SCHOOL INC,% THE CORAL BAY SCHOOL,9-5 BELLEVUE ESTATE,ST JOHN,VI,00830-0000,0000,03,3,2000,199912,1,11,000000000,1,01,202506,7,6,01,0,06,9770015,4649237,4571754,B25,
660568130,PRIMERA IGLESIA ASAMBLEA DE DIOS DE TOA ALTA INC,% HECTOR FABIAN LOPEZ,HC 4 BOX 6384,COROZAL,PR,00783-8808,1678,03,9,7000,196408,1,10,001002029,5,01,,0,0,06,0,12,,,,,
660568219,IGLESIA AD,,PARC SAINT JUST 292 CALLE 4,TRUJILLO ALTO,PR,00976-0000,1678,03,9,7000,196408,1,10,001002029,5,01,,0,0,06,0,12,,,,,
660568220,PENTECOSTAL ADULAM ASAMBLEAS DE DIOS,,PO BOX 268,PALMER,PR,00721-0268,1678,03,9,7000,196408,1,10,001002029,5,01,,0,0,06,0,12,,,,,
660568787,ANGEL DE LA GUARDA INC,% WILFREDO MENDEZ,PO BOX 3007,SAN SEBASTIAN,PR,00685-7001,0000,03,3,2100,200501,1,15,000000000,1,01,202512,5,6,01,0,12,660453,1247062,1247062,P33,
660569434,VIRGIN ISLAND BOWLING FEDERATION INC,% HELEN SCHJANG,PO BOX 623,CHRISTIANSTED,VI,00821-0623,0000,03,3,1000,202403,1,15,000000000,1,01,202512,0,0,02,0,12,0,0,0,N70,
660569781,ASOCIACION PARA LA SUPERACION DEL NINO CON SINDROME DOWN,% VILMA PEREZ,PO BOX 4482,AGUADILLA,PR,00605-4482,0000,03,1,1000,200701,1,15,000000000,1,01,202512,4,4,01,0,12,247279,219278,219278,G25,
660569857,FUNDACION ARTURO SOMOHANO INC,% VICTOR MALDONADO-GOMEZ,PO BOX 192593,SAN JUAN,PR,00919-2593,0000,03,3,1000,202305,1,15,000000000,1,01,202506,5,6,01,0,06,645963,1240220,1240220,A60,
660569973,POSITIVE WORKS INC,% POSITIVE T A NELSON,9018 SALT RIVER,CHRISTIANSTED,VI,00820-0000,0000,03,3,1000,202511,1,15,000000000,1,01,202512,0,0,02,0,12,0,0,0,P20,
660569991,IGLESIA BAUTISTA LUZ DEL MUNDO QUEBRADA GRANDE,,PO BOX 1662,TRUJILLO ALTO,PR,00977-1662,3125,03,9,7000,195504,1,10,001000000,5,01,,0,0,06,0,12,,,,,8109
660570310,JESUS IS LORD FELLOWSHIP WORLDWIDE INC USA,% RUFO LANE ARNIA,MP 96950 CNMI,USA,,00000-0000,8206,03,9,7000,199805,0,10,000000000,1,01,,0,0,06,0,12,,,,,JESUS IS LORD JIL CHURCH INC
660570446,FUNDACION EDUCATIVA CONCEPCION,% SARA LOPEZ MARTIN,PO BOX 70006,FAJARDO,PR,00738-7006,0000,03,3,7000,201507,1,11,000000000,1,01,202506,6,6,01,0,06,3151700,1836970,1836970,B20,SONIFEL
660570712,COMUNIDAD ORGANIZADA DE SAN SALVADOR INC,% CARMEN I APONTE,HC 8 BOX 38885,CAGUAS,PR,00725-9423,0000,03,3,1200,201108,1,15,000000000,1,01,202509,0,0,02,0,09,0,0,0,S21,
660570994,SPEAK THE WORD MINISTRIES,% TERRY SKEPPLE,PO BOX 8304,CHRISTIANSTED,VI,00823-8304,0000,03,3,7000,200007,1,10,000000000,1,01,,0,0,06,0,12,,,,X21,
660571056,GUAM KOREAN BUDDHIST ASSOCIATION,% YONG KWANG PARK,PO BOX 11168,TAMUNING,GU,96931-1168,0000,03,3,1270,200004,1,10,000000000,1,01,,0,0,06,0,12,,,,X50,
660571457,HOSPITAL COMUNITARIO BUEN SAMARITANO INC,% HOSPITAL BUEN SAMARITANO,PO BOX 4055,AGUADILLA,PR,00605-4055,0000,03,3,1000,201011,1,12,000000000,1,01,202412,8,8,01,0,12,27899337,29615909,29615909,E20,
660571609,EL PROGRAMA DE ENLACE Y SERVICIO COMUNITARIO DE AGUADILLA INC,% GLORIA ACEVEDO,PO BOX 4820,AGUADILLA,PR,00605-4820,0000,03,3,1200,200008,1,15,000000000,1,01,202512,0,0,02,0,12,0,0,0,O50,
660572018,UNANUE LOPEZ FAMILY FOUNDATION,,PO BOX 601467,BAYAMON,PR,00960-6067,0000,03,3,2000,200107,1,03,000000000,2,01,202412,4,5,00,1,12,307841,522156,,T23,
660572059,IGLESIA MISIONERA SHALOM Y CHARIS,% EDUARDO MORA DORAN,PO BOX 4985 MSC 101,CAGUAS,PR,00726-4985,2046,03,9,7000,196911,1,10,001000000,5,01,,0,0,06,0,12,,,,,
660572240,HOGAR COLINAS VERDES INC,% ISRAEL J ROSARIO,PO BOX 2045,HATILLO,PR,00659-9045,0000,03,3,1000,201602,1,15,000000000,1,01,202512,6,5,01,0,12,1270844,925315,925315,L20,
660572374,MISION MAHANAIM,,CL 16 BOX 6253 BARRIO QUEBRADA SECA,CEIBA,PR,00735-0000,2046,03,9,7000,196911,1,10,001000000,5,01,,0,0,06,0,12,,,,,
660572404,BEESTON HILL WESLEYAN HOLINESS CHURCH,% ERIC FRANCIS,PO BOX 7610,CHRISTIANSTED,VI,00823-7610,2079,03,9,7200,197005,1,10,601030000,5,01,,0,0,06,0,06,,,,,
660572549,IGLESIA CRISTIANA MISIONERA EL SHADDAI,,PO BOX 1086,BARCELONETA,PR,00617-1086,2046,03,9,7000,196911,1,10,001000000,5,01,,0,0,06,0,12,,,,,
660573514,FUNDACION MUSICA Y PAIS INC,,BALDRICH 252 TOUS SOTO,SAN JUAN,PR,00912-0000,0000,03,3,2000,202002,1,11,000000000,1,01,202512,4,4,01,0,12,195858,189888,189888,B30,
660574398,IGLESIA EVANGELICA LUTERANA CRISTO EL SENOR,% MARGARITA MARTINEZ,PO BOX 370297,CAYEY,PR,00737-0297,9386,03,9,7000,198804,1,10,001000000,1,01,,0,0,06,0,01,,,,,
660574598,ASOCIACION NACIONAL DE CIEGOS,% CENTRO DE REHABILITACION,PO BOX 2319,ISABELA,PR,00662-9319,0000,03,3,1000,200307,1,15,000000000,1,01,202509,0,0,02,0,09,0,0,0,P86,
660574914,CENTRO DEAMBULANTES CRISTO POBRE INC,% CRISTIAN DUARTE,PO BOX 334651,PONCE,PR,00733-4651,0000,03,3,1000,200203,1,15,000000000,1,01,202506,8,6,01,0,06,12450087,1031383,1031383,P20,
660575266,DEDEDO SOCCER CLUB,% KELLEY BARNHART,425 CHALAN SAN ANTONIO 531,TAMUNING,GU,96913-3602,0000,03,3,1000,202402,1,16,000000000,5,01,202512,0,0,02,0,12,0,0,0,N64,
660575476,PUERTO RICO BASEBALL ACADEMY AND HIGH SCHOOL CORP,% EDWIN CORREA,PO BOX 8399,CAGUAS,PR,00726-8399,0000,03,3,2000,200401,1,11,000000000,1,01,202506,6,6,01,0,06,2687064,2861512,2861512,B25,
660576182,CONTINENTAL MICRONESIA INC ASSOCIATION OF PACFIC ISLAND,% CARLOTTA LEON GUERRERO,181 E MARINE CORPS DR STE 207,HAGATNA,GU,96910-5178,0000,03,3,1000,200109,1,15,000000000,1,01,202512,3,4,01,0,12,33285,475802,475802,E99,
660576367,POLITECNICO AMIGO INC,% GIOVANNI RUIZ,SAN JUAN PUERTO RICO 00907,SAN JUAN,PR,00908-0000,0000,03,3,2000,201508,1,11,000000000,1,01,202506,5,5,01,0,06,982764,848150,848150,B28,
660576595,EL AMOR ESPERA INC,% GRACE SCHAERER,PO BOX 607071 PMB 286,BAYAMON,PR,00960-7071,0000,03,3,1000,201503,1,15,000000000,1,01,202412,4,4,01,0,12,119779,310570,310570,P20,
660576828,GLOBAL LIFE CHURCH INC,% PASTOR ORAL F HAZELL,PO BOX 304283,ST THOMAS,VI,00803-4283,0000,03,3,1000,200106,1,10,000000000,1,01,,0,0,06,0,01,,,,X20,GLOBAL LIFE MINISTRY HSE OF PRAYER
660576940,CENTRO DE RENOVACION Y DESAROLLO HUMANO-ESPIRTUAL BUEN PASTOR,% MAGDALENA OCASIO PEREZ,HC 1 BOX 22925,CAGUAS,PR,00725-8915,0000,03,3,1000,200608,1,15,000000000,1,01,202512,4,4,01,0,12,487090,316436,316436,F60,NEGRON NANCY ORTIZ
660577296,ASOCIACION DE EJECUTIVOS DE COOPERATIVAS DE PUERTO RICO INC,,APARTADO 22 NO 400 EDIF COSVI AVE A,SAN JUAN,PR,00927-0000,0000,03,3,2000,201909,1,15,000000000,1,01,202512,5,5,01,0,12,760158,869633,869633,B99,
660577332,IGLESIA ROCA DE SION AD,,PO BOX 1246,FAJARDO,PR,00738-1246,1678,03,9,7000,196408,1,10,001002029,5,01,,0,0,06,0,12,,,,,
660577886,CENTRO MARIA MAZZARELLO ALESPI INC,% SOR MARIA OFELIA PEREZ GUTIERREZ,PO BOX 1877,OROCOVIS,PR,00720-1877,0000,03,3,2700,200306,1,11,000000000,1,01,,0,0,13,0,10,,,,B99,
660578562,PENTECOSTAL CHURCH ASSEMBLIES OF GOD,% MIGUEL ARROYO,PO BOX 207,YABUCOA,PR,00767-0207,1678,03,9,7000,196408,1,10,001002029,5,01,,0,0,06,0,10,,,,,
660578643,3RA MANANTIAL DE VIDA,,PO BOX 334432,PONCE,PR,00733-4432,1678,03,9,7000,196408,1,10,001002029,5,01,,0,0,06,0,12,,,,,BRISAS DEL CARIBE
660579504,RICKY MARTIN FOUNDATION CORP,% GLADYS MARTINEZ,PO BOX 13534,SAN JUAN,PR,00908-3534,0000,03,3,1000,200406,1,15,000000000,1,01,202512,0,0,02,0,12,0,0,0,T22,
660580805,IGLESIA SMIRNA MISIONERA ASAMBLEAS DE DIOS INC,% REV RUTH AILEEN PESQUERA BELTRAN,I3 CALLE 10,DORADO,PR,00646-2528,1678,03,9,7000,196408,1,10,001002029,5,01,,0,0,06,0,12,,,,,
660581471,ST JOHN HISTORICAL SOCIETY INC,,PO BOX 1256,ST JOHN,VI,00831-1256,0000,03,3,1000,200106,1,16,000000000,1,01,202512,0,0,02,0,12,0,0,0,A54,
660581845,PRODUCTORA ANGELES-DEL-FIN INC,% CARLOS GONZALEZ HERNANDEZ,HC 20 BOX 26393,SAN LORENZO,PR,00754-9479,0000,03,3,1000,201603,1,15,000000000,1,01,202512,4,4,01,0,12,371660,174444,174444,A65,
660581925,HIRE-NATIONAL INC,% MARIA GUZMAN,7 CALLE TABONUCO STE 120,GUAYNABO,PR,00968-3019,7199,03,9,1000,199012,0,16,123000000,1,01,202512,0,0,02,0,12,0,0,0,,PUERTO RICO CHAPTER
660582060,OFICINA PRO AYUDA A PERSONAS CON IMPEDIMENTO INC,% ROBERTO GARCIA,PO BOX 1089,RIO GRANDE,PR,00745-1089,0000,03,3,2000,200402,1,15,000000000,1,01,202412,6,4,01,0,12,1192995,360281,360281,P80,OPAPI INC
660582276,ASOCIACION SUZUKI DE PUERTO RICO INC,,URB VILLA NEVAREZ 1026 CALLE 18,SAN JUAN,PR,00927-0000,0000,03,3,1200,202309,1,15,000000000,1,01,202412,3,4,01,0,12,84177,244801,244801,A68,
660582741,IGLESIA EVANGELICA JESUCRISTO EL CAMINO,,HC 1 BOX 6443,MOCA,PR,00676-9622,2046,03,9,7000,196911,1,10,001000000,5,01,,0,0,06,0,12,,,,,
660582747,IEM AGUA Y SOL DE JUSTICIA,% ROBERT L RANSOM,HC 1 BOX 8155,MARICAO,PR,00606-9403,2046,03,9,7000,196911,1,10,001000000,5,01,,0,0,06,0,12,,,,,
660582828,EL MUNDO DE LOS MUNECOS PUPPETWORLD INC,% JAVIER ORTIZ,NO 783 CALLE 45 SO,SAN JUAN,PR,00921-0000,0000,03,3,1000,202204,1,15,000000000,1,01,202312,4,4,01,0,12,114715,103810,103810,A20,
660583230,PARCELAS NUEVAS DE CANABONECITO ACUEDUCTO INC,% RAMON VEGA,URB BAIROA CALLE 30 AP7,CAGUAS,PR,00725-0000,0000,03,3,1268,201902,1,16,000000000,1,01,202512,0,0,02,0,12,0,0,0,Q33,
660583356,COMUNIDAD GABINO NEGRON DEL BARRIO CERROGORDO DE AGUDAD PR INC,% WILFREDO BONILLA,HC 59 BOX 5920,AGUADA,PR,00602-9649,0000,03,3,1000,202510,1,16,000000000,1,01,,0,0,02,0,12,,,,C32,
660583413,ORQUETA DE GUIROS DE PR INC,% ANIBAL ALVARADO,JARDINES DEL CARIBE 102 CALLE 7,PONCE,PR,00728-0000,0000,03,3,1200,201905,1,16,000000000,1,01,202412,2,3,02,0,12,11109,39800,39800,A70,
660583733,EDUCATIONAL SERVICES CENTER OF SAN GERMAN INC,% VIVIAN RUIZ,PO BOX 1332,HORMIGUEROS,PR,00660-5332,0000,03,3,2000,200112,1,11,000000000,1,01,202506,4,4,01,0,06,164266,137475,137475,B20,DBA KABOD CHRISTIAN ACADEMY
660584324,FUNDACION ECOLOGICA EDUCATIVA INC,% PAQUITA GOMEZ-TORRES,862 C ESTEBAN GONZALEZ 11C,SAN JUAN,PR,00925-0000,0000,03,3,1200,202412,1,15,000000000,1,01,202412,1,3,01,0,12,7588,69037,69037,A52,
660585077,ST THOMAS EAST END MEDICAL CENTER CORPORATION,% STEVEN B MAYERS,PO BOX 503177,ST THOMAS,VI,00805-3177,0000,03,3,1000,200011,1,12,000000000,1,01,202502,7,8,01,0,02,5077111,10216259,10216259,E30,
660585141,SCOTTISH RITE CLINIC FOR CHILDHOOD LANGUAGE DISORDERS INC,% JOSEPH L MARTINEZ SUAREZ,PO BOX 362095,SAN JUAN,PR,00936-2095,0000,03,3,1000,200307,1,15,000000000,1,01,202512,2,1,02,0,12,21616,6157,6157,G80,
660585251,CREARTE INC,% MIGUEL UBINAS LAZZARINI,351 CALLE SICILIA,SAN JUAN,PR,00923-1674,0000,03,3,1200,200307,1,15,000000000,1,01,202407,4,6,01,0,07,475403,1815135,1815135,A25,
660585252,BRISAS DE CEIBA CORP,% PEDRO CANALES,8 CALLE SAN JORGE 42 FINAL,CEIBA,PR,00735-0000,0000,03,3,1000,200011,1,15,000000000,1,01,202412,6,4,01,0,12,1770016,476725,476725,L22,
660585256,NEW VISION MINISTRIES OF ST THOMAS,% PASTOR JAMES EUTECE PETTY,220-24 ALTONA & WELBURST,ST THOMAS US,VI,00803-0000,0000,03,3,7000,200201,1,10,000000000,1,01,,0,0,06,0,06,,,,X20,N V M
660585342,SECOND CHANCE ANIMAL RESCUE INC,,HC 1 BOX 3547,VILLALBA,PR,00766-9784,0000,03,3,1000,200512,1,15,000000000,1,01,202512,3,4,01,0,12,72153,232702,232702,D20,
660585390,UAW-ASOCIACION DE EMPLEADOS DE COMEDORES ESCOLARES LOCAL 2396 UAW,% CARMEN DAISY RODRIGUEZ SANTOS,PO BOX 849,CAGUAS,PR,00726-0849,0427,05,9,3000,194106,2,00,263000000,5,01,202512,5,5,01,0,12,515163,915460,915460,,2396 UAW ASOC EMPLEADOS COMEDORES E
660585583,MOVIMIENTO CRISTIANO EL SHADDAI AD,% FRANSICSO QUINONES DAVILA,PO BOX 417,RIO GRANDE,PR,00745-0417,1678,03,9,7000,196408,1,10,001002029,5,01,,0,0,06,0,12,,,,,
660585858,MIRACLE THROUGH THE ROCK MINISTRY & RECONCILIATION IN CHRIST JESUS INC,% ERIC MASSICOT,PO BOX 7694,CHRISTIANSTED ST CRO,VI,00823-7694,0000,03,3,7000,200107,1,10,000000000,1,01,,0,0,06,0,12,,,,X21,
660586195,CABALLEROS CATOLICOS DE MANATI INC,% ANGEL A VEGA VELEZ,PO BOX 33,MANATI,PR,00674-0033,0000,03,3,1700,202604,1,04,000000000,1,01,,0,0,00,1,04,,,,X22,
660586228,HELPING CHILDREN WORK HCW INC,,10310 GROVE PL,KINGSHILL,VI,00850-9951,0000,03,3,1200,202401,1,15,000000000,1,01,202212,4,1,00,0,12,337699,779,779,B90,
660586241,PROYECTO NACER INC,,SANTA ROSA UNIT,BAYAMON,PR,00960-0000,0000,03,3,2000,200209,1,15,000000000,1,01,202512,6,6,01,0,12,4573771,2299208,2299208,P45,
660586357,HOGAR AURORA INC,,5 CALLE JAZMIN,AIBONITO,PR,00705-3346,0000,03,3,1000,200009,1,15,000000000,1,01,202509,6,4,01,0,09,1221038,285587,285587,L20,
660586482,CARIBBEAN GENEALOGY LIBRARY INC,,PO BOX 366,ST THOMAS,VI,00804-0366,0000,03,3,2000,200906,1,15,000000000,1,01,202512,4,3,01,0,12,128133,54547,54547,A80,
660586667,FREDERIKSTED HEALTH CARE INC,% JACQUELYNN RHYMER-GEORGE,PO BOX 1198,FREDERIKSTED,VI,00841-1198,0000,03,3,1000,200103,1,15,000000000,1,01,202412,8,8,01,0,12,18306490,23679510,23679510,E32,
660586708,GUAM NAVAL OFFICERS SPOUSES CONNECTION,,PO BOX 13039,SANTA RITA,GU,96915-3039,0000,07,3,1000,201907,2,00,000000000,5,01,202506,1,1,02,0,06,8360,8038,6034,N50,
660586712,FUNDACION DE ESCLEROSIS MULTIPLE DE PUERTO RICO INC,,100 CARR 165 STE 403,GUAYNABO,PR,00968-8050,0000,03,3,2100,201406,1,15,000000000,1,01,202512,5,5,01,0,12,674367,614621,614621,G50,
660587352,NORTHERN MARIANAS BAR ASSOCIATION,% REBECCA WIGGINS,PO BOX 504539,SAIPAN,MP,96950-4304,0000,06,3,2000,202601,2,00,000000000,1,01,,0,0,02,0,12,,,,I03,
660588071,GOLDEN HOOK FISHING CLUB INC,% GREG J FERGUSON,5000 SOUTHGATE,CHRISTIANSTED,VI,00820-4532,0000,03,3,2000,201407,1,16,000000000,1,01,202412,3,3,02,0,12,62414,42926,11819,N61,
660588177,SOCIEDAD DE MEDICINA NUCLEAR DE PUERTO RICO INC,% EDUARDO A PASCUAL MD,PO BOX 70344,SAN JUAN,PR,00936-8344,0000,06,3,2000,201904,2,00,000000000,1,01,202512,3,4,01,0,12,45080,112269,112269,S41,
660588444,PUERTO RICO ANIMAL WELFARE SOCIETY INC PAWS,% MARGARET TOTH,10228 BO BAJURAS,ISABELA,PR,00662-2128,0000,03,3,1000,200012,1,15,000000000,1,01,202512,0,0,02,0,12,0,0,0,D20,
660588562,IGLESIA EMANUEL ASAMBLEA DE DIOS,,PO BOX 70,ANGELES,PR,00611-0070,1678,03,9,7000,196408,1,10,001002029,5,01,,0,0,06,0,12,,,,,
660589315,FUNDACION POR LA ARQUITECTURA INC,% VICTOR G NIETO VILLALON,225 CALLE DEL PARQUE,SAN JUAN,PR,00912-3247,0000,03,3,1200,202311,1,16,000000000,1,01,202506,6,4,01,0,06,3270886,232490,232490,A20,
660589461,CONFRATERNIDAD DE IGL Y MISIONES MONTE SION,,HC 1 BOX 29030,CAGUAS,PR,00725-8900,1678,03,9,7000,196408,1,10,001002029,5,01,,0,0,06,0,03,,,,,
660589480,METRO EMERGENCY RESPONSE TEAM INC,% EULANDO PINERO,TOA ALTA HGTS 27TH STREET AA46,TOA ALTA,PR,00953-0000,0000,03,3,1000,201203,1,15,000000000,1,01,202506,0,0,02,0,06,0,0,0,M24,
660589866,COLEGIO EVANGELICO DEL NAZARENO INC,% COL EVANGELICO DEL NAZARENO GERMA,PO BOX 69001,HATILLO,PR,00659-6901,0000,03,3,7200,200709,1,11,000000000,1,01,,0,0,13,0,12,,,,B20,
660590214,JASON CARROLL MEMORIAL FUND INC,% JAMES CARROLL III,PO BOX 9811,ST THOMAS,VI,00801-2811,0000,03,3,2000,201111,1,16,000000000,1,01,202512,0,0,02,0,12,0,0,0,B82,
660590761,CENTRO DE CUIDADO DIURNO HABACUC,% WILFREDO CRUZADO ALBI,CARR 109 KM 1 9 POZO HONDO,ANASCO,PR,00610-0000,0000,03,3,1200,200608,1,15,000000000,1,01,202509,6,6,01,0,09,1304428,1365968,1365968,P33,
660591136,CWM INTERNATIONAL INC,% EUCON INTERNATIONAL UNIVERSITY,PO BOX 500087,SAIPAN,MP,96950-0087,0000,03,3,1200,202605,1,11,000000000,1,01,202306,6,4,01,0,06,1514705,463547,463547,B43,EUCON INTERNATIONAL COLLEGE
660591388,ISLAND BAPTIST CHURCH INC,,PO BOX 1176,KINGSHILL,VI,00851-1176,0000,03,3,7000,202011,1,10,000000000,1,01,,0,0,06,0,12,,,,X21,
660591714,CUARTA BETANIA AD,% REV DARWIN RIVERA,C21B JARD CONDADO MODERNO,CAGUAS,PR,00725-0000,1678,03,9,7000,196408,2,10,001002029,5,01,,0,0,06,0,12,,,,,
660591932,ASAMBLEAS DE DIOS,,PO BOX 560759,GUAYANILLA,PR,00656-3759,1678,03,9,7000,196408,1,10,001002029,5,01,,0,0,06,0,12,,,,,
660592098,FORJANDO UN NUEVO COMIENZO CORP,% MORAIMA OYOLA PIZARRO,PO BOX 7886 PMB 312,GUAYNABO,PR,00970-7886,0000,03,3,1000,201606,1,15,000000000,1,01,202509,5,6,01,0,09,560585,1090906,1090906,P20,
660592388,ASOCIACION Y FUNDACION ALUMNI COLEGIAL,% UNIVERSITY OF PUERTO RICO,PO BOX 3214,MAYAGUEZ,PR,00681-3214,0000,03,3,1000,200108,1,15,000000000,1,01,202409,6,3,02,0,09,1004975,46212,46212,B84,
660592499,CHRISTIAN MILITARY ACADEMY INC,,CARRETERA 687 K M 0 7 BO ALGARROBO,VEGA BAJA,PR,00693-0000,0000,03,3,1200,202509,1,11,000000000,1,01,202412,7,7,01,0,12,8309966,6331178,6268526,B20,
660592559,NUESTRA ESCUELA INC,% CALLE GEORGETTI 90B,352 CALLE SAN CLAUDIO,SAN JUAN,PR,00926-4143,0000,03,3,2000,200912,1,11,000000000,1,01,202506,8,7,01,0,06,11471238,8552472,8552472,B25,
660592942,HOSPITAL EPISCOPAL SAN LUCAS INC,% GUILLERMO J MARTIN,PO BOX 336810,PONCE,PR,00733-6810,0000,03,3,1000,200112,1,12,000000000,1,01,202512,0,0,02,0,12,0,0,0,E22,
660593221,IGLESIA EL SHADDAI I INC,% ROBERT N MEDERO FREYTES ET AL,MANSION DEL NORTE C/VILLENAS ND-7,TOA BAJA,PR,00949-0000,1678,03,9,7000,196408,1,10,000000000,5,01,,0,0,06,0,03,,,,,
660593598,ONE STOP CAREER CENTER OF PR INC,% CARMEN G COSME PITRE,COND PLAZA UNIVERSIDAD 2000,SAN JUAN,PR,00925-0000,0000,03,3,1000,200206,1,15,000000000,1,01,202512,6,6,01,0,12,3296013,4274983,4274983,B90,
660593862,IGLESIA LA ROCA INCONMOVIBLE INC,% EDWARD HERNANDEZ HERNANDEZ,PO BOX 437,AGUADA,PR,00602-0437,1678,03,9,7000,196408,1,10,001002029,5,01,,0,0,06,0,03,,,,,
660593906,CENTRO PRO VIDA INDEPENDIENTE INC,% LUIS J IRIZARRY MELENDEZ,PO BOX 331903,PONCE,PR,00733-1903,0000,03,3,1200,200111,1,15,000000000,1,01,202509,3,4,01,0,09,60902,393487,393487,P20,
660594469,EXTRA BASES INC,% CARLOS DELGADO HERNANDEZ,PO BOX 4996,AGUADILLA,PR,00605-4996,0000,03,3,2100,200111,1,16,000000000,1,01,202506,5,4,01,0,06,594640,416099,313465,N40,
660594586,HARVEST VISION CHURCH INC,,PO BOX 5505,PAGO PAGO,AS,96799-5505,0000,03,3,7000,200701,1,10,000000000,1,01,,0,0,06,0,12,,,,X20,
660595737,ST CROIX ARCHAEOLOGICAL SOCIETY INC,% DAVID HAYES,PO BOX 25291,CHRISTIANSTED,VI,00824-1291,0000,03,3,1000,200201,1,15,000000000,1,01,202312,0,0,02,0,12,0,0,0,A54,
660596893,VIRGIN ISLAND INTERNATIONAL ISLAMIC SOCIETY INC,% MOHAMMAD YASIN,PO BOX 659 KINGSHILL,ST CROIX,VI,00851-0000,0000,03,3,7000,200108,1,10,000000000,1,01,202212,6,4,06,0,12,1972219,231096,231096,X40,
660597473,DANZACTIVA INC,% YRSA DAVILA,PO BOX 9021244,SAN JUAN,PR,00902-1244,0000,03,3,2000,200312,1,15,000000000,1,01,202412,3,4,01,0,12,96755,112993,112993,A62,
660597488,FUNDACION PEDIATRICA DE DIABETES INC,% MARIANA BENITEZ,100 AVE SAN PATRICIO STE 204,GUAYNABO,PR,00968-2626,0000,03,3,2100,200705,1,15,000000000,1,01,202506,5,4,01,0,06,630205,491427,491427,G80,
660597548,MEETING THE NEEDS OF OUR COMMUNITY INC,% DAN A DERIMA,PO BOX 306816,ST THOMAS,VI,00803-6816,0000,03,3,1000,200306,1,15,000000000,1,01,202512,6,7,01,0,12,1477857,8740253,8740253,L41,MTOC
660598283,HOGAR ELIZABETH JARDIN DEL EDEN,% ELIZABETH GARCIA SOTO,PO BOX 4251,BAYAMON,PR,00958-1251,0000,03,3,1000,202211,1,04,000000000,1,01,202402,4,4,00,1,02,222725,473240,,E92,
660598639,IGLESIA CRISTIANA ECOS DE VIDA INC,% ANTONIO RIVERA ROMAN,HC 3 BOX 14741,YAUCO,PR,00698-9659,1678,03,9,7000,196408,1,10,001002029,5,01,,0,0,06,0,12,,,,,
660598650,CORPORACION G D & E ORFEON SAN JUAN BAUTISTA,% DANIEL TAPIA-SANTIAGO,COND LOS CANTIZALES I APT 3F,SAN JUAN,PR,00926-0000,0000,03,3,1200,202108,1,15,000000000,1,01,202512,2,4,01,0,12,11165,129795,129795,A68,OREFON SAN JUAN BAUTISTA
660598754,CENTRAL DE DESARROLLO EDUCATIVO DEPORTIVO INC,% EDGARD GONZALEZ LUGO,PO BOX 1810,MOCA,PR,00676-1810,0000,03,3,1000,200306,1,16,000000000,1,01,202412,5,6,01,0,12,916096,1455522,1455522,P33,
660598914,PRIMERA IGLESIA ASAMBLEA DE DIOS EN AIBONITO PUERTO RICO INCORPORADA,% ANDREW GUTIERREZ RIVERA,PO BOX 1064,AIBONITO,PR,00705-1064,1678,03,9,7000,196408,1,10,001002029,5,01,,0,0,06,0,03,,,,,
660599647,TITI HILDAS DAY CARE,% TITI HILDAS DAY CARE INC,PO BOX 9294,CAROLINA,PR,00988-9294,0000,03,3,1000,201206,1,16,000000000,1,01,,3,4,00,0,09,,,,P33,
660600037,REGALOS DE AMOR INC,% DAMASO CANDELARIO VELEZ,PO BOX 399,HORMIGUEROS,PR,00660-0399,0000,03,3,1000,200507,1,15,000000000,1,01,202509,4,4,01,0,09,131591,484696,484696,P33,
660600155,INSTITUCION DE ENVEJECIENTES HOGAR DULCE HOGAR INC,% DORA J ROMAN,PO BOX 8244,BAYAMON,PR,00960-8244,0000,03,3,1000,202001,1,16,000000000,1,01,202306,4,4,01,0,06,109890,386573,386573,P70,
660600186,PUERTO RICO FARM CREDIT FLCA,% BRUCE M HOFFMAN,PO BOX 363649,SAN JUAN,PR,00936-3649,0000,01,3,1000,200202,2,00,000000000,1,01,,0,0,07,0,12,,,,W22,
660600202,HACIENDA DORADA BETHEL INC,% WANDA ROLON,PO BOX 24,TOA ALTA,PR,00954-9903,0000,03,3,7000,200307,1,15,000000000,1,01,,0,0,13,0,12,,,,L22,
660600582,RESCATANDO A TRAVES DEL DEPORTE,,URB COUNTRY CLUB CEIDER,SAN JUAN,PR,00924-0000,0000,03,3,1000,201408,1,16,000000000,1,01,202506,0,0,02,0,06,0,0,0,N99,
660600897,PALMAS COMMUNITY CHURCH,,295 PALMAS INN WAY STE PMB 347,HUMACAO,PR,00791-6181,0000,03,3,7000,201502,1,10,000000000,1,01,,0,0,06,0,12,,,,X20,
660601114,CENTRO CULTURAL CARMEN SOLA DE PERE IRA DE PONCE,,70 CALLE CRISTINA,PONCE,PR,00730-3745,0000,03,3,1200,202506,1,15,000000000,1,01,202512,0,0,02,0,12,0,0,0,A23,
660601289,G WORKS INC,% MANUEL GUZMAN,URB TORREMOLINOS A13 CALLE MARGINAL,GUAYNABO,PR,00969-0000,0000,03,3,2000,200302,1,16,000000000,1,01,202512,2,0,02,0,12,24509,0,0,C03,
660601485,LOVE CITY PAN DRAGONS AND BABY DRAGONS YOUTH STEEL ORCHESTRA,% ELAINE C PENN,PO BOX 1537,ST JOHN,VI,00831-1537,0000,03,3,1200,200403,1,15,000000000,1,01,202512,3,3,01,0,12,97657,80596,79283,A6C,
660601486,HELPING OTHERS IN A POSITIVE ENVIRONMENT,% IVY MOSES,PO BOX 7506,ST THOMAS,VI,00801-0506,0000,03,3,1000,200207,1,15,000000000,1,01,202512,0,0,02,0,12,0,0,0,E86,
660601885,ELFARO DE LOS ANIMALES,% NANCY MADDEN,CARR 910 FINAL BARRIO CATANO,PUNTA SANTIAGO,PR,00741-0000,0000,03,3,4000,200503,1,15,000000000,1,01,202412,5,4,01,0,12,546884,355982,355982,D20,
660603258,COALICION APOYO CONTINUO A PERSONAS SIR HOGAR S J,% VIVIAN CAMACHO,PO BOX 194590,SAN JUAN,PR,00919-4590,0000,03,3,1000,201909,1,15,000000000,1,01,202412,4,5,01,0,12,314343,815070,815070,L41,
660603536,ATENEO DE PONCE PUERTO RICO INC,,PO BOX 32144,PONCE,PR,00732-2144,0000,03,3,1230,202203,1,16,000000000,1,01,202512,0,0,02,0,12,0,0,0,A20,
660603619,MONASTERIO SANTA CLARA DE PUERTO RICO HERNANAS C ARISAS,,PO BOX 884,AGUAS BUENAS,PR,00703-0884,0000,03,3,7000,201407,1,10,000000000,1,01,,0,0,06,0,12,,,,X22,PERALTA MARIA D SILVA
660604319,CENTRO DE SERVICIOS MARIA DE LOS ANGELES INC,% CARMEN ABRIL SAN MIGUEL,100 GRAND PASEO BLVD STE 112,SAN JUAN,PR,00926-5955,0000,03,3,1000,200208,1,15,000000000,1,01,202312,4,4,01,0,12,201288,186965,186965,P33,
660604382,EL CORREDOR TECNO ECONOMICO DE PUERTO RICO Y EL CARIBE,% EL CORREDOR TECNO ECONOMICO DE PU,738 TURABO QUINTAS DE MONTERIO,MAYAGUEZ,PR,00680-0000,0000,03,3,1000,200609,1,15,000000000,1,01,202506,6,6,01,0,06,2555069,2265102,2265102,S30,
660604466,RAMEY AIR FORCE BASE HISTORICAL ASSOCIATION CORP,% ELTON LANIER,136 CALLE N URB,RAMEY AGUADILLA,PR,00603-0000,0000,03,3,1000,200203,1,15,000000000,1,01,202512,0,0,02,0,12,0,0,0,A54,
660604909,CENTRO ARARAT INC,% CARLOS CARRERO,PO BOX 7793,PONCE,PR,00732-7793,0000,03,3,1000,202205,1,16,000000000,1,01,202412,8,8,01,0,12,15583157,33159440,33159440,E32,
660605631,LEGACY RE LTD,,ROAD TOWN TORTOLA,BRITISH VIRGIN ISLANDS,,00000-0000,0000,15,3,1000,200503,2,00,000000000,1,01,,5,6,00,0,12,,,,Y23,
660606381,CENTRO-PRESBITERIANO DE SERVICIOS A LA COMUNIDAD INC,% CEPRESCO,URB CAPARRA TERRACE 727 ESCORIAL,SAN JUAN,PR,00920-0000,0000,03,3,1000,201604,1,15,000000000,1,01,202512,0,0,02,0,12,0,0,0,P81,
660606382,CASA DE ADORACION Y RESTAURACION EL OLAM,% ANTONIO I RIVERA SOLA,178 CALLE CEDRO,MOCA,PR,00676-4212,1678,03,9,7000,196408,1,10,001002029,5,01,,0,0,06,0,03,,,,,
660607020,NINOS DE NUEVA ESPERANZA INC,% RAUL HERNANDEZ,PO BOX 89,SABANA SECA,PR,00952-0089,0000,03,3,1200,200701,1,16,000000000,1,01,202412,5,5,01,0,12,984173,603785,599604,P40,
660607475,MINISTERIO DE MISERICORDIA LA MANO DEL AMIGO INC,% MADELINE RODRIGUEZ ACOSTA,PO BOX 427,SABANA GRANDE,PR,00637-0427,0000,03,3,1270,200304,1,11,000000000,1,01,,0,0,13,0,12,,,,B20,
660607555,IGL TABERNACULO DE AMOR,,CALLE 6 A-11 RES CAMPO VERDE,BAYAMON,PR,00961-0000,1678,03,9,7000,196408,1,10,001002029,5,01,,0,0,06,0,12,,,,,
660607569,ACUEDUCTO RURAL PALMARITO CINTRON INC,% REINA M CINTRON,HC 6 BOX 14924,COROZAL,PR,00783-7861,0000,03,3,1000,202201,1,16,000000000,1,01,202512,0,0,02,0,12,0,0,0,W80,
660607966,IGLESIA MISIONERA CASA RESTAURACION,,E9 CALLE PALOMA,VEGA BAJA,PR,00949-3460,2046,03,9,7000,196911,1,10,001000000,5,01,,0,0,06,0,12,,,,,
660608207,CENTRO DE CUIDADO DIURNO ARULLO MATERNAL INC,,PO BOX 1347,OROCOVIS,PR,00720-1347,0000,03,3,1000,202109,1,16,000000000,1,01,202412,5,5,01,0,12,554934,641584,641584,B21,
660608222,HARMONIC LODGE INC,% KENNETH ARTHUR,PO BOX 1626,ST THOMAS,VI,00804-1626,0000,10,3,1000,201206,1,00,000000000,1,01,202512,0,0,02,0,12,0,0,0,Y42,
660608240,IGLESIA DE RESTAURACION CASA DE ADORACION Y DE PAN INC,,40 CALLE DIAMANTE,PONCE,PR,00730-2935,0000,03,3,7000,200307,1,10,000000000,1,01,,0,0,06,0,12,,,,X21,
660608453,MINISTERIO EVANGELISMO Y RESTAURACION CIUDAD DEL GRAN REY I,% ROSA M ESMURRIA DIAZ,PO BOX 225,JUANA DIAZ,PR,00795-0225,0000,03,3,7210,200302,1,10,000000000,1,01,,0,0,06,0,12,,,,X20,
660608458,IGLESIA CRISTIANA CIUDAD DEL GRAN REY EN YAUCO INC,,PO BOX 225,JUANA DIAZ,PR,00795-0225,0000,03,3,1700,202604,1,10,000000000,1,01,,0,0,06,0,12,,,,X20,
660608512,COMITE DESARROLLO SOCIAL Y CULTURAL DAGUAO INC,% ANGEL COLON MENDEZ,PO BOX 200,NAGUABO,PR,00718-0200,0000,03,3,1000,201012,1,15,000000000,1,01,202412,5,3,01,0,12,505793,80512,80512,S20,
660608873,CIRCULO HISTORICO-CULTURAL DE CAMUY INC,% AMALIA ARROYO QUIJANO,5 CALLE ESTRELLA N,CAMUY,PR,00627-2602,0000,03,3,2300,202411,1,15,000000000,1,01,202512,4,4,01,0,12,392543,194409,194409,A99,
660608987,CASTILLO DE ANGELES INC,% 262A CALLE A,262A CALLE A,CANOVANAS,PR,00729-2744,0000,03,3,1200,200609,1,16,000000000,1,01,202312,4,5,01,0,12,340071,724437,724437,P33,
660609250,B B BHAGAVAT INSTITUTE FOR BHAKTHI YOGA INC,% UPENDRA DASS,PO BOX 37525,SAN JUAN,PR,00937-0525,0000,03,3,7100,200904,1,10,000000000,1,01,,0,0,06,0,12,,,,X70,
660609695,MAHOGNY FOR THE FUTURE INC,% SHEILA WARD,PO BOX 21072,SAN JUAN,PR,00928-1072,0000,03,3,1000,200408,1,15,000000000,1,01,202512,0,0,02,0,12,0,0,0,Q12,
660609857,VIRGIN ISLANDS PERRINATAL,% EURKRES RALLINGS,PO BOX 698,CHRISTIANSTED,VI,00821-0698,0000,03,3,2000,200303,1,15,000000000,1,01,202409,6,5,01,0,09,1264423,621781,621781,E40,
660609937,PRIMERA IGLESIA BAUTISTA OF ST CROIX INC,% RAFAEL PADILLA,PO BOX 3029,ST CROIX,VI,00851-3029,0000,03,3,7000,200208,1,10,000000000,1,01,,0,0,06,0,12,,,,X21,
660610484,GUAM SAILING FEDERATION,% GUAM SAILING FOUNDATION,PO BOX 2297,HAGATNA,GU,96932-2297,0000,03,3,1000,201511,1,16,000000000,1,01,202412,0,0,02,0,12,0,0,0,N60,
660610720,IGLESIA UNITY DORADO INC,% ANA M CHAPIRRO,178 CALLE NORTE,DORADO,PR,00646-2739,2062,03,9,2700,197002,1,10,059029000,5,01,,0,0,06,0,12,,,,,
660611508,CENTRO CRISTIANO HOSANA INC,,PO BOX 71325,SAN JUAN,PR,00936-8425,2046,03,9,7000,196911,1,10,001000000,5,01,,0,0,06,0,12,,,,,
660611753,PRIMERA IGLESIA BAUTISTA SAN LORENZO,,PO BOX 13,SAN LORENZO,PR,00754-0013,3125,03,9,7000,195504,1,10,001000000,5,01,,0,0,06,0,12,,,,,6158
660612360,PACIFIC ISLAND MINISTRIES,% CRISOL M BENA,PO BOX 5258,PAGO PAGO,AS,96799-5258,0000,03,3,7000,200206,1,10,000000000,1,01,,0,0,06,0,12,,,,X21,
660612816,ALIANZA DE MUSEOS DE PUERTO RICO,% MARIANNE RAMIREZ-APONTE MBR,PO BOX 362377,SAN JUAN,PR,00936-2377,0000,03,3,2000,202207,1,15,000000000,1,01,202412,5,5,01,0,12,507660,525999,525999,A90,
660612951,IGLESIA PABELLON DE LA VICTORIA EN PONCE,% CARLOS AUGUSTO MARTINEZ ALDEBOL,PO BOX 7425,PONCE,PR,00732-7425,0000,03,3,7000,196911,1,10,001000000,1,01,,0,0,06,0,12,,,,X20,
660613185,OASIS EMPOWERMENT CENTER,% ROBERT J ZIMMERMAN,PO BOX 26627,BARRIGADA,GU,96921-6627,0000,03,3,7000,200306,1,10,000000000,1,01,,1,3,06,0,12,,,,X21,
660613448,GOSPEL LIGHT BAPTIST CHURCH,% PASTOR DIOMEDES LENON,PO BOX 7773,SAIPAN,MP,96950-7773,0000,03,3,7000,200309,1,10,000000000,1,01,,0,0,06,0,12,,,,X21,
660613484,CDT GMSP INC,% EDUARDO SOTOMAYOR,B7 CALLE SANTA CRUZ,BAYAMON,PR,00961-6902,0000,03,3,1000,202405,1,12,000000000,1,01,202412,6,7,01,0,12,3493380,7213303,7213303,E30,
660613494,IGLESIA PENTECOSTAL MANANTIAL DE VIDA AD,% PEDRO MARRERO LEBRON,PO BOX 9288,HUMACAO,PR,00792-9288,1678,03,9,7000,196408,1,10,001002029,5,01,,0,0,06,0,12,,,,,
660613682,BEAUTIFUL UNITED CHURCH,% CHIN E NO,PO BOX 22317,BARRIGADA,GU,96921-2317,0000,03,3,7000,200705,1,10,000000000,1,01,,0,0,06,0,12,,,,X20,
660615297,COLEGIO SANTIAGO APOSTOL,% COLEGIO SANTIAGO APOSTOL,PO BOX 888,FAJARDO,PR,00738-0888,0000,03,3,7000,201407,1,10,000000000,1,01,,0,0,06,0,07,,,,X70,COLEGIO CATOLICO SANTIAGO APOSTOL
660616261,ST CROIX TENNIS FOUNDATION INC,% DON DEWILDE,PO BOX 24482,CHRISTIANSTED,VI,00824-0482,0000,03,3,1000,200303,1,15,000000000,1,01,202512,0,0,02,0,12,0,0,0,,
660617022,ALTRUSA INTERNACIONAL DE CABO ROJO PR INC,,101 CALLE BARBOSA ESQ JOSE DE DIEGO,CABO ROJO,PR,00623-0000,0000,03,3,1000,201904,1,16,000000000,1,01,202505,0,0,02,0,05,0,0,0,P20,RUTH CARLO MARALES
660617063,CENTRO DE ADORACION ABRIENDO ALTURAS DE RIO GRANDE,,CALL BOX 43002 STE 255,RIO GRANDE,PR,00745-0000,2046,03,9,7000,196911,1,10,000000000,5,01,,0,0,06,0,12,,,,,
660617445,IEM JESUS EL CAMINO,,URB EL CORTIJO EE 17 CALLE 8A,BAYAMON,PR,00956-0000,2046,03,9,7000,196911,1,10,001000000,5,01,,0,0,06,0,12,,,,,
660618348,CONGREGACION CRISTIANA DE LOS TESTIGOS DE JEHOVA DE PUERTO RICO,% EDWARD M BUNN JR,PO BOX 3980,GUAYNABO,PR,00970-3980,0000,03,3,7000,200511,1,10,000000000,1,01,201108,0,0,06,0,08,,,,X21,
660618350,CENTRO DE SERVICIOS MANANTIAL DE VIDA INC,% HECTOR L RAMOS VEGA,EL TUQUE 2008 CALLE 25 DE JULIO,PONCE,PR,00728-0000,0000,03,3,1200,202109,1,04,000000000,1,01,202512,1,1,00,1,12,1,1,,S99,
660618401,HEAVENLY KIDS INC,,PO BOX 7560,PONCE,PR,00732-7560,0000,03,3,1000,200808,1,15,000000000,1,01,202506,5,5,01,0,06,714111,858767,858767,P33,
660618500,ASOCIACION MISIONERA DE IGLESIAS PENTECOSTALES,,PO BOX 193610,SAN JUAN,PR,00919-3610,0000,03,3,7000,201402,1,10,000000000,1,01,,0,0,06,0,12,,,,X21,
660618865,TAMBORICUA INC,% ELIA CORTES,PO BOX 1956,CAROLINA,PR,00984-1956,0000,03,3,2000,202512,1,16,000000000,1,01,,0,0,01,0,12,,,,A20,TALLER TAMBORICUA
660619195,COMITE COMUNAL DE CORCOVADA INC,% REYNALDO GONZALEZ,RR 4 BOX 16013,ANASCO,PR,00610-9577,0000,03,3,1000,202002,1,15,000000000,1,01,202412,4,3,01,0,12,315603,82146,82146,P20,
660619216,VISION CELESTIAL PENTECOSTAL,% FRANCISCO CRUZ RIVERA,PO BOX 10018,GUAYAMA,PR,00785-4018,1678,03,9,7000,196408,1,10,001002029,5,01,,0,0,06,0,12,,,,,
660619221,LEGION AMERICANA PUESTO67RINCON INC,% CARLOS BONET,9 CALLE NUEVA,RINCON,PR,00677-2208,0000,03,3,1000,201808,1,16,000000000,1,01,202512,2,2,02,0,12,18190,20680,20680,M20,
660619314,IGLESIA WESLEYANA DE MAMEYAL,% CARLOS A RIVERA BENITEZ,HC 33 BOX 5196,DORADO,PR,00646-9604,2079,03,9,7200,197005,1,10,601030000,5,01,,0,0,06,0,06,,,,,
660619492,MANATIAL DE BENDICION,,PO BOX 856,ADJUNTAS,PR,00601-0856,1678,03,9,7000,196408,1,10,001002029,5,01,,0,0,06,0,03,,,,,
660619555,FREDERICKSTED WESLEYAN WHC,% LORENZE DAVIS,PO BOX 12,FREDERIKSTED,VI,00841-0012,2079,03,9,7200,197005,1,10,601030000,5,01,,0,0,06,0,06,,,,X20,
660619675,FUNDACION HECHOS DE AMOR INC,% IVETTE SEPULVEDA,COND MADRESELVA I7 C EBANO APT 801,GUAYNABO,PR,00968-0000,0000,03,3,1000,201401,1,15,000000000,1,01,202512,0,0,02,0,12,0,0,0,P20,MINISTERIOS HECHO DE AMOR INC
660620258,IGLESIA CRISTIANA EMMANUEL INC,% SANTOS RODRIGUEZ SELLAS,20 AVE LUIS MUNOZ MARIN PMB 251 UVB,CAGUAS,PR,00725-0000,0000,03,3,7000,202601,1,10,000000000,1,01,,0,0,06,0,12,,,,X20,
660620472,GOLDEN HARVEST INTERNATIONAL SCHOOL INC,% SUSAN DEBLOIS,PO BOX 505704,SAIPAN,MP,96950-4324,0000,03,3,2100,200401,1,11,000000000,1,01,202412,6,6,01,0,12,1007737,1141661,1141661,B20,
660620606,ASOCIACION PRO CUIDADANOS CON IMPEDIMENTOS DE SABANA GRANDE INC,% ANGELA RAMOS MENDEZ,PO BOX 1378,SABANA GRANDE,PR,00637-1378,0000,03,3,1000,201407,1,15,000000000,1,01,202506,4,4,01,0,06,175182,226409,226409,E80,
660620732,TERCERA MANANTIAL DE VIDA,% JULIA J IRIZARRY SANTIAGO,PO BOX 334432,PONCE,PR,00733-4432,1678,03,9,7000,196408,1,10,001002029,5,01,,0,0,06,0,12,,,,,
660620871,TRES DIAS OF GERMANY,% WILLIAM GREENE,APO AE 09263,GERMANY,,00000-0000,0000,03,3,1270,201302,1,15,000000000,5,01,202512,0,0,02,0,12,0,0,0,X21,
660621379,ASSOCIATION OF CIVILIAN TECHNICIANS INC,% ROBERTO HERNANDEZ,902 CALLE FORDHAM,SAN JUAN,PR,00927-4817,3990,05,9,3000,200307,0,00,000000000,5,01,202512,0,0,02,0,12,0,0,0,J40,119 PUERTO RICO ARMY CHAPTER
660621500,CASA DORADA INC,% DR ERNESTO RODRIGUEZ,MARINA ST ESQ JOBOS 2709,PONCE,PR,00717-0000,0000,03,3,1000,200305,1,16,000000000,1,01,202309,6,4,01,0,09,3041541,462685,462685,L22,
660621939,BANDA COMUNITARIA DE SAN SEBASTIAN INC,% GUALBERTO AYMAT,A-32 - CALLE 5URBANIZACIN VENTURINI,SAN SEBASTIAN,PR,00685-0000,0000,03,3,2000,200611,1,11,000000000,1,01,202512,0,0,02,0,12,0,0,0,B30,
660621944,N L RESORT INC,% MONA L BARNES,10540 BARREN SPOT APT 1,KINGSHILL,VI,00850-9636,0000,03,3,1000,201510,1,15,000000000,1,01,202412,6,4,01,0,12,2103284,255800,255800,L22,
660622450,SALUD CENTRO CORP,% LIND CLAUDIO,PO BOX 6412,SAN JUAN,PR,00914-6412,0000,03,3,2000,201001,1,04,000000000,1,01,202512,3,1,00,1,12,66228,58,,E70,IVELISSE CASILLA FELICIANO
660622734,ALQUIMIA CORP,% ALBA N DIAZ,URB ROOSEVELT 313,SAN JUAN,PR,00918-0000,0000,03,3,1200,201910,1,03,000000000,1,01,202412,3,3,00,1,12,29994,33311,,A25,
660623658,INSTITUTO ACUPUNCTURA DEL CARIBE CORP,% IDEA,URB VILLA FONTANA A L-5 VIA ELENA,CAROLINA,PR,00983-0000,0000,03,3,1000,200602,1,15,000000000,1,01,202506,0,0,02,0,06,0,0,0,P20,
660624013,WASHBURN SCHOOL INC,% MYRNA LLULL QUILES,PO BOX 801111,COTO LAUREL,PR,00780-1111,0000,03,3,2000,201910,1,11,000000000,1,01,202412,6,6,01,0,12,1092737,1361025,1361025,B20,
660624078,IGLESIA DE DIOS REFUGIO DE SALVACION,,PO BOX 1456,RIO GRANDE,PR,00745-1456,2046,03,9,7000,196911,1,10,001000000,5,01,,0,0,06,0,12,,,,,
660625525,PROYECTO ACTIVATE INC,% PEDRO E MIRANDA TORRES,PO BOX 801,DORADO,PR,00646-0801,0000,03,3,1200,201809,1,15,000000000,1,01,202512,0,0,02,0,12,0,0,0,F30,
660626618,MIDLAND WESLEYAN HOLINESS CHURCH,% ALSENDER WILLIAMS,PO BOX 4280 KINGS HILL,ST CROIX,VI,00851-0000,2079,03,9,7200,197005,1,10,601030000,5,01,,0,0,06,0,06,,,,,
660626629,IGL CRISTIANA JUAN 3 16,% DAVID DE JESUS,PO BOX 10015,PONCE,PR,00732-0015,1678,03,9,7000,196408,1,10,001002029,5,01,,0,0,06,0,12,,,,,3-16 IGL CRISTIANA JUAN
660626805,CLUB ROTARIOS DE DORADO INC,% ALFREDO G CASTILLO,PO BOX 1639,DORADO,PR,00646-1639,0000,04,3,3000,201410,2,00,520349200,1,01,202512,2,2,02,0,12,13808,17318,17318,S80,DORADO PR ROTARY CLUB
660627603,INTERNATIONAL CHURCH OF THE FOUR SQUARE GOSPEL,% GLENN BURRIS JR,5019 COTTON VALLEY SHRS,CHRISTIANSTED,VI,00820-4541,1061,03,9,7000,194910,1,10,325059927,5,01,,0,0,06,0,12,,,,,CHRISTIANSTED
660628085,VETERANS CRICKET CLUB INC,% GEORGE G E MATTHEW,CHRISTIANSTED VI 00822,BRITISH VIRGIN ISLANDS,,00000-0000,0000,03,3,1000,202209,1,16,000000000,1,01,202412,0,0,02,0,12,0,0,0,N60,
660628174,PRIMERA IGLESIA ASAMBLEAS DE DIOS,% LUIS A RIVERA VELEZ,URB VILLA AIDA A9 CALLE 1,CABO ROJO,PR,00623-0000,1678,03,9,7000,196408,1,10,001002029,5,01,,0,0,06,0,12,,,,,
660628831,CAMARA DE MERCADEO INDUSTRIA Y DISTRIBUCION DE ALINENDOS INC,% JULIO E TORRES,90 CARR 165 STE 501,GUAYNABO,PR,00968-8067,0000,06,3,1000,201302,2,00,000000000,1,01,202503,7,6,01,0,03,7816536,3144602,3144602,S46,MIDA
660629232,CORPORACION LIGA PUERTORRIQUENA DE IMPROVISACION TEATRAL,,NN47 CALLE 32,BAYAMON,PR,00956-4764,0000,03,3,2000,202309,1,04,000000000,1,01,,0,0,00,1,01,,,,,
660629472,ST CROIX MISSION OUTREACH INC,% MICHAEL MASTERS,PO BOX 223555,CHRISTIANSTED,VI,00822-3555,0000,03,3,1200,201604,1,15,000000000,1,01,202412,2,4,01,0,12,11246,281266,281266,P80,
660629715,AMERICAN SAMOA SWIMMING ASSOCIATION,% ERIKA RADEWAGEN,PO BOX 3298,PAGO PAGO,AS,96799-3298,0000,03,3,2000,201202,1,16,000000000,1,01,202512,0,0,02,0,12,0,0,0,N67,
660629768,DISTRITO CARIBE DE CONSERVACION DE SUELOS,% HECTOR I APONTE SANTIAGO,PLAZA JUANA DIAZ SUITE B19,JUANA DIAZ,PR,00795-0000,0000,03,3,1800,202205,1,15,000000000,1,01,202412,0,0,02,0,12,0,0,0,C30,
660630488,FONDO PERMANENTE PARA LA ADMINISTRACION OPERACION Y,,SECTOR RABO DEL BUEY PR-712 KM,SALINAS,PR,00751-0000,0000,03,3,1200,202107,1,16,000000000,2,01,202412,8,8,01,0,12,25210309,10680318,10680318,N40,
660630634,INICIATIVA TECNOLOGICA CENTRO ORIENTAL INC,% OSCAR JIMENEZ,15 CALLE BALDORIOTY,CAGUAS,PR,00725-3507,0000,03,3,2000,200409,1,15,000000000,1,01,,6,6,14,0,06,,,,J20,INTECO
660630783,ARMONIA INTEGRAL INC,% LIS M MILLAND TORRES,200 AVE LOS CHALETS APT L423,SAN JUAN,PR,00926-4460,0000,03,3,1000,202511,1,16,000000000,1,01,202512,3,3,01,0,12,69727,87996,87996,F60,
660631110,ECLECTICO INTERNATIONAL INC,% ORLANDO GONZALEZ,CALLE 15 H 14 JARDINES DE CAPARRA,BAYAMON,PR,00959-0000,0000,03,3,1000,201407,1,15,000000000,1,01,202512,0,0,02,0,12,0,0,0,A60,
660631215,SPIRITUALITY OF INTERNATIONAL MISSION TRAINING CENTER,% MR JOON SIK LIM,PO BOX 505236,SAIPAN,MP,96950-4316,0000,03,3,7100,200709,1,10,000000000,1,01,,0,0,06,0,12,,,,X21,
660631291,MINISTERIO DE ACCION SOCIAL CINERET INC,,PO BOX 101,HUMACAO,PR,00792-0101,0000,03,3,1000,202606,1,15,000000000,1,01,,0,0,02,0,12,,,,P85,
660631326,THE GUAYNABO METROPOLITAN DETENTION CENTER EMPLOYEES CLUB,,PO BOX 2008,CATANO,PR,00963-2008,0000,04,3,1000,200407,2,00,000000000,1,01,202512,0,0,02,0,12,0,0,0,N20,
660631394,BRIGHTSPARK INC,% JANIS M VALMOND,PO BOX 7969,CHRISTIANSTED,VI,00823-7969,0000,03,3,1000,200510,1,15,000000000,1,01,202512,0,0,02,0,12,0,0,0,A20,
660631697,FONDO DE INVERSION Y DESARROLLO COOPERATIVE INC,% IRMA HILERIC ARROYO,400 AVE AMERICO MIRANDA SUITE 302,SAN JUAN,PR,00927-5142,0000,03,3,1000,202311,1,15,000000000,1,01,202512,8,6,01,0,12,46219272,3699825,3699825,S30,
660631865,MERCY ACTION MARIANAS LTD,% SR MARY CABRINI TAITANO RSM PRESI,211 SAN VITORES ST PEREZVILLE,TAMUNING,GU,96913-0000,0928,03,9,1700,194603,1,10,031150120,5,01,,0,0,06,0,06,,,,,
660632368,ROTARY INTERNATIONAL,% MARK GRIMES,PO BOX 7625,ST THOMAS,VI,00801-0625,0573,04,9,3000,194209,2,00,520349200,1,01,202506,0,0,02,0,06,0,0,0,,ROTARY CLUB ST THOMAS SUNRISE
660634150,APOSTOLIC FAITH MISSION INC,% MICHAEL U ANTHONY,PO BOX 305101,ST THOMAS,VI,00803-5101,0000,03,3,7000,201611,1,10,000000000,1,01,,0,0,06,0,12,,,,X20,
660635464,COALICION DE COALICIONES PRO PERSONAS SIN HOGAR DE PUERTO RICO,% COALICION DE COALICIONES,606 AVE TITO CASTRO STE 201B,PONCE,PR,00716-0210,0000,03,3,1000,201403,1,15,000000000,1,01,202412,6,6,01,0,12,1814336,2001397,2001397,P85,
660636699,IGL EL SHADDAI AD,,HC 1 BOX 5895,GUAYNABO,PR,00971-9531,1678,03,9,7000,196408,1,10,001002029,5,01,,0,0,06,0,12,,,,,URB MIRAFLORES
660636769,INTERNATIONAL UNION UNITED AUTO AER OSPACE & AGRICULTURAL WORKERS OF A,,3100 CARR 190 STE 201,CAROLINA,PR,00983-1983,0427,05,9,3000,194106,2,00,263000000,5,01,202512,0,0,02,0,12,0,0,0,,UAW LOCAL 3003
660637093,IGLESIA AD JOSUE 1 9,,PO BOS 1181,PENUELAS,PR,00624-0000,1678,03,9,7000,196408,1,10,001002029,5,01,,0,0,06,0,03,,,,,
660637108,BELLAS ARTES DE CAGUAS CORP,% WILLIAM MIRANDA MARIN,PMB 322 BOX 4956,CAGUAS,PR,00725-0000,0000,03,3,1000,202105,1,16,000000000,1,01,202506,6,6,01,0,06,2199353,2136835,2136835,A61,
660637349,CASITA MONTESSORI DE MAYAGUEZ INC,,PO BOX 414,MAYAGUEZ,PR,00681-0414,0000,03,3,2000,201906,1,11,000000000,1,01,202506,4,5,01,0,06,181832,562981,562981,B24,
660637350,AMERICAN LEGION POST 150,% PEDRO L CORUJO,PO BOX 250322,AGUADILLA,PR,00604-0322,0925,19,9,1000,194603,1,00,907908000,5,01,202512,0,0,02,0,12,0,0,0,,
660637597,CENTRO CULTURAL FRANCISCO MARIANO QUINONES,% YANILA NAVARRO,PO BOX 1370,SAN GERMAN,PR,00683-1370,0000,03,3,2300,202405,1,16,000000000,1,01,,0,0,02,0,12,,,,A20,
660637620,CORAL BAY COMMUNITY COUNCIL,,9901 EMMAUS,ST JOHN,VI,00830-9587,0000,03,3,1200,200404,1,15,000000000,1,01,202412,4,4,01,0,12,106501,434239,434239,C30,
660637989,ST CROIX EDUCATION INITIATIVE INC,% JOHN HEBERT,54 EST RIV,KINGSHILL,VI,00850-9846,0000,03,3,2000,200908,1,15,000000000,1,01,202512,0,0,02,0,12,0,0,0,N63,
660637992,MARIA ARTERO CATHOLIC PRESCHOOL AND REGIONAL TREASURER,% REGIONAL TREASURER,161A SUNSET DR,AGANA HEIGHTS,GU,96910-6451,0928,03,9,2700,194603,1,11,031150120,5,01,,0,0,13,0,12,,,,,
660638088,KINGDOM MANNA LIFE INTERNATIONAL MINISTRIES INC,% JOSEPH J WALKER,PO BOX 7924,CHRISTIANSTED,VI,00823-7924,0000,03,3,7100,200802,1,10,000000000,1,01,202512,0,0,06,0,12,0,0,0,X21,
660638365,MANUMALO BAPTIST SCHOOL INCORPORATE D,,PO BOX 2070,PAGO PAGO,AS,96799-2070,0000,03,3,2000,202606,1,11,000000000,1,01,,0,0,01,0,06,,,,B20,
660639040,POZO DE AGUA INC,% POZO DE AGUA INC,HC 8 BOX 38797,CAGUAS,PR,00725-9469,0000,03,3,1000,201907,1,15,000000000,1,01,202412,5,4,01,0,12,912966,181070,181070,C32,
660639223,AD SECTOR FORTUNA,,HC 80 BOX 8037,DORADO,PR,00646-9558,1678,03,9,7000,196408,1,10,001002029,5,01,,0,0,06,0,03,,,,,
660639565,COMUNIDAD DONAMAYO INC,% HECTOR L MARTINEZ RIVERA PRES,HC 1 BOX 4181,BARRANQUITAS,PR,00794-9431,0000,03,3,1000,202112,1,16,000000000,1,01,202512,0,0,02,0,12,0,0,0,Z99,
660639753,EGIDA DEL POLICIA INC,,RR3 BOX 3724,SAN JUAN,PR,00926-0000,0000,03,3,1000,200504,1,15,000000000,1,01,202512,6,4,01,0,12,1754678,193231,193231,L22,
660639761,HEARTS IN SERVICE ASSOCIATION INC,,PO BOX 10578,ST THOMAS,VI,00801-3578,0000,03,3,1200,202502,1,15,000000000,1,01,202512,6,4,01,0,12,1352589,186715,186715,S01,
660640159,FUNDACION VOZ DEL CENTRO INC,% ANGEL COLLADO,PO BOX 9023718,SAN JUAN,PR,00902-3718,0000,03,3,2000,201408,2,16,000000000,1,01,202412,3,1,02,0,12,50511,8745,8745,A23,
660640378,ROTARY CLUB OF ST JOHN FOUNDATION INC,,ST JOHN VI 00831,BRITISH VIRGIN ISLANDS,,00000-0000,0000,03,3,1000,202601,1,15,000000000,1,01,202606,0,0,02,0,06,0,0,0,S80,
660640568,WATER ISLAND SEARCH AND RESCUE INC,% JOANNE BOHR,10 WATER ISLE,ST THOMAS,VI,00802-7800,0000,03,3,1000,200411,1,15,000000000,1,01,202512,0,0,02,0,12,0,0,0,M20,
660640760,ASOCIACION DE PADRES Y AMIGOS ORQUE STAS SECUNDARIAS Y SUPERIORES INC,% KEIKO AKIMOTO,PO BOX 193643,SAN JUAN,PR,00919-3643,0000,03,3,2000,202010,1,04,000000000,1,01,202512,2,4,00,1,12,17298,187746,,B80,
660640935,UNITY ON THE ROCK,,3015 ORANGE GROVE STE 63,ST CROIX,VI,00820-0000,2062,03,9,2700,197002,1,10,059029000,5,01,,0,0,06,0,12,,,,,
660641176,MINISTERIO JUSTICIA PAZY GOZO INC,,PO BOX 1746,YAUCO,PR,00698-1746,0000,03,3,7000,201908,1,10,000000000,1,01,,0,0,06,0,12,,,,X20,
660641184,UNIVERSITY OF PUERTO RICO COLLEGE OF NATURAL SCIENCES TR,% SHEILA WARD,17 AVE UNIVERSIDAD STE 1701,SAN JUAN,PR,00925-2537,0000,03,3,2000,200503,1,13,000000000,1,01,202412,0,0,02,0,12,0,0,0,B114,
660641215,EDUCATIONAL SERVICES CORPUS CHRISTI CORP,% TADEO JIMENEZ,PO BOX 4021,AGUADILLA,PR,00605-4021,0000,03,3,2000,200612,1,11,000000000,1,01,202512,0,4,01,0,12,0,146654,146654,B20,
660641269,FUNDACION SAN CRISTOBAL INC,% ARMANDO L MUNOZ BERMUDEZ,PO BOX 800982,COTO LAUREL,PR,00780-0982,0000,03,3,1200,202602,1,15,000000000,1,01,,0,0,02,0,09,,,,B90,
660641575,PROYECTO MATRIA INC,% AMARILIS PAGAN JIMENEZ,53 CALLE BETANCES LOCAL 102,CAGUAS,PR,00725-0000,0000,03,3,1200,200807,1,15,000000000,1,01,202506,6,5,01,0,06,2730504,775591,775591,P43,
660642012,VIRGIN ISLANDS VOLUNTEER ADVOCATES FOR CHILDREN INC,% GAIL R SHEARER,PO BOX 1719,CHRISTIANSTED,VI,00821-1719,0000,03,3,1000,202308,1,15,000000000,1,01,202506,4,1,02,0,06,331419,286,286,I80,
660642077,MINISTERIO DE AYUN TALITA CUMI,% OMAR E FLORES TIRABO,PO BOX 1164,JUNCOS,PR,00777-1164,0000,03,3,1000,202406,1,15,000000000,1,01,202412,0,0,02,0,12,0,0,0,P11,
660642701,CENTRO DE LA MUJER DOMINICANA INC,% ROMELINDA GRULLON MIGUEL,PO BOX 20068,SAN JUAN,PR,00928-0068,0000,03,3,1000,201408,1,03,000000000,1,01,202412,4,5,00,1,12,350109,634469,,P84,
660643683,IGLESIA JESUCRISTO ES EL SENOR EN AGUAS BUENAS,% SAMUEL RIOS-HERNANDEZ,HC 4 BOX 8749,AGUAS BUENAS,PR,00703-8855,0000,03,3,7000,200609,1,10,000000000,1,01,,0,0,06,0,12,,,,X21,
660643730,FOUNTAIN CHRISTIAN BILINGUAL SCHOOL CAROLINA INC,% OMAYRA FONT,PO BOX 3018,CAROLINA,PR,00984-3018,0000,03,3,2000,202308,1,11,000000000,1,01,202412,3,5,01,0,12,58761,818046,818046,B20,
660644042,ESTANCIAS DEL ANGEL PRESBITERIANA INC,% EDUARDO A MIRANDA DE LA ROSA,PO BOX 142,MAYAGUEZ,PR,00681-0142,0000,03,3,1000,200506,1,15,000000000,1,01,202503,7,5,01,0,03,7367256,825962,825962,L22,
660644927,PUERTO RICO EDUCATIONAL SYSTEM INC,% PUERTO RICO PREPARATORY SCHOOL,PO BOX 1028,BAYAMON,PR,00960-1028,0000,03,3,2000,202006,1,11,000000000,1,01,202512,0,0,02,0,12,0,0,0,B20,
660645478,HOGAR LUZ DE VIDA INC,% WALTER PEREZ,PO BOX 219,MAYAGUEZ,PR,00681-0219,0000,03,3,1000,202604,1,15,000000000,1,01,,0,0,01,0,06,,,,F33,
660645609,CASA JUANA COLON APOYO Y ORIENTACION A LA MUJER INC,% ANA CELIA COTTO,PO BOX 800,COMERIO,PR,00782-0800,0000,03,3,1200,202109,1,15,000000000,1,01,202412,4,6,01,0,12,323360,1103193,1103193,S20,
660645724,USVI SOCCER FEDERATION INC,% GLEN F MONTICEUX,PO BOX 2346,KINGSHILL,VI,00851-2346,0000,03,3,1000,200701,1,15,000000000,1,01,202412,6,6,01,0,12,3725668,2333105,2333105,N64,
660645807,UNITED STEELWORKERS,% RASHAWNA DAVILA,PO BOX 7528,CHRISTIANSTED,VI,00823-7528,0260,05,9,3000,194012,0,00,000000000,5,01,202512,3,3,01,0,12,66417,61174,61174,,9489 LOCAL
660645847,GIRLS ON THE GO INC,% CAMELA FRANCIS,PO BOX 600264,ST THOMAS,VI,00801-6264,0000,03,3,1000,201902,1,04,000000000,1,01,202312,1,1,00,1,12,1156,6,,P30,
660646096,MICRONESIA COMMUNITY DEVELOPMENT CORPORATION,% CARLOS V CAMACHO,PO BOX 27658,BARRIGADA,GU,96921-6952,0000,03,3,1000,201301,1,16,000000000,1,01,202412,5,0,02,0,12,798168,0,0,P40,
660646519,IGLESIA MISIONERA EBENEZER DEFENSORES DE LA E CRISTIONA INC,% LOURDES MELENDEZ COLON,PO BOX 494,OROCOVIS,PR,00720-0494,0000,03,3,7000,201406,1,10,000000000,1,01,,0,0,06,0,12,,,,X20,
660646557,CRUZAN BIKEWAYS INC,% ROBERT WHITE,PO BOX 24331,CHRISTIANSTED,VI,00824-0331,0000,03,3,1000,200508,1,15,000000000,1,01,202412,1,0,02,0,12,1436,0,0,N32,
660646676,PUERTO RICO SATSANG SOCIETY INC,% RAFAEL ALICEA,PO BOX 456,BARRANQUITAS,PR,00794-0456,2597,03,9,7000,197501,1,10,029000000,5,01,,0,0,06,0,12,,,,,A CHARTERED AFFILIATE OF ECKANKAR
660647032,CORPORACION AGORA TEATRO,% ISABEL RAMOS,1156 AVE MAGDALENA,SAN JUAN,PR,00907-1711,0000,03,3,2000,202402,1,15,000000000,1,01,202412,3,3,01,0,12,46586,97955,97955,A65,
660647631,AMPRE INC,% DOMINGO SEPULVEDA MD,PO BOX 7587,CAGUAS,PR,00726-7587,0000,03,3,2000,201011,1,15,000000000,1,01,202512,3,4,01,0,12,46952,133027,133027,E60,ASOCIACION MEDICOS PEDIATRAS REGION
660647707,COMITE PRO-DESARROLLO VILLA CANORA II,% RAFAEL RIVERA,HC01 BOX 8948,LOIZA,PR,00772-0000,0000,03,3,1000,201702,1,15,000000000,1,01,202412,4,3,01,0,12,110580,57884,57884,S20,
660647781,FUNDACION PARA EL DESARROLLO INTEGRAL DE LA MUJER INC,% MYRNA LUGO,PO BOX 82,CABO ROJO,PR,00623-0082,0000,03,3,1200,201903,1,16,000000000,1,01,202512,0,0,02,0,12,0,0,0,P99,
660648356,MAURO INC,% AUREO ANDINO,2169 CALLE MCLEARY,SAN JUAN,PR,00913-4508,0000,03,3,1000,200911,1,15,000000000,1,01,202412,5,6,01,0,12,501509,1238849,1238849,A63,
660648531,YOIDO FULL GOSPEL CHURCH GUAM INC,% KUK JIN OH,PO BOX 6506,TAMUNING,GU,96931-6506,0000,03,3,7000,200902,1,10,000000000,1,01,,0,0,06,0,12,,,,X21,
660648677,THE CHURCH IN GUAM,% DANIEL HONG,PO BOX 24762,BARRIGADA,GU,96921-4762,0000,03,3,7000,202604,1,10,000000000,1,01,,0,0,06,0,12,,,,X20,
660650262,CENTRO Y ESCUELA DE CONSEJERIA Y TERAPIA FAMILIAR CRISTIANO INC,% HENRY CASTELLANOS ORTIZ,URB PRADERAS A S13 CALLE 2,TOA BAJA,PR,00949-0000,0000,03,3,1257,202401,1,15,000000000,1,01,202512,0,0,02,0,12,0,0,0,X20,
660650573,INFECTIOUS DISEASE SOCIETY OF PUERTO RICO,,PO BOX 270509,SAN JUAN,PR,00928-2509,0000,03,3,2000,202603,1,16,000000000,1,01,,0,0,01,0,12,,,,G40,
660650709,ASOCIACION DE RESIDENTES MATA DE CANA INC,% MARIA M RODRIGUEZ,RR 1 BOX 14372,OROCOVIS,PR,00720-9526,0000,03,3,2000,202406,1,16,000000000,1,01,,0,0,02,0,06,,,,S20,
660650969,ALIANZA DE AUTISMO DE PR INC,% AIMEE CORA,X10 CALLE ETERNIDADES VILLAS DE C,SAN JUAN,PR,00926-0000,0000,03,3,1000,201910,1,16,000000000,1,01,202412,5,5,01,0,12,868434,551195,551195,G84,
660651154,SOKA GAKKAI INTERNATIONAL-CNMI INC,% KEVIN A LYNCH,PO BOX 505066,SAIPAN,MP,96950-4313,0000,03,3,7000,200601,1,10,000000000,1,01,,0,0,06,0,09,,,,X50,SGI-NMI
660651610,FUNDACION BANCO DE OJOS DEL LEONISMO PUERTORRIQUENO,% LUIS MOJICA,PO BOX 363311,SAN JUAN,PR,00936-3311,0000,03,3,1200,201905,1,15,000000000,1,01,202412,4,3,01,0,12,185978,85008,85008,P20,
660651686,EL SHADDAI ASAMBLEAS DE DIOS,,HC 6 BOX 6212,JUANA DIAZ,PR,00795-9724,1678,03,9,7000,196408,1,10,001002029,5,01,,0,0,06,0,03,,,,,
660652589,INTERNATIONAL RECIPROCITY BOARD OF THERAPEUTIC PROFESSIONALS,% GILBERTO RODRIGUEZ,120 WEST OCEAN DIRVE,CATANO,PR,00962-0000,0000,03,3,1200,202109,1,16,000000000,1,01,202512,0,0,02,0,12,0,0,0,B03,COUNSELORS CERTIFICATION CORP
660652866,ATHENA INC,% GEROGE PANOS,WC33 AVE HOSTOS,BAYAMON,PR,00956-5069,0000,03,3,2000,202105,1,11,000000000,1,01,202509,3,5,01,0,09,63488,765393,765393,B24,
660653113,ST THOMAS FISHERMENS ASSOCIATION INC,,PO BOX 308116,ST THOMAS,VI,00803-8116,0000,05,3,1000,202007,2,00,000000000,1,01,202512,0,0,02,0,12,0,0,0,S41,
660653561,CORPORACION DESARROLLO ECONOMICO DE SALUD Y VIVIENDA,% NILSA LOPEZ,PO BOX 1800,ARECIBO,PR,00613-1800,0000,03,3,1000,200906,1,16,000000000,1,01,202506,6,6,01,0,06,1316603,1958366,1958366,L20,
660653634,GOD IS LOVE MINISTRIES IN GUAM,% TOETU FITIAUSI,PO BOX 11936,YIGO,GU,96929-0936,1619,03,9,7000,196402,1,10,001030059,5,01,,0,0,06,0,12,,,,,
660653932,FUNDACION SAN MARTIN DE PORRES,% PEDRO VAN MARISSING,PO BOX 125,BAYAMON,PR,00960-0125,0000,03,3,1000,201503,1,15,000000000,1,01,202312,0,0,02,0,12,0,0,0,P20,
660654331,ENTERPRIZE EVENTS INC,% ROBERT DAVALILA,268 AVE MUOZ RIVERA SUITE 1004,SAN JUAN,PR,00918-0000,0000,03,3,1000,200706,1,15,000000000,1,01,202412,4,6,01,0,12,330228,1764228,1764228,S30,
660655154,CASA SIN FRONTERAS INC,% JESUS CHARO DELGADO-BACA,PO BOX 667,SABANA HOYOS,PR,00688-0667,0000,03,3,1200,202401,1,15,000000000,1,01,202512,3,4,01,0,12,79470,135419,135419,S43,
660655436,FUNDACION SILA M CALDERON INC,% SILA M CALDERON,URB SANTA RITA1012 CALLE GONZA,SAN JUAN,PR,00925-0000,0000,03,3,1200,200611,1,15,000000000,1,01,202412,7,6,01,0,12,8800449,4186450,4130544,P052,
660655566,AGENCY FOR BETTER LIVING ENDEAVORS INC,% ELINOR LUTU-MCMOORE,PO BOX 1029,PAGO PAGO,AS,96799-1029,0000,03,3,1200,201910,1,15,000000000,1,01,202512,3,4,01,0,12,81944,415808,415808,G83,ABLE
660656354,ASOCIACION PROBIENESTAR BARRIO MARIAS DE AGUADA INC,% NANCY GARCIA RODRIGUEZ,PO BOX 1109,AGUADA,PR,00602-1109,0000,03,3,1000,201806,1,15,000000000,1,01,202512,3,0,02,0,12,54818,0,0,P20,
660656700,AMERICAN SAMOA COALITION AGAINST DOMESTIC AND SEXUAL VIOLENCE,% LILIU MAILO,PO BOX 982880,PAGO PAGO,AS,96799-8514,0000,03,3,1000,201304,1,15,000000000,1,01,202412,0,0,02,0,12,0,0,0,I73,
660656703,CHURCH UNIVERSAL & TRIUMPHANT,% CARMEN MARRERO,PO BOX 19386,SAN JUAN,PR,00910-1386,2669,03,9,7000,197511,1,10,001002029,5,01,,0,0,06,0,12,,,,,SUMMIT LIGHTHOUSE OF SAN JUAN
660657150,CORPORATION FOR THE CONSERVATION OF THE SAN JUAN BAY ESTUARY,% JAVIER LAUREANO,PO BOX 9509,SAN JUAN,PR,00908-0509,0000,03,3,1280,200607,1,15,000000000,1,01,202309,5,6,01,0,09,981393,1999204,1999204,C30,
660657266,CHOICES BASKETBALL ASSOCIATION INC,% KEVIN A SHEPPARD,PO BOX 3369,FREDERIKSTED,VI,00841-3369,0000,03,3,1200,202301,1,15,000000000,1,01,202512,4,4,01,0,12,101150,117672,117672,N50,
660657506,LE EKALESIA METOTISI I FAGATOGO,% TUI NEUELI JR,PAGO PAGO 96799,AUSTRALIA,,00000-0000,0000,03,3,1700,202209,1,16,000000000,1,01,202412,0,0,02,0,12,0,0,0,X20,
660657510,FUNDACION FORJADORES DE ESPERANZA INC,% MELANIE GRANDONE,PO BOX 1638,CANOVANAS,PR,00729-1638,0000,03,3,1000,200602,1,15,000000000,1,01,202412,0,0,02,0,12,0,0,0,P20,
660657632,HOGAR DE ENVEJECIENTES CIRIACO SANCHAZ INC,% NILSA CRUZ,PO BOX 1780,MOCA,PR,00676-1780,0000,03,3,1000,201410,1,16,000000000,1,01,202512,3,4,01,0,12,80112,421240,421240,L22,
660657785,UNITY LUZ DEL ESTE,% AIDA L MARTIN,HC 2 BOX 4269,LUQUILLO,PR,00773-9861,2062,03,9,2700,197002,1,10,000000000,5,01,,0,0,06,0,12,,,,,
660658151,INTERNATIONAL UNION UNITED AUTO AER OSPACE & AGRICULTURAL WORKERS OF A,% LUIS SANTIAGO,3100 CARR 190 STE 201,CAROLINA,PR,00983-1983,0427,05,9,3000,194106,2,00,263000000,5,01,202512,0,0,02,0,12,0,0,0,,UAW LOCAL 2415
660658219,INSTITUTO PARR EL DESARROLLO SOCIO ECONOMICO Y DE VIVIENCA DE PR INC,,PO BOX 7154,MAYAGUEZ,PR,00681-7154,0000,03,3,1000,200609,1,15,000000000,1,01,202412,7,6,01,0,12,8811625,1349331,1349331,L20,
660658654,NATURAL HISTORY SOCIETY OF PUERTO RICO INC,,PO BOX 361036,SAN JUAN,PR,00936-1036,0000,03,3,2000,200703,1,15,000000000,1,01,202512,1,1,02,0,12,3712,19,19,A80,
660660337,VICTORIOUS BELIEVERS MINISTRIES INC,% REGINALD PERRY,6215 PETERS REST,CHRISTIANSTED,VI,00820-0000,0000,03,3,7000,201402,1,10,000000000,1,01,,0,0,06,0,12,,,,X20,
660660714,MISIONEROS Y MISIONERAS BEL AMOR SHCRAMENTADO,,PO BOX 9020308,SAN JUAN,PR,00902-0308,0000,03,3,7000,202112,1,10,000000000,1,01,,0,0,06,0,12,,,,X03,
660662610,POLITECNICO TERESIANO HERMANAS CARMELITAS TERESAS DE SAN JOSE INC,% INES PENA PEREZ,PO BOX 868,CANOVANAS,PR,00729-0868,0000,03,3,1270,201606,1,10,000000000,1,01,,0,0,06,0,06,,,,X20,
660662769,ESCUELA DE BALLE DE BOMBA Y PLENA DONA CARIDAD BRENES DE CEPEDA INC,% MARGARITA SANCHEZ,PO BOX 30116,SAN JUAN,PR,00929-1116,0000,03,3,1000,202307,1,15,000000000,1,01,202406,0,0,02,0,06,0,0,0,A20,
660663060,ROAD RUNNERS CLUB OF AMERICA,,CHRISTIANSTED 00820,BRITISH VIRGIN ISLANDS,,00000-0000,2702,03,9,1000,197603,2,15,300288000,5,01,202312,0,0,02,0,12,0,0,0,A03,VIRGIN ISLANDS PACE RUNNERS
660663242,APRODEC INC,% MANUEL MARTINEZ COLON,PO BOX 977,CEIBA,PR,00735-0977,0000,03,3,1280,201612,1,16,000000000,1,01,202512,1,0,02,0,12,1,0,0,S20,
660663265,FUNDACION MMM INC,% EYMINEL VIEL,350 CHARDON AVE,SAN JUAN,PR,00918-2124,0000,03,3,1000,201605,1,15,000000000,1,01,202412,5,6,01,0,12,825985,1761975,1761975,P81,
660663460,CENTRO DE DESARROLLO PSICO- ORGANIZACIONAL Y PSICOEDUCATIVO,,1474 AVE SAN IGNACIO,SAN JUAN,PR,00921-4739,0000,03,3,1400,202202,1,15,000000000,1,01,202512,0,0,02,0,12,0,0,0,F30,
660664098,MINISTERIO EVANGELISTICO ELES INC,% JEREMIAS MARTINEZ,PO BOX 302213,CHARLOTTE AMA,VI,00803-2213,0000,03,3,7000,200610,1,10,000000000,1,01,,0,0,06,0,12,,,,X21,ELES
660664388,CORO NACIONAL DE PUERTO RICO INC,% JAVIER J VELEZ CRUZ,404 CALLE AMERICA,SAN JUAN,PR,00917-3207,0000,03,3,1200,202409,1,15,000000000,1,01,202512,0,0,02,0,12,0,0,0,A6B,URB SANTIAGO IGLESIAS
660664498,MONTESSORI HOUSE OF CHILDREN INC,% SYLVIA M SULLIVAN,3021 ORANGE GROVE,CHRISTIANSTED,VI,00820-0000,0000,03,3,1200,200610,1,11,000000000,1,01,202507,4,6,01,0,07,486334,1470841,1470841,B24,ST CROIX MONTESSORI
660664562,MARIANA ISLANDS NATURE ALLIANCE,% MARIANA ISLANDS NATURE ALLIANCE,PO BOX 506645,SAIPAN,MP,96950-4340,0000,03,3,1000,200608,1,15,000000000,1,01,202412,4,6,01,0,12,358901,1203189,1203189,C32,
660665458,IGLESIA EL REINO DE LA FE,% JOSE A MALDONADO,PO BOX 1895,HATILLO,PR,00659-8895,2046,03,9,7000,196911,1,10,001000000,5,01,,0,0,06,0,12,,,,,
660665558,OCONUCO-TIERRAS PROTEGIDAS INC,% ROBERT C QUINLAN,208 AVE PONCE DE LEON STE 1600,SAN JUAN,PR,00918-1007,0000,03,3,2000,201906,1,03,000000000,1,01,202512,1,1,00,1,12,1,1,,C50,
660665758,IGLESIA CAMINO AL ALTISIMO INC,% CARMEN L QUINONES,URB FAJARDO GARDENS CALLE CEDRO 395,FAJARDO,PR,00738-0000,1678,03,9,7000,196408,1,10,001002029,5,01,,0,0,06,0,03,,,,,
660666148,CENTRO FAMILIAR CRISTIANO S G INC,% JUAN GARCIA,PO BOX 1086,SABANA GRANDE,PR,00637-1086,0000,03,3,7000,202304,1,10,000000000,1,01,,0,0,06,0,12,,,,X20,
660666279,STUDENT GLOBE CORP,,2406 CALLE GRANADA,SAN JUAN,PR,00913-4702,0000,03,3,1200,202109,1,16,000000000,1,01,202507,0,0,02,0,07,0,0,0,A33,
660666623,OH MY MAYA INC,% ROBIN FREEMAN,5029 GREEN CAY,CHRISTIANSTED,VI,00820-4558,0000,03,3,1000,200809,1,16,000000000,1,01,202512,0,0,02,0,12,0,0,0,Q33,
660666815,CENTRO INTERDICIPLINARIO PARA REHABILITACION INC,% ADALBERTO LOPEZ TORRES,7 CALLE FLOR GERENA N,HUMACAO,PR,00791-4288,0000,03,3,1200,200703,1,15,000000000,1,01,202606,0,0,02,0,06,0,0,0,F20,
660666858,ENACTUS PUERTO RICO INC,% CARMEN LAURA MARRERO,PO BOX 79777,CAROLINA,PR,00984-9777,0000,03,3,1000,202206,1,15,000000000,1,01,202508,4,5,01,0,08,147630,520251,520251,B80,
660669513,CRUSADERS FRATERNITY INC,,FREDERIKSTED SELECT ONE 00841,BRITISH VIRGIN ISLANDS,,00000-0000,0000,03,3,1230,201812,1,15,000000000,1,01,202512,0,0,02,0,12,0,0,0,O51,
660669750,HOUSE OF PRAYER MINISTRY INC,% JOSEPH A R CASEY,4002 LITTLE PRINCESS,CHRISTIANSTED,VI,00820-4354,0000,03,3,7000,200703,1,10,000000000,1,01,,0,0,06,0,12,,,,X21,
660670212,CHABAD LUBAVITCH OF THE U S VIRGIN ISLANDS INC,% ASHER FEDERMAN,6501 RED HOOK PLAZA STE 201,ST THOMAS,VI,00802-1305,0000,03,3,7000,200904,1,10,000000000,1,01,,0,0,06,0,12,,,,X30,
660670350,ACUEDUCTO EL MANANTIAL INC,% LUIS E HERNANDEZ,HC BOX 32686,CAGUAS,PR,00725-0000,0000,03,3,1000,202112,1,16,000000000,1,01,202506,3,3,02,0,06,67187,49622,49622,W80,
660670407,FINEST PAN FEST INC,% STANLEY S JONES,PO BOX 1685,CHRISTIANSTED,VI,00821-1685,0000,03,3,2100,200807,2,15,000000000,1,01,202512,0,0,02,0,12,0,0,0,A68,
660670521,DIVINE CHILDREN CORP,% SUSAN RIVERA,G 22 CALLE AZULES DE MAR,DORADO,PR,00646-0000,0000,03,3,1200,201105,1,11,000000000,1,01,202412,0,0,02,0,12,0,0,0,B28,
660670718,FUNDACION EDUCATIVA HIMA SAN PABLO INC,% JOAQUIN RODRIGUEZ,PO BOX 4980,CAGUAS,PR,00726-4980,0000,03,3,2000,201906,1,04,000000000,1,01,202512,6,5,00,1,12,1236567,598384,,B82,
660670869,FUNDACION CARITAS ALEGRES INC,% FRANCISCO COLON,PMB 143 1353 RD 19 AVE LUIS VIGOREA,GUAYNABO,PR,00966-0000,0000,03,3,1000,201805,1,15,000000000,1,01,202412,3,0,02,0,12,73112,0,0,P20,
660671421,CORPORACION DE SALUD ASEGURADA POR NUESTRA ORGANIZACION SOLIDARIA INC,,PO BOX 1025,CAGUAS,PR,00726-1025,0000,03,3,1000,200904,1,12,000000000,1,01,202506,8,8,01,0,06,13066510,41855471,41855471,E20,SANOS
660671488,MICRONESIAN SHARK FOUNDATION,,PO BOX 964,KOROR,PW,96940-0843,0000,03,3,1200,200707,1,15,000000000,1,01,202512,4,1,02,0,12,198779,1414,1414,D31,
660672245,CORREDOR DEL YAGUAZO INC,% LUIS RENE MARRERO CORDERO,244 CALLE SANTA MARIA,CATANO,PR,00962-2069,0000,03,3,2800,202512,1,16,000000000,1,01,,0,0,02,0,12,,,,C32,
660672254,ORGANIZACION PRO AMBIENTE SUSTENTABLE INC,% CARMEN VALENTIN,PO BOX 270440,SAN JUAN,PR,00928-2440,0000,03,3,1200,201507,1,16,000000000,1,01,202412,3,4,01,0,12,78890,221283,221283,C30,
660672284,ACADEMIA DE PATOLOGIA Y MEDICINA DE LABORATORIO,% MARIA J MARCOS-MARTINEZ,PO BOX 191174,SAN JUAN,PR,00919-1174,0000,03,3,2800,202204,1,16,000000000,1,01,202509,3,3,01,0,09,32522,68472,68472,B03,
660672679,UNITED STEELWORKERS,% LAWRENCIA RICHARDS,PO BOX 302095,ST THOMAS,VI,00803-2095,0260,05,9,3000,194012,2,00,263059269,5,01,202512,4,3,01,0,12,280427,58462,58462,,9488 LOCAL
660672689,CORPORACION PARA EL DESARROLLO DEL CENTRO PONCENO DE AUTISMO CD,% CEPA,120 CALLE SOL,PONCE,PR,00730-4881,0000,03,3,1000,201404,0,15,000000000,1,01,,1,0,14,0,06,,,,,CEPA CD
660672742,CENTRO EVANGELISTICO FUENTE DE LUZ INC,% HECTOR LIMA,ST THOMAS,VIRGIN ISLANDS,,00000-0000,0000,03,3,7000,202104,1,10,000000000,1,01,,0,0,06,0,07,,,,X20,
660673047,CASA DE RESTAURACION TABENACULO DE ADOR,,HC-01 BOX 6959,GUAYNABO,PR,00971-0000,2046,03,9,7000,196911,1,10,001000000,5,01,,0,0,06,0,12,,,,,
660673296,THE CAT ALLIANCE INC,% CANDIDA M MEDINA,G 55 CALLE GUAYACAN,TOA ALTA,PR,00953-0000,0000,03,3,1400,201905,1,15,000000000,1,01,202512,0,0,02,0,12,0,0,0,D20,
660673438,GUAM EVANGELICAL HOLINESS CHURCH,% CESARIO MANGSAT,111 CHALAN BALAKO PMB 661,DEDEDO,GU,96929-7103,0000,03,3,7000,200711,1,10,000000000,1,01,,0,0,06,0,12,,,,X21,
660673931,AMIGOS DE LOS ANIMALES INC,% CORISSA LEONG,PO BOX 79806,CAROLINA,PR,00984-9806,0000,03,3,4000,201403,1,15,000000000,1,01,202412,4,4,01,0,12,112358,132826,131761,D20,
660674383,POETAS AA-JUANA DIAZ INC,% JAIME TORRES,PO BOX 804,JUANA DIAZ,PR,00795-0804,0000,03,3,2100,200708,1,15,000000000,1,01,,1,4,00,0,12,,,,N70,
660674789,THE SAINT CROIX GOLF ASSOCIATION,% SAINT CROIX GOLF ASSOCIATION,72 EST RIV,KINGSHILL,VI,00850-9833,0000,04,3,3000,200705,2,00,000000000,5,01,202512,0,0,02,0,12,0,0,0,N6A,
660674861,LA CASA DE DONA HERE INC,% ESTHER CARO,PO BOX 1961,MAYAGUEZ,PR,00681-1961,0000,03,3,1000,200701,1,15,000000000,1,01,202506,5,4,01,0,06,597088,192873,192873,L800,
660674864,LA CASA JUNNY,% ESTHER CARO,PO BOX 1881,MAYAGUEZ,PR,00681-1881,0000,03,3,1000,200705,1,15,000000000,1,01,202306,4,3,01,0,06,402662,83934,83934,L21,
660674866,LA CASA DE AMPI INC,% ESTHER CARO,PO BOX 1891,MAYAGUEZ,PR,00681-1891,0000,03,3,1000,200610,1,15,000000000,1,01,202506,4,4,01,0,06,416821,125928,125928,L800,
660675303,ST PAULS EPISCOPAL CHURCH,,PO BOX 50661,SAIPAN,MP,96950-0000,3741,03,9,7000,194001,2,10,000000000,5,01,,0,0,06,0,12,,,,,
660675334,IGLESIA DE DIOS PENTECOSTAL MI SEDE INTERNACIONAL CORP,,PO BOX 360455,SAN JUAN,PR,00936-0000,0000,03,3,7000,201711,1,10,000000000,1,01,,0,0,06,0,12,,,,X21,
660675369,MISIONES IDPMI SEDE INTERNACIONAL CORP,% RAYMOND E RIVERA MARTINEZ,PO BOX 360455,SAN JUAN,PR,00936-0455,0000,03,3,1700,201710,1,10,000000000,1,01,,0,0,06,0,12,,,,X20,
660675418,EUROPEAN CHRISTIAN LEADERSHIP ACADEMY INC,% ABRAHAM MALDONADO,PO BOX 50571,TOA BAJA,PR,00950-0571,0000,03,3,1000,200706,1,16,000000000,1,01,202512,1,3,01,0,12,1,57454,57454,X20,
660675458,IGLESIA PENTECOSTAL DE ROSARIO INC,% CALLE NESTOR TORRES,PO BOX 1810 PMB 726,MAYAGUEZ,PR,00681-1810,1678,03,9,7000,196408,1,10,001002029,5,01,,0,0,06,0,03,,,,,
660675963,PUERTO RICO SCIENCE TECHNOLOGY AND RESEARCH TRUST,% SEC OF ECOMONIC DEVELOPMENT & COM,PO BOX 363475,SAN JUAN,PR,00936-3475,0000,03,3,1000,201401,1,15,000000000,2,01,202506,9,8,14,0,06,134822325,29674488,29674488,U05,
660676942,ASISTENCIA LEGAL Y CONTRIBUTIVA DE PUERTO RICO INC,% JO NANCY CRUZ RIVERA,F9 CALLE CASTILLA,BAYAMON,PR,00956-2771,0000,03,3,1200,200705,1,15,000000000,1,01,202512,0,0,02,0,12,0,0,0,I80,
660676948,HOME FOR THE ELDERLY LAS CARMELITAS CORP,% JOSE L MEDIAVILLA,PO BOX 11952,SAN JUAN,PR,00922-1952,0000,03,3,1000,200808,1,15,000000000,1,01,202512,0,0,02,0,12,0,0,0,L22,
660677602,FIRST ASSEMBLY OF GOD,,PO BOX 716,CHRISTIANSTED,VI,00821-0716,1678,03,9,7000,196408,1,10,001002029,5,01,,0,0,06,0,03,,,,,
660677722,GUAM BAPTIST ASSOCIATION,% ED POPPE,1196 N MARINE CORPS DR,TAMUNING,GU,96913-4340,1606,03,9,7000,196311,1,10,036000000,5,01,,0,0,06,0,12,,,,,
660677927,LIVING HOPE CATHEDRAL INC,% CARL A RICHARDSON,PO BOX 307266,ST THOMAS,VI,00803-7266,0000,03,3,7000,201304,1,10,000000000,1,01,,0,0,06,0,12,,,,X20,
660678107,ACUEDUCTO RURAL DE BUENOS AIRES INC,,HC 3 BOX 40219,CAGUAS,PR,00725-9732,0000,03,3,1000,202303,1,16,000000000,1,01,202512,0,0,02,0,12,0,0,0,W80,
660678124,COMUNIDAD DIVIFORIA INC,% FERNANDO BERRIOS,HC 2 BOX 6872,BARRANQUITAS,PR,00794-9273,0000,03,3,1000,201911,1,16,000000000,1,01,202512,0,0,02,0,12,0,0,0,W80,
660678301,MINISTEREO AYUDANDO A LOS OLVIDADOS INC,,CALLE 9G2 URB VILLA COOPERATIVA,CAROLINA,PR,00985-0000,0000,03,3,7000,201507,1,10,000000000,1,01,,0,0,06,0,12,,,,X20,
660679592,AMERICAN SAMOA COMMUNITY CANCER COALITION,% VAATAUSILI T TOFAEONO,PO BOX 1716,PAGO PAGO,AS,96799-1716,0000,03,3,1000,201401,1,15,000000000,1,01,202312,0,0,02,0,12,0,0,0,P20,
660679596,LIFE IN THE SON CHRISTIAN FELLOWSHIP,% CHERLYN CABRERA,PO BOX 504295,SAIPAN,MP,96950-4295,0000,03,3,7000,200810,1,10,000000000,1,01,,0,0,06,0,12,,,,X21,
660680483,CARIBBEAN K9 & RESCUE DIVER,% JOSE D MALDONADO AVILA,URB VILLA SERENA CALLE LIRIO Q16,ARECIBO,PR,00612-0000,0000,03,3,6000,201603,1,16,000000000,1,01,202512,2,2,02,0,12,14452,14585,14585,M23,CARIBBEAN K9 RESCUE DIVER TEAM CORP
660681145,ASOCIACION DE RELACIONISTAS PROFESIONALES DE PUERTO RICO,% CARLOS RIVERA,PO BOX 190056,SAN JUAN,PR,00919-0056,0000,06,3,2000,202203,2,00,000000000,1,01,202506,4,4,01,0,06,184873,193086,193086,S41,
660681446,FUNDACION ALAS A LA MUJER INC,% SONIA CORTES,PO BOX 360205,SAN JUAN,PR,00936-0205,0000,03,3,1000,201408,1,15,000000000,1,01,202506,5,5,01,0,06,704940,720138,720138,P50,
660681832,ST CROIX TRACK CLUB INC,% KEITH A SMITH SR,231 MOUNT PELLIER,FREDERIKSTED,VI,00840-4178,0000,03,3,1000,202411,1,16,000000000,1,01,202512,1,2,02,0,12,257,19440,19440,N60,
660681984,IGLESIA CRISTIANA LA SAL DE LA TIER RA INC,,URB LAS ANTILLAS G 6,SALINAS,PR,00751-0000,0000,03,3,7000,202606,1,10,000000000,1,01,,0,0,06,0,12,,,,X20,
660682351,PRIMERA IGLESIA ASAMBLEAS DE DIOS,% RAFAEL ORTIZ MARRERO,PO BOX 1751,COROZAL,PR,00783-1751,1678,03,9,7000,196408,1,10,001002029,5,01,,0,0,06,0,12,,,,,
660682852,MISSIONS CONNECTION MINISTRY,% MARIO NUESTRO,PMB 943 BOX 100005 STE 101,SAIPAN,MP,96950-0000,0000,03,3,7000,201109,1,10,000000000,1,01,,0,0,06,0,06,,,,X20,
660682962,ST THOMAS COMMUNITY BAPTIST CHURCH INC,% HEATH F CHARLES,PO BOX 305173,CHARLOTTE AMA,VI,00803-5173,0000,03,3,7000,201105,1,10,000000000,1,01,,0,0,06,0,12,,,,X21,
660683189,PALMAS LADIES COMMUNITY CLUB INC,% JULIA LARANJEIRA,295 PALMAS INN WAY STE 104,HUMACAO,PR,00791-6257,0000,03,3,1000,202102,1,16,000000000,1,01,202412,4,4,01,0,12,343521,367465,367465,P12,PLCC
660683333,TICATOVE INC,% JULIAN GARCIA MARTINEZ,PO BOX 217,VIEQUES,PR,00765-0217,0000,03,3,1000,201708,1,15,000000000,1,01,202412,0,0,02,0,12,0,0,0,C30,
660683616,TABERNACULO DE ADORACION CIUDAD DE DIOS,% RAFAEL JIMENEZ MOCINA,HC-03 BOX 5941,HUMACAO,PR,00791-0000,2046,03,9,7000,196911,1,10,001000000,5,01,,0,0,01,0,12,,,,,
660683993,THE ST CROIX AVIAN SANCTUARY INC,% ANTONIA O LANCE,PO BOX 755,CHRISTIANSTED,VI,00821-0755,0000,03,3,2000,201412,1,16,000000000,1,01,202412,0,0,02,0,12,0,0,0,D20,
660684038,CENTRO EDUCATIVO Y DE DESARROLLO INTEGRAL ANGELES DE LA ESPERANZA,% EMMA ROCHE AGUIRRE,PO BOX 116,SANTA ISABEL,PR,00757-0116,0000,03,3,1200,200904,1,15,000000000,1,01,202512,0,0,02,0,12,0,0,0,O50,
660684048,ESCUELA MUSICA EN LA MONTANA INC,% MIGUEL ANGEL SANTIAGO BERRIOS,4 BRISAS DE BARROS,OROCOVIS,PR,00720-9500,0000,03,3,2000,202211,1,16,000000000,1,01,202506,1,0,02,0,06,1,0,0,A20,
660684194,AMERICAN CHEMICAL SOCIETY,% DR ARTHUR D TINOCO,17 UNIVERSITY AVENUE,SAN JUAN,PR,00925-0000,0945,03,9,2800,194605,1,16,059061120,5,01,202512,0,0,02,0,12,0,0,0,,PUERTO RICO SECTION OF THE AMERICAN
660684944,ASOPYMES INC,,452 AVE PONCE DE LEON STE 403,SAN JUAN,PR,00918-3412,0000,03,3,1200,202205,1,15,000000000,1,01,202312,0,0,02,0,12,0,0,0,S43,
660685059,SADHU VASWANI CENTER - V I INC,% SADHU VASWANI,5177 DRONNINGENS GADE,ST THOMAS,VI,00802-6497,0000,03,3,7000,200801,1,10,000000000,1,01,202512,0,0,06,0,12,0,0,0,X70,
660685960,IGLESIA CRISTIANA MISIONERA A LOS PIES DE CRISTO,% MARIA GONZALEZ,PO BOX 1246,QUEBRADILLAS,PR,00678-1246,0000,03,3,7000,202005,1,10,000000000,1,01,,0,0,06,0,12,,,,X20,
660686587,GUAM COALITION AGAINST SEXUAL ASSAULT AND FAMILY VIOLENCE CORP,% MONICA TAIMANGLO PRESIDENT,PO BOX 1093,HAGATNA,GU,96932-1093,0000,03,3,2100,201403,1,15,000000000,1,01,202512,2,6,01,0,12,18168,1310878,1310878,I73,
660687181,ASOCIACION LATINOAMERICANA DE OPTOMETRIA Y OPTICA,% DR JUAN M VAZQUEZ,PO BOX 9192,CAGUAS,PR,00726-9192,0000,03,3,1000,202005,1,04,000000000,1,01,202512,3,1,00,1,12,59187,470,,E19,
660687194,COLEGIO CATOLICO NOTRE DAME CORP,% JOSE J GRILLO,PO BOX 937,CAGUAS,PR,00726-0937,0000,03,3,2000,201009,1,11,000000000,1,01,202506,8,8,01,0,06,23664236,15586238,14596746,B25,
660687232,YVONNE ASHLEY GALIBER FOUNDATION - YAG INC,% YVONNE GALIBER,CHRISTIANSTED ST CROIX 00821,BRITISH VIRGIN ISLANDS,,00000-0000,0000,03,3,1000,200802,1,15,000000000,1,01,202412,0,0,02,0,12,0,0,0,G12,GIGIS TREASURE CHEST
660688397,BMW CCA PR CHAPTER INC,% RAMON A VELEZ,PO BOX 192033,SAN JUAN,PR,00919-2033,5390,07,9,1000,200702,2,00,000000000,1,01,202512,0,0,02,0,12,0,0,0,,PUERTO RICO CHAPTER
660688514,IGLESIA AVANZADA DE SION,% NIVIA PEREZ MEZINA,PO BOX 371953,CAYEY,PR,00737-1953,1678,03,9,7000,196408,1,10,001002029,5,01,,0,0,06,0,12,,,,,
660688720,COOPERATIVA DE SERVICIOS INTEGRADOS A LA NINEZ COSIANI,% EVER PADILLA,PO BOX 969,SAINT JUST,PR,00978-0969,0000,03,3,1000,201405,1,15,000000000,1,01,202512,5,6,01,0,12,731785,3826362,3826362,B90,COSIANI
660688768,MISION ROCA ETERNA,,PO BOX 1790,CIDRA,PR,00739-1790,1678,03,9,7000,196408,1,10,001002029,5,01,,0,0,06,0,12,,,,,AGUAS BUENAS
660688974,THE FORUM INC,% BRIAN SQUIRES,PO BOX 12030,ST THOMAS,VI,00801-5030,0000,03,3,1200,201207,1,16,000000000,1,01,202309,3,4,01,0,09,49752,207733,207733,A24,
660690379,INTERNATIONAL UNION UNITED AUTO AER OSPACE & AGRICULTURAL WORKERS OF A,% JESSICA OTERO SANTANA,PO BOX 9023733,SAN JUAN,PR,00902-3733,0427,05,9,3000,194106,2,00,263000000,5,01,202512,3,4,01,0,12,69631,179106,179106,,UNION DE TRABAJADORES DE HACIENDA
660690686,IGLESIA CRISTIANA AD BAYAMON GARDEN STATION,% PETER ORTIZ GONZALEZ,PO BOX 3591,BAYAMON,PR,00958-0591,1678,03,9,7000,196408,1,10,001002029,5,01,,0,0,06,0,03,,,,,
660690932,CENTRO DE EMBAJADORES EN CABO ROJO INC,% EUGENIO AMBERT MAGALLON,PO BOX 5103,CABO ROJO,PR,00623-5103,0000,03,3,7100,201105,1,10,000000000,1,01,,0,0,06,0,12,,,,X20,
660692000,CORPORACION PARA LA CONSERVACION ETNOECOLOGICA CRIOLLA INC,% GIL R CALDERON RIVERA,PO BOX 8226,CAGUAS,PR,00726-8226,0000,03,3,1000,201410,1,15,000000000,1,01,202506,6,5,01,0,06,2784403,996096,996096,C36,
660692042,ASOCAGUAS INC,% FRANCISCO J MENDEZ,URB BAIROA CALLE 30 AP7,CAGUAS,PR,00725-0000,0000,04,3,3000,201201,2,00,000000000,1,01,202512,0,0,02,0,12,0,0,0,W80,HC 04 BOX 46818
660692390,IGLESIA EVANGELICA DE ADORACION Y CENTRO,% MARISOL RODRIGUEZ DIAZ,HC 4 BOX 45429,CAGUAS,PR,00727-9656,2046,03,9,7000,196911,1,10,001000000,5,01,,0,0,06,0,12,,,,,
660692753,DECIMANIA INC,% OMAR SANTIAGO-FUENTES,108 CALLE SUSONI,HATILLO,PR,00659-0000,0000,03,3,1000,202202,1,15,000000000,1,01,202512,4,5,01,0,12,147342,604982,604982,A90,
660693680,PROYECTO VIDAS INC,% ANGEL DAVILA,PO BOX 775,SAINT JUST,PR,00978-0775,0000,03,3,1200,200902,1,15,000000000,1,01,202312,1,2,02,0,12,7868,19857,19857,P30,
660694241,TUSKEGEE AIRMEN INC,% CARMEN C HEYWOOD,PO BOX 26493,CHRISTIANSTED,VI,00824-2493,5061,03,9,1000,198410,1,15,998000000,1,01,202512,0,0,02,0,12,0,0,0,Y40Z,VIRGIN ISLAND CHAPTER
660694325,PROYECTOS ALEGRIA INC,% DAVID GUADALUPE,PO BOX 9024118,SAN JUAN,PR,00902-4118,0000,03,3,1000,202204,1,15,000000000,1,01,202412,1,4,01,0,12,1083,100332,100332,P20,
660694561,KOREAN EVANGELICAL CHURCH OF GUAM,,PO BOX 10916,TAMUNING,GU,96931-0916,0000,03,3,7000,201410,1,10,000000000,1,01,,3,4,06,0,12,,,,X20,
660695085,HELENITES SPORTS CLUB INC,,PO BOX 706,KINGSHILL,VI,00851-0706,0000,03,3,1000,202401,1,16,000000000,1,01,,0,0,02,0,12,,,,O50,
660695186,EGIDA METROPOLITANA INC,% ABIGAIL RODRIGUEZ,908 STREET 1 SE REPARTO METROPOLITA,SAN JUAN,PR,00921-0000,0000,03,3,1000,201910,1,03,000000000,1,01,202412,4,2,00,1,12,493724,24508,,L21,
660695863,CASA DE RESTAURACION FAMILIAR-LA IGLESIA DE LA OLA,,PO BOX 4007,PUERTO REAL,PR,00740-4007,0000,03,3,7000,202601,1,10,000000000,1,01,,0,0,06,0,12,,,,X20,
660696410,IGLESIA CASA DE RESTAURACION PR INC,% JOANNA COLON COLLAZO,197 CALLE COCO PLUMOROSO,BAYAMON,PR,00956-9250,2046,03,9,7000,196911,1,10,000000000,5,01,,0,0,06,0,12,,,,,
660696668,HOGAR SUSTITUTO Y EDUCATIVO ROSANNA CORP,% CARMEN PILAR PORTELA,2151 CALLE TENIENTE LAVE,SAN JUAN,PR,00913-0000,0000,03,3,1000,202212,1,15,000000000,1,01,202412,5,5,01,0,12,756553,730488,730488,L41,
660697838,FUNDACION OE-INNOVATIVE TECHNOLOGY FOR EDUCATION INC,% MARIA A NEVAREZ,PO BOX 9844,SAN JUAN,PR,00908-0844,0000,03,3,1000,202206,1,04,000000000,1,25,202506,3,3,00,1,06,40013,68361,,U41,
660697994,TANTAI TEATRO PR CORP,% ISMANUEL RODRIGUEZ,COND EL CENTRO II APT 806 500 AVE,SAN JUAN,PR,00918-0000,0000,03,3,1000,202108,1,16,000000000,1,01,202506,3,3,01,0,06,30468,50015,50015,P20,
660698326,FUNDACION HERENCIA PRESBITERIANA EN PUERTO RICO INC,,201 COND MED CTR PLZ 740 AVENIDA HO,MAYAGUEZ,PR,00682-0000,1617,03,9,7000,196401,1,10,001029000,5,01,,0,0,06,0,12,,,,,
660698414,COBIMET INC,% UNIVERSIDAD DE SAGRADO CORAZON,PO BOX 373132,CAYEY,PR,00737-3132,0000,03,3,1000,201909,1,16,000000000,1,01,202212,4,4,01,0,12,423405,380654,380654,B70,
660699305,FUNDACION EL ANGEL DE MIGUEL COTTO INC,% MIGUEL A COTTO CARRASQUILLO,PO BOX 5160,CAGUAS,PR,00726-5160,0000,03,3,1000,201506,1,16,000000000,1,01,202412,4,4,01,0,12,152869,321527,321527,P20,
660699365,TRUST FOR VIRGIN ISLANDS LANDS INC,% CARL TESITOR JR,PO BOX 25842,CHRISTIANSTED,VI,00824-1842,0000,03,3,1000,201408,1,15,000000000,1,01,202512,7,5,01,0,12,9901362,896788,896788,C30,
660699846,EVANGELICA MISIONERA IGLESIA FARO DE LUZ,,CAROLINA SHOPPING CT STE 118,CAROLINA,PR,00986-0000,2046,03,9,7000,196911,1,10,000000000,5,01,,0,0,06,0,12,,,,,
660700340,TWIN CITY CRICKET ASSOCIATION INC,,243 ENFIELD GRN,FREDERIKSTED,VI,00840-4721,0000,03,3,1200,202405,1,15,000000000,1,01,,0,0,01,0,12,,,,N99,
660701458,ASESORES FINANCIEROS COMUNITARIOS INC,% SONIA CARRASQUILLO NIEVES,ANEXO FUNDACION ANGEL RAMOS,SAN JUAN,PR,00918-0000,0000,03,3,1200,201010,1,15,000000000,1,01,202506,4,5,01,0,06,273538,534073,534073,S30,
660701972,COLEGIO LA MONSERRATE INC,,PO BOX 1314,HORMIGUEROS,PR,00660-5314,0000,03,3,1200,201303,1,11,000000000,1,01,202512,3,4,01,0,12,63075,106094,106094,B20,
660702655,TESORITOS DAYCARE & LEARNING CENTER INC,% URB LAGO HORIZONTE PASEO LAGO,867 CALLE CAMPECHE,PONCE,PR,00717-1653,0000,03,3,1000,201105,1,16,000000000,1,01,202412,5,4,01,0,12,624526,410675,410675,P33,
660702805,INTERNATIONAL UNION UNITED AUTO AEROSPACE & AGRICULTURAL WORKERS,% NOE DIAZ CARRASQUILLO,3100 CARR 190 STE 201,CAROLINA,PR,00983-1983,0427,05,9,3000,194106,2,00,263000000,5,01,202512,2,3,01,0,12,12268,55984,55984,,4004 LOCAL UNION
660702811,TEMPLO UNITY DE BAYAMON,% ELIS FALGAS OROZCO,83-8 CALLE 70,BAYAMON,PR,00961-4539,2062,03,9,2700,197002,1,10,059029000,5,01,,0,0,06,0,12,,,,,
660702866,MINISTERIO EL REINO DE CRISTO INC,,CALLE C NO 52 URB PEPINO,SAN SEBASTIAN,PR,00685-0000,2046,03,9,7000,196911,1,10,000000000,5,01,,0,0,06,0,12,,,,,
660702867,IGLESIA TABERNACULO DE ADORACION CASA DEL JOVEN,% EDGARDO PADILLA APDO 406,PO BOX 43001,RIO GRANDE,PR,00745-6600,2046,03,9,7000,196911,1,10,000000000,5,01,,0,0,06,0,12,,,,,
660703193,INSTITUTO DE PERMACULTURA DE PUERTO RICO INC,% MAX PEREZ,CALL BOX 2020 PMB 101,BARCELONETA,PR,00617-0000,0000,03,3,1000,201301,1,15,000000000,1,01,202512,0,0,02,0,12,0,0,0,L21,
660703347,BANCO DE DESARROLLO CENTRO ORIENTAL,% BRENDALY MARCANO,PO BOX 1717,CAGUAS,PR,00726-1717,0000,03,3,1000,202401,1,15,000000000,1,01,202406,5,4,01,0,06,747273,185733,185733,S31,
660703382,SVS CHRISTIAN ACADEMY INC,% SANTO VELEZ SANCHEZ,2770 AVE HOSTOS STE 201,MAYAGUEZ,PR,00682-6384,0000,03,3,2000,201004,1,11,000000000,1,01,,3,3,00,0,12,,,,B24,
660703415,CENTRO CRIOLLO DE CIENCIAS Y TECNOLOGIA INC,% TASHA ENDARA,AVE GAUTIER BENITEZ 59,CAGUAS,PR,00725-0000,0000,03,3,2000,201404,1,15,000000000,1,01,202506,6,6,01,0,06,1127100,2064071,2064071,A50,
660704099,FESTIVAL INTERNACIONAL DE POESIA EN PUERTO RICO INC,% VICENTE RODRIGUEZ-NIETZSCHE,1020 GALLARDO GARDENS G4,GUAYNABO,PR,00966-0000,0000,03,3,2300,202306,1,15,000000000,1,01,202312,0,0,02,0,12,0,0,0,A99,
660704420,ISLANDS MISSION COMMUNITY INC,% AMEN CHURCH,SAIPAN 96950,MAURITIUS,,00000-0000,0000,03,3,7100,200902,1,10,000000000,1,01,202512,0,0,06,0,12,0,0,0,X21,AMEN CHURCH
660704749,FAITH OF CHRIST MINISTRIES INC,,PO BOX 6494,CHRISTIANSTED,VI,00823-6494,0000,03,3,7000,201608,1,10,000000000,1,01,,0,0,06,0,12,,,,X21,
660705065,CENTRO DE PERIODISMO INVESTIGATIVO INC,% CARLA MINET,PO BOX 6834,SAN JUAN,PR,00914-6834,0000,03,3,2000,201111,1,15,000000000,1,01,202412,6,6,01,0,12,2720834,2272932,2272932,A33,
660705189,ALIANZA DE JURISTAS CRISTIANOS,% IVETTE MONTES,PO BOX 1257,LUQUILLO,PR,00773-1257,0000,03,3,2000,201803,1,16,000000000,1,01,202512,0,0,02,0,12,0,0,0,R60,
660705975,ALPHA PHI OMEGA,% JAPHET COLON-HERNANDEZ,PO BOX 368158,SAN JUAN,PR,00936-8158,1113,03,9,1000,196606,1,16,036000000,5,01,202512,0,0,02,0,12,0,0,0,B83,PUERTO RICO ALUMNI ASSOCIATION
660706107,RYDER HOME FOR THE ELDERLY INC,% JOSE O ORTIZGARCIA,PO BOX 859,HUMACAO,PR,00792-0859,0000,03,3,1000,200901,1,16,000000000,1,01,202409,6,5,01,0,09,1513740,936105,936105,L22,
660706760,ASSPEN INTERNATIONAL INC,,PO BOX 360455,SAN JUAN,PR,00936-0455,0000,03,3,1000,202212,1,15,000000000,1,01,202412,4,4,01,0,12,301441,186103,186103,X21,
660706890,GUAM SEXUAL ASSAULT AND ABUSE RESOURCE CENTER,% ELLEN P BEZ MD,133 LAGOON DR,TAMUNING,GU,96913-3213,0000,03,3,1258,201504,1,16,000000000,5,01,202312,0,0,02,0,12,0,0,0,F42,GUAM SARC
660706966,IGLESIA BAUTISTA DE LAS CRUCES INC,,HC 4 BOX 46212,CAGUAS,PR,00727-9647,0000,03,3,1700,202601,1,10,000000000,1,01,,0,0,06,0,12,,,,X21,
660707386,COMUNIDAD LASC CRUCES INC,% JORGE PADILLA,HC 72 BOX 4048,NARANJITO,PR,00719-8785,0000,03,3,1000,202201,1,16,000000000,1,01,202412,4,3,01,0,12,265324,89807,89807,W80,
660707901,SAIPAN EVANGELICAL CHURCH INC,,PO BOX 503103,SAIPAN,MP,96950-3103,0000,03,3,7000,201105,1,10,000000000,1,01,,0,0,06,0,12,,,,X20,
660707904,CCRVA INC,% JULIO VARGAS,5 CALLE COFRESI,CABO ROJO,PR,00623-4220,3087,03,9,7000,197001,1,10,002006007,5,01,,0,0,06,0,12,,,,,
660708299,HOGAR ABRAZO DE AMOR INC,% JACKELINE RAMIREZ,PO BOX 144035 PMB 903,ARECIBO,PR,00614-4035,0000,03,3,5000,201002,1,15,000000000,1,01,202412,6,5,01,0,12,1185761,985150,985150,P30,
660708492,SANTUARIO CANITA DE LA DIVINA MISENCORDIA,% CARMEN CINTRON GARCIA,PO BOX 36698,SAN JUAN,PR,00936-0000,0000,03,3,1400,201505,1,15,000000000,1,01,202412,4,3,01,0,12,165534,80619,80619,D20,
660708566,NEW FAMILY CHURCH INC,% CARLOS Y SANCHEZ ACEVEDO,PO BOX 1584,ANASCO,PR,00610-1584,0000,03,3,7000,202506,1,10,000000000,1,01,,0,0,06,0,12,,,,X21,
660708629,ORDER OF MALTA INC FKA OUR LADY PEACE INC,,PO BOX 11823,ST THOMAS,VI,00801-4823,0000,03,3,1700,201805,1,15,000000000,1,01,202512,3,3,01,0,12,51185,90626,60758,L41,
660708638,ST JOHN MISSIONARY BAPTIST CHURCHES INC,% CALVARY BAPTIST CHURCH,PO BOX 1660,ST JOHN,VI,00831-1660,0000,03,3,7000,200812,1,10,000000000,1,01,,0,0,06,0,12,,,,X21,
660708754,IGLESIA CRISTIANA MANANTIAL DE AMOR,,UNB CAMPO REAL 24,LAS PIEDRAS,PR,00771-0000,2046,03,9,7000,196911,1,10,001000000,5,01,,0,0,06,0,12,,,,,
660708877,ARTE FITS FOUNDATION INC,,PO BOX 190538,SAN JUAN,PR,00919-0538,0000,03,3,1000,201906,1,04,000000000,1,01,202512,3,4,00,1,12,65800,135082,,A90,
660709725,A TASTE OF ST CROIX INC,% COLLIN HODGE,PO BOX 25122,CHRISTIANSTED,VI,00824-1122,0000,03,3,1000,202404,1,15,000000000,1,01,202412,3,3,01,0,12,59985,87555,87555,P12,
660709814,IGLESIA UNITY ESTRELLA DE ORACION,% NOEMI GONZALES-ARROYO,PO BOX 1457,AGUADA,PR,00602-1457,2062,03,9,2700,197002,1,10,059029000,5,01,,0,0,06,0,12,,,,,
660709894,ASOCIACION CIVICA CULTURAL Y DEPORTIVA RIO JUEYANA INC,% RAMON VAZQUEZ,PO P0X 1244,COAMO,PR,00769-0000,0000,03,3,1000,201904,1,15,000000000,1,01,202412,0,0,02,0,12,0,0,0,T50,
660710860,CORAL FILARMONICA DE SAN JUAN,% DEBORAH ARUS,PO BOX 19898,SAN JUAN,PR,00910-1898,0000,03,3,1000,201005,1,16,000000000,1,01,202412,3,3,01,0,12,30080,55188,55188,A6B,
660711307,AMERICA DEVELOPING SMILES DE PR INC,% URB IND VICTOR FERNANDEZ,CALLE 3 340 STE 1,SAN JUAN,PR,00926-4265,0000,03,3,1200,201111,1,15,000000000,1,01,202412,3,3,01,0,12,75960,74370,74370,B90,
660711321,GOOD NEWS CHURCH OF SAIPAN INC,,PO BOX 506691,SAIPAN,MP,96950-4340,0000,03,3,7000,201104,1,10,000000000,1,01,,0,0,06,0,12,,,,X20,
660711334,CHILDRENS ZONE INC URB FOREST VIEW,% BRENDA CLAUDIO,URB FOREST VIEW H-234,BAYAMON,PR,00956-0000,0000,03,3,1200,201908,1,15,000000000,1,01,202512,4,6,01,0,12,206708,1075472,1075472,P33,
660711535,CNMI MISSION AVIATION ORGANIZATION INC,,PO BOX 503581,SAIPAN,MP,96950-3581,0000,03,3,7120,201108,1,10,000000000,1,01,,0,0,06,0,12,,,,X20,
660711632,ALIANZA DE LIDERES COMMUNITARIOS DE PUERTO RICO INC,% JORGE OYOLA TORRES,PO BOX 2401,GUAYNABO,PR,00970-2401,0000,04,3,3000,202201,2,00,000000000,1,01,202512,1,1,02,0,12,6703,20,20,P20,
660712271,HOSPITAL EPISCOPAL SAN LUCAS DEL ESTE INC,% JOSE MARTINO,PO BOX 336810,PONCE,PR,00733-6810,0000,03,3,1000,200812,1,12,000000000,1,01,202512,0,0,02,0,12,0,0,0,E20,
660713442,INCUBADORA MICROEMPRESA BIEKE INC,% NILDA MEDINA DIAZ,PO BOX 1424,VIEQUES,PR,00765-1424,0000,03,3,1000,200911,1,15,000000000,1,01,202412,3,3,01,0,12,56509,99977,99977,S32,
660713524,LASH ENTERTAINMENT,% SAMANTHA HARLOW,PO BOX 2526,KINGSHILL,VI,00851-2526,0000,04,3,3000,200903,2,00,000000000,1,01,202509,0,0,02,0,09,0,0,0,A20,
660714243,FRIENDS OF THE CRIME LAB INC,% SHARON ISHIZAKI,260 CLUB HOUSE DR,YONA,GU,96915-4952,0000,03,3,2000,201009,1,15,000000000,1,01,202512,0,0,02,0,12,0,0,0,B99,
660714669,CORPORACION EL PUNTO EN LA MONTANA,% IVETTE RODRIGUEZ,PO BOX 30183,SAN JUAN,PR,00929-1183,0000,03,3,2000,201905,1,15,000000000,1,01,202412,4,4,01,0,12,407834,422445,422445,G81,
660714681,ISLAND GREEN BUILDING ASSOCIATION,% JOSEPH KESSLER,6-A ESTATE SUSANNABERG,ST THOMAS,VI,00830-0000,0000,03,3,1200,202012,1,15,000000000,1,01,202512,6,5,01,0,12,1033683,858714,858714,C60,
660715589,CONCERNED RESIDENTS FOR IMPROVEMENT,,546 CALLE PLINIO PETERSON,VIEQUES,PR,00765-3005,0000,03,3,1200,201209,1,15,000000000,1,01,202412,1,3,01,0,12,3146,52835,52835,B90,
660716351,IEM ROSA DE SARON,,HC 2 BOX 4638,SABANA HOYOS,PR,00688-9575,2046,03,9,7000,196911,1,10,000000000,5,01,,0,0,06,0,12,,,,,
660716353,IGLESIA DE RESTAURACION JEHOVA YIREH,,HC 72 BOX 3766-306,NARANJITO,PR,00719-0000,2046,03,9,7000,196911,1,10,000000000,5,01,,0,0,06,0,12,,,,,
660716699,GUAMS ALTERNATIVE LIFESTYLE ASSOCIATION,,PO BOX 128,HAGATNA,GU,96932-0128,0000,03,3,1000,202409,1,15,000000000,1,01,202412,4,4,01,0,12,407752,435857,435857,P20,
660716909,COMUNIDAD ALTURA DE COLLORES INC,% CARMEN HEREDIA,HC 2 BOX 7991,JAYUYA,PR,00664-9651,0000,03,3,1600,201811,1,16,000000000,1,01,202412,0,0,02,0,12,0,0,0,W80,
660717472,COLEGIO PREESCOLAR LIMARI INC,,VALLE ARRIBA HEIGHTS A3 CALLE JAGUA,CAROLINA,PR,00983-0000,0000,03,3,1200,202510,1,16,000000000,1,01,202512,2,4,01,0,12,21160,224628,224628,B25,
660717603,JUNIOR ACHIEVEMENT OF THE VIRGIN ISLANDS INCORPORATED,% KELLERHALS FERGUSON KROBLIN PLLC,PO BOX 304337,ST THOMAS,VI,00803-4337,0000,03,3,2000,202305,1,16,000000000,1,01,202506,3,4,02,0,06,25446,176349,176349,O53,
660717749,PUERTO RICO QUEER FILMFEST INC,,PO BOX 9021099,SAN JUAN,PR,00902-1099,0000,03,3,1200,202501,1,15,000000000,1,01,202412,3,3,02,0,12,89015,25109,25109,R26,
660718644,PSI CHI THE NATIONAL HONOR SOCIETY IN PSYCOLOGY,% BERNADETTE DELGADO,CELIS BUILDING SUITE 303,MAYAGUEZ,PR,00681-0000,1400,03,9,2000,195712,1,16,059036000,5,01,202506,0,0,02,0,06,0,0,0,,UNIVERSITY OF PUERTO RICO MAYAGUEZ
660718884,MY BROTHERS WORKSHOP,% ERIKA KELLERHALS,PO BOX 503205,ST THOMAS,VI,00805-3205,0000,03,3,2100,201307,1,15,000000000,1,01,202412,7,6,01,0,12,8988108,2583529,2583529,B60,
660719172,COLEGIO DE APRENDIZAJE Y DESAROLLO INTEGRADO CORP,% NYDIA HERNANDEZ RIVERA,PO BOX 578,MOCA,PR,00676-0578,0000,03,3,1000,201406,1,11,000000000,1,01,202412,7,6,01,0,12,5532783,3521803,3521803,B99,CARLOS A VALE COLON
660719546,ALEGA PRESERVATION INSTITUTE,% 0,PO BOX 3576,PAGO PAGO,AS,96799-3576,0000,03,3,2000,201803,1,16,000000000,1,01,202512,0,0,02,0,12,0,0,0,A20,
660719663,FBI NATIONAL CITIZENS ACADEMY ALUMNI ASSOCIATION INC,,PO BOX 190955,SAN JUAN,PR,00919-0955,0000,03,3,1000,202310,1,16,000000000,1,01,202512,0,0,02,0,12,0,0,0,I20,
660719769,EVER GREEN CHURCH INC,,PO BOX 502960,SAIPAN,MP,96950-2960,0000,03,3,7100,201206,1,10,000000000,1,01,,0,0,06,0,12,,,,X20,
660720052,MAS INTEGRATED SCHOOL MASIS INC,% ROSA N AVILES,4524 BIANCAS CONVENTION CTR STE 5,ANASCO,PR,00610-9684,0000,03,3,2000,202109,1,11,000000000,1,01,202506,0,0,02,0,06,0,0,0,B90,
660720055,IGLESIA WESLEYANA DE CAROLINA,% FRANCISCO RIVERA NARVAEZ,URB JARDINES DE CAROLINA COND THOMA,CAROLINA,PR,00987-0000,2079,03,9,7200,197005,1,10,601030000,5,01,,0,0,06,0,06,,,,,
660720302,TIERRA DE LUNA CORP,,AVE SAN CLAUDIO 369 SUITE 3,SAN JUAN,PR,00926-0000,0000,03,3,1000,202212,1,15,000000000,1,01,202512,0,0,02,0,12,0,0,0,A23,
660720371,GO-GOGO FUNDATION CORP,,PO BOX 801530,COTO LAUREL,PR,00780-1530,0000,03,3,1200,202206,1,15,000000000,1,01,202412,6,5,01,0,12,1418247,966005,966005,E32,
660720452,CORE TECH FOUNDATION INC,,388 S MARINE CORPS DR STE 400,TAMUNING,GU,96913-3937,0000,03,3,1000,201802,1,15,000000000,1,01,202512,1,3,01,0,12,1951,50000,50000,,
660720625,DISABLED AMERICAN VETERANS AUXILIARY INC,% ANA I LOZANO PAGAN,PO BOX 266,PUERTO REAL,PR,00740-0266,2473,04,9,1000,197310,1,00,000000000,5,01,202606,0,0,02,0,06,0,0,0,,7 FAJARDO
660720910,ALL SATOS RESCUE INCORPORATED,% EDILIA VAZQUEZ,212 CALLE EMANUELLI,SAN JUAN,PR,00917-4104,0000,03,3,1000,201004,1,15,000000000,1,01,202412,3,4,01,0,12,48585,171790,171790,D20,
660721073,GOSEN IGLESIA DE LA FAMILIA INC,% JESUS MADERA TORRES,PO BOX 4960 PMB 243,CAGUAS,PR,00726-4960,2046,03,9,7000,196911,1,10,001000000,5,01,,0,0,01,0,12,,,,,
660721432,PEQUENO CAMPEON DE JESUS INC,,PO BOX 718,BARCELONETA,PR,00617-0718,0000,03,3,1200,202104,1,15,000000000,1,01,202509,7,7,01,0,09,8972662,7147703,7147703,B28,
660721939,TECHNOLOGY AND EDUCATION CENTER FOR RENEWABLE ENERGY,% EUGENE SMOTKIN,PO BOX 9023324,SAN JUAN,PR,00902-3324,0000,03,3,2800,202309,1,16,000000000,1,01,202512,0,0,02,0,12,0,0,0,C35,TECRE CORP
660722215,TEMPLE PENTECOSTAL LA HERMOSA,% DIEGO NEGRON,CALLE SANTIAGO IGLESIAS 205,ARECIBO,PR,00612-0000,1678,03,9,7000,196408,1,10,001002029,5,01,,0,0,06,0,03,,,,,
660722490,YEDAM MISSION CENTER,,PO BOX 505899,SAIPAN,MP,96950-4327,0000,03,3,2000,201109,1,10,000000000,1,01,202212,0,0,06,0,12,0,0,0,X21,YEDAM MISSION CENTER
660722849,SAIPAN JESUS LOVE CHURCH,,PO BOX 10000 PMB 603,SAIPAN,MP,96950-8900,0000,03,3,7000,201001,1,10,000000000,1,01,,0,0,06,0,12,,,,X21,ON NOO RI CHURCH
660722922,SHALOM CHURCH,% SEA YOUNG KIM,PO BOX 1726,SAIPAN,MP,96950-6028,0000,03,3,7000,201003,1,10,000000000,1,01,202312,0,0,06,0,12,0,0,0,X21,
660723251,SOLO POR HOY,% BELINDA HILL,1429 AVE SAN IGNACIO,SAN JUAN,PR,00921-4718,0000,03,3,1000,201004,1,15,000000000,1,01,202512,6,6,01,0,12,1310202,1678148,1678148,I31,
660723962,HOPE HOUSE,% HOPE HOUSE,PO BOX 596,PAGO PAGO,AS,96799-0596,0928,03,9,7000,194603,1,10,031150120,5,01,,0,0,06,0,12,,,,,
660723985,FUNDACION CAUSA EN ACCION,,PO BOX 10342,HUMACAO,PR,00792-1342,0000,03,3,1000,201510,1,15,000000000,1,01,202512,0,0,02,0,12,0,0,0,X99,
660724081,GUARDIANS OF CULTURE INC,% WILLARD JOHN,PO BOX 3940,KINGSHILL,VI,00851-3940,0000,03,3,1200,202109,1,16,000000000,1,01,202512,0,0,02,0,12,0,0,0,A03,
660724133,CRUCIAN EDUCATIONAL NON PROFIT GROUP INC,% ANA VELEZ-MARTINEZ,PO BOX 8294,CHRISTIANSTED,VI,00823-8294,0000,03,3,1200,202603,1,04,000000000,1,01,201312,3,4,00,1,12,86990,65000,65000,A34,
660724278,COMUNIDAD JUAN HERNANDEZ INC,% COMUNIDAD JUAN HERNANDEZ,PO BOX 862,ADJUNTAS,PR,00601-0862,0000,03,3,1000,202106,1,16,000000000,1,01,202512,0,0,02,0,12,0,0,0,W80,COMUNIDAD SECTOR HERNANDEZ
660724358,AUTISM SOCIETY OF THE CNMI,% ROMEO CUELLAR,PO BOX 503529,SAIPAN,MP,96950-3529,0000,03,3,1200,201712,1,16,000000000,1,01,202412,0,0,02,0,12,0,0,0,P80,
660725105,INSTITUTO NUEVA ESCUELA,% YMA N RIOS,AVE PONCE DE LEON 1101,SAN JUAN,PR,00926-0000,0000,03,3,2000,201107,1,15,000000000,1,01,202506,6,8,01,0,06,3772592,11084706,11084706,B90,
660725158,PUERTO RICO COMMUNITY HOUSING DEVELOPMENT INC,,RR 3 BOX 3724,SAN JUAN,PR,00926-0000,0000,03,3,1000,201005,1,15,000000000,1,01,202512,0,0,02,0,12,0,0,0,L21,
660725543,INITIATIVE FOR INDEPENDENT SCHOOLING IN PUERTO RICO INC,,PO BOX 6161,AGUADILLA,PR,00604-2200,0000,03,3,2000,201004,1,11,000000000,1,01,202412,4,4,01,0,12,100040,485677,485677,B21,
660725962,SAIPAN BAITUS SALAM JAM-E-MASJID INC,,PO BOX 503708,SAIPAN,MP,96950-3708,0000,03,3,7000,201501,1,10,000000000,1,01,,0,0,06,0,12,,,,X99,
660726113,FUNDACION PUERTORRIQUENA DE ENFERMEDADES REUMATICAS INC,,PO BOX 10531,SAN JUAN,PR,00922-0531,0000,03,3,2000,201802,1,15,000000000,1,01,202412,3,3,01,0,12,49045,74523,74523,E70,
660726399,CARLOS BELTRAN BASEBALL ACADEMY INC,,PO BOX 1115,FLORIDA,PR,00650-1115,0000,03,3,2000,201408,1,11,000000000,1,01,202512,6,6,01,0,12,4126396,1964631,1964631,N63,
660726708,COMMONWEALTH CANCER ASSOCIATION INC,% LYNNETTE TENORIO,PO BOX 5665,SAIPAN,MP,96950-5555,0000,03,3,1000,202001,1,15,000000000,1,01,202412,4,4,01,0,12,253480,215057,215057,G30,
660727042,KINESIS INC,,1001 CALLE SAN ROBERTO,SAN JUAN,PR,00926-2757,0000,03,3,1000,201003,1,03,000000000,1,01,202506,8,6,00,1,06,19321854,3556923,,O50,
660727301,FUNDACION DR CARLOS LOPEZ SOMOLINOS INC,% LUIS A OCASIO RIVERA,PMB 330-425,DORADO,PR,00646-0000,0000,03,3,1000,201308,1,15,000000000,1,01,202512,5,4,01,0,12,847315,252316,252316,B82,
660727624,VET FOR STRAYS INC,% DORIS ACEVEDO,4003 CALLE CARLOS CARTAGENA,PONCE,PR,00717-0328,0000,03,3,1000,201708,1,15,000000000,1,01,202512,0,0,02,0,12,0,0,0,D20,
660727883,CENTRO ISLAMICO DE ARECIBO INC,,PO BOX 1249,HATILLO,PR,00659-1249,0000,03,3,7000,201601,1,10,000000000,1,01,,4,1,06,0,12,,,,X40,
660728293,MENTES PUERTORRIQUENAS EN ACCION INC,% CAROLINA MEJIAS RIVERA,PO BOX 30518,SAN JUAN,PR,00929-1518,0000,03,3,1200,201702,1,16,000000000,1,01,202412,5,5,01,0,12,731681,866695,866695,W70,
660729110,FAVOR PRESBYTERIAN CHURCH OF SAIPAN,,PO BOX 505719,SAIPAN,MP,96950-4324,0000,03,3,7100,201211,1,10,000000000,1,01,202412,0,0,06,0,12,0,0,0,X99,FAVOR PRESBYTERIAN CHURCH OF SAIPAN
660729493,FUNDACION A-MAR BARA NINOS QUEMADOS,% BONNIE GUZMAN,PO BOX 193652,SAN JUAN,PR,00919-3652,0000,03,3,1000,201403,1,15,000000000,1,01,202512,5,5,01,0,12,863178,685926,685926,E86,BONNIE GUZMAN PRESIDENT
660729908,ROTARY SUNRISE CHARITABLE FUND INC,% JENIFER SMITH,PO BOX 7625,ST THOMAS,VI,00801-0625,0000,03,3,1000,201008,1,16,000000000,1,01,202506,0,0,02,0,06,0,0,0,B82,
660730041,ALLIANZA COMUNITARIA DE LA NONTANA INC,% MARIA SANTIAGO,HC 2 BOX 11019,YAUCO,PR,00698-9693,0000,03,3,1000,202203,1,15,000000000,1,01,202512,0,0,02,0,12,0,0,0,S20,
660730694,CASTLE ZION CHURCH INC,,PO BOX 26637,BARRIGADA,GU,96921-6637,0000,03,3,7000,201003,1,10,000000000,1,01,,0,0,06,0,12,,,,X21,
660730779,ATENAS COMMUNITY HEALTH CENTER ACHC INC,,CARR 2 KM 50 0,MANATI,PR,00674-0000,0000,03,3,1000,201411,1,12,000000000,1,01,202506,6,7,01,0,06,1537012,5753953,5753953,E210,
660731022,IGLESIA PENTECOSTAL EL JARDIN DE DIOS,,PO BOX 35000,CANOVANAS,PR,00729-0014,2046,03,9,7000,196911,1,10,001000000,5,01,,0,0,01,0,12,,,,,
660731242,IEM EBENEZER INC,,HC 1 BOX 6323,SABANA HOYOS,PR,00688-8624,2046,03,9,7000,196911,1,10,000000000,5,01,,0,0,06,0,12,,,,,
660731827,ALIANZA PARA LA EDUCACION ALTERNATIVA INC,,PO BOX 9024075,SAN JUAN,PR,00902-4075,0000,03,3,1200,202108,1,15,000000000,1,01,202506,4,8,01,0,06,220954,15000000,15000000,B90,
660731885,INTERCAMBIOS PUERTO RICO INC,% RAFAEL TORRUELLA,165 CALLE DIEGO ZALDUONDO 2ND FLOOR,FAJARDO,PR,00738-0000,0000,03,3,2000,201202,1,15,000000000,1,01,202506,6,6,01,0,06,2173091,1300440,1300440,E70,
660732176,ABRIENDO PUERTAS AL FUTURO INC,,URB FLAMGOYAN 6 DNS F6 CAZLB 8,BAYAMON,PR,00959-0000,0000,03,3,1200,201103,1,15,000000000,1,01,,1,0,00,0,08,,,,P82,
660733136,INTEGRITY WOMEN IN BUSINESS CENTE,,PO BOX 24801,CHRISTIANSTED,VI,00824-0801,0000,03,3,2000,201508,1,16,000000000,1,01,202312,0,0,02,0,12,0,0,0,S40,ABBELLE BAKR PRESIDENT
660733345,ISLAND SUCCESS THROUGH LEARNING,% C/O LEONARD STOHR,535 CHALAN PALE RH,YIGO,GU,96929-2423,0000,03,3,1000,201402,1,15,000000000,1,01,202512,0,0,02,0,12,0,0,0,B19,
660733385,IGLESIA PENTECOSTAL UNCION DE CRISTO INC,% EDUARDO RAMOS,HC 5 BOX 31528,HATILLO,PR,00659-9787,0000,03,3,1257,202106,1,16,000000000,1,01,202512,0,0,02,0,12,0,0,0,X20,
660733558,GENERAL COUNCIL OF THE ASSEMBLIES OF GOD OF THE NMI,% RAYMOND KINSELLA,PO BOX 502140,SAIPAN,MP,96950-2140,0000,03,3,7000,201101,1,10,000000000,1,01,,0,0,06,0,12,,,,X20,
660733774,IGLESIA CASA DEL PADRE INC URB COLINAS DE FAIRVIEW,% IGLESIA CASA DEL PADRE INC URB CO,CARR 181 LAGO ALTO PLAZA LOCAL 4 Y,TRUJILLO ALTO,PR,00976-0000,0000,03,3,1200,202211,1,10,000000000,1,01,,0,0,06,0,12,,,,X20,
660733866,ALIANZA DE LIDERES RINCOENOS INC,% IRMA R BARTOLOMEY VELEZ,PO BOX 1463,RINCON,PR,00677-1463,0000,03,3,1000,202204,1,15,000000000,1,01,202512,0,0,02,0,12,0,0,0,P28,
660734056,TOUCHPOINT CHURCH OF GOD,% ANDREW JAVIER,PO BOX 20850,BARRIGADA,GU,96921-0850,1489,03,9,7000,196007,1,10,001268000,1,01,,0,0,06,0,12,,,,,
660734425,OBOE MOBILE FOUNDATION INC,,PO BOX 195094,SAN JUAN,PR,00919-5094,0000,03,3,2000,201507,1,15,000000000,1,01,202412,0,0,02,0,12,0,0,0,A68,
660734471,MARIANAS CHRISTIAN CHURCH,,PO BOX 504294,SAIPAN,MP,96950-4294,0000,03,3,7000,201410,1,10,000000000,1,01,,0,0,06,0,12,,,,X20,
660734593,DOMINICANOS ACTION COMMITTEE INC,,88A CASTLE COAKLEY,CHRISTIANSTED,VI,00820-0000,0000,03,3,1230,202402,1,16,000000000,1,01,201412,3,3,02,0,12,53473,48824,48824,A23,
660734861,ERICAS HOUSE,% WILLIE REPLAN,PO BOX 21263,BARRIGADA,GU,96921-1263,0000,03,3,1000,201412,1,15,000000000,1,01,202409,4,4,01,0,09,129717,262778,262778,P62,
660735422,CHRISTIAN BIBLE FELLOWSHIP CHURCH,% ANGELITO PAGALA ROLE,PO BOX 7274,SAIPAN,MP,96950-7274,0000,03,3,7000,201407,1,10,000000000,5,01,202412,0,0,06,0,12,0,0,0,X20,
660735463,STTHOMAS-STJOHN HOTEL&TOURISMASSOCEDUCATION SCHOLA,% LISA HAMILTON,PO BOX 302300,CHARLOTTE AMA,VI,00803-2300,0000,03,3,1000,201009,1,15,000000000,1,01,202412,0,0,02,0,12,0,0,0,B82,
660735810,IGLESIA EVANGELICA MISIONERA JEHOVA SAMA II,,PO BOX 50237,TOA BAJA,PR,00950-0237,2046,03,9,7000,196911,1,10,001000000,5,01,,0,0,01,0,12,,,,,
660735910,TAFUNA BAPTIST CHURCH,% BRIAN SMART,PO BOX O,PAGO PAGO,AS,96799-9714,1606,03,9,7000,196311,1,10,036000000,5,01,,0,0,06,0,12,,,,,
660736063,RIOVENA FOUNDATION INC,% JORGE L RODRIGUEZ,FERNANDEZ JUNCOS AVE 2ND FLOOR,SAN JUAN,PR,00907-0000,0000,03,3,1000,201711,1,03,000000000,1,01,202506,1,3,00,1,06,2419,92117,,M20,
660736115,BETA-LOCAL INC,% PABLO GUARDIOLA,PO BOX 9023697,SAN JUAN,PR,00902-3697,0000,03,3,2000,201110,1,15,000000000,1,01,202506,4,4,01,0,06,456669,328157,328157,A20,
660736385,WORLD MISSION CHURCH INC,,PO BOX 505246,SAIPAN,MP,96950-4316,0000,03,3,7000,201106,1,10,000000000,1,01,,0,0,06,0,12,,,,X99,WORLD MISSION CHURCH
660736600,INDWELLING MINISTRIES,% PASTOR T JONES,PO BOX 26893,BARRIGADA,GU,96921-6893,0000,03,3,7000,201105,1,10,000000000,1,01,,3,3,06,0,12,,,,X21,
660736893,WE ALL CARE INC,% LIZBETH ROSA ROSA,CALLE DR EREZ FREYTES B1 20 5TA SEC,TOA BAJA,PR,00950-0000,0000,03,3,1700,202407,1,16,000000000,1,01,202512,0,0,02,0,12,0,0,0,B19,
660736943,EL PASTILLO CONSERVATION TRUST INC,% JOAQUIN LOPEZ,PO BOX 2599,ISABELA,PR,00662-9599,0000,03,3,2000,201404,1,15,000000000,1,01,202512,3,3,01,0,12,30488,56334,56334,U36,
660737189,IFD INC,% OSCAR CUCURULLO,M 31 CALLE HILL DR RD URB TORRIMAR,GUAYNABO,PR,00966-0000,0000,03,3,2000,201102,1,15,000000000,1,01,202503,5,6,01,0,03,522220,1529737,1529737,B99,INSTITUTO DE FORMACION DEMOCRATICA
660737402,KOINONIA COMMUNICATION INC,% DR DAVID GUADALUPE EJ,PO BOX 9024118,SAN JUAN,PR,00902-4118,0000,03,3,1200,202006,1,16,000000000,1,01,202412,1,0,02,0,12,1,0,0,A33,
660737571,FUNDACION AMIGOS DE EL YUNQUE INC,% ANGELITA RIECKEHOFF,PO BOX 367024,SAN JUAN,PR,00936-7024,0000,03,3,1000,201407,1,15,000000000,1,01,202312,3,4,01,0,12,71426,290302,290302,C36,
660738123,ISSACHAR K TIGRE CHINNERY FOUNDATION-VICTIMS UNITED INC,% BERNADETTE PATRICIA GONSALVES,PO BOX 308301,ST THOMAS,VI,00803-8301,0000,03,3,1000,201703,1,15,000000000,1,01,202512,0,0,02,0,12,0,0,0,P62,
660738493,IGLESIA LA TRAVESIA,,PO BOX 366712,SAN JUAN,PR,00936-6712,0000,03,3,7000,201910,4,10,000000000,1,01,,0,0,06,0,12,,,,X21,LA TRAVESIA
660738647,PUERTO RICO ELITE BASEBALL FOUNDATI ON INC,% EDWIN RODRIGUEZ,239 AVE ARTERIAL HOSTOS STE 1006,SAN JUAN,PR,00918-1477,0000,03,3,1000,202606,1,15,000000000,1,01,,0,0,01,0,12,,,,N63,
660738889,HERMANOS SIN FRONTERAS INC,% ROSA MILAGROS OSPINA,10 URB PAGAN,CABO ROJO,PR,00623-4502,0000,03,3,1200,201810,1,16,000000000,1,01,202503,0,0,02,0,03,0,0,0,A25,
660738929,WOMENS COMMUNITY ACTION PROGRAM,% ALICE PILI,PO BOX 2606,PAGO PAGO,AS,96799-2606,0000,03,3,1000,201010,1,15,000000000,1,01,202509,0,0,02,0,09,0,0,0,Q33,
660739254,EL PODER DE LA PALABRA PROFETICA DE DIOS,,PO BOX 500,VEGA BAJA,PR,00694-0500,0000,03,3,7000,201711,1,15,000000000,1,01,202512,0,0,02,0,12,0,0,0,,
660739583,LOVE OF CHRIST MINISTRIES INC,,8168 CROWN BAY MARINA STE 505 # 427,ST THOMAS,VI,00802-5866,0000,03,3,7000,201004,1,10,000000000,1,01,,0,0,06,0,12,,,,X21,
660740042,ACE EDUCATION,% DAEYOUNG HUH,SAIPAN MP 96950,MAURITIUS,,00000-0000,0000,03,3,2000,201105,1,15,000000000,1,01,202512,0,0,02,0,12,0,0,0,B90,
660740170,MUSEO DE LA HISTORIA DE SAN GERMAN,% JOSE CALIANO,PO BOX 1836,SAN GERMAN,PR,00683-1836,0000,03,3,2000,201209,1,15,000000000,1,01,202512,3,3,02,0,12,41085,37931,37931,A54,
660740763,MINISTERIO PROJECTO-CREE CAMINO DE PAZ INC,,PO BOX 660,SAN SEBASTIAN,PR,00685-0660,0000,03,3,1200,202403,1,15,000000000,1,01,202512,0,0,02,0,12,0,0,0,O50,
660740792,COMITE PRO AYUDA BALONCESTO INC COPABI,,BZN 99 CARR 475,ISABELA,PR,00662-0000,0000,03,3,1200,202205,1,16,000000000,1,01,,2,0,02,0,12,,,,,
660741766,PLENITUD INICIATIVAS ECOEDUCATIVAS INC,% PLENITUD INCIATIVAS ECOEDUCATIVAS,PO BOX 394,LAS MARIAS,PR,00670-0394,0000,03,3,1000,201404,1,16,000000000,1,01,202412,6,6,01,0,12,2107037,1981249,1955838,C30,
660742449,IGLESIA MISIONERA JESUCRISTO REY DE REYES,,PO BOX 598,VEGA BAJA,PR,00694-0598,2046,03,9,7000,196911,1,10,001000000,5,01,,0,0,01,0,12,,,,,
660742560,VIRGIN ISLANDS TRIATHLON FEDERATION INC,% CAROL HADLEY MURPHY,PO BOX 24331,CHRISTIANSTED,VI,00824-0331,0000,03,3,1000,201106,1,16,000000000,1,01,202512,0,0,02,0,12,0,0,0,N70,
660743234,TASIS DORADO EDUCATIONAL FOUNDATION INC,% LOUIS R CHRISTIANSEN,11 CARR 693,DORADO,PR,00646-3452,0000,03,3,1000,201808,1,11,000000000,1,01,202506,9,8,01,0,06,74051240,46255137,46255137,B20,
660743677,ENLASSSE INC,% MARIE NUNEZ,BALCONES MONTE REAL D1404 APARTADO,CAROLINA,PR,00987-0000,0000,03,3,1200,201303,1,15,000000000,1,01,202512,0,0,02,0,12,0,0,0,P40,
660744022,SABANA GRANDE COMMUNITY AND ECONOMIC DEVELOPMENT,% JOSE PIETRI MARTINEZ,PO BOX 1119,SABANA GRANDE,PR,00637-1119,0000,03,3,1000,201201,1,15,000000000,1,01,202412,3,5,01,0,12,88248,518707,518707,S20,SACED CORP
660744314,TEMPLO LA CARIDAD DEL COBRE INC,% TEMPLO LA CARIDAD DEL COBRE,706 STE 1 CAMINO EL GUAYO,MAYAGUEZ,PR,00680-8114,0000,03,3,7000,202107,1,10,000000000,1,01,,0,0,06,0,12,,,,X99,TEMPLO LA CARIDAD DEL COBRE
660745229,BUILDING BRIDGES MINISTRIES INC,% IGLESIA LUTERANA GETSEMANI,PO BOX 585,DORADO,PR,00646-0585,9386,03,9,7000,198804,1,10,001000000,1,01,,0,0,06,0,12,,,,,
660745236,KINGDOM CHRISTIAN ACADEMY,% EDDIE MOLINA,URB MARTOREL A3 LUIS MUNOZ RIVERA,DORADO,PR,00646-0000,0000,03,3,2000,202202,1,11,000000000,1,01,202406,3,5,01,0,06,86373,807987,807987,B20,
660745289,CASA JUAN PABLO II INC,% JAVIER AQUINO-FLORENCIANI,PO BOX 3011,SAN GERMAN,PR,00683-3011,0000,03,3,1000,201103,1,15,000000000,1,01,202412,3,4,01,0,12,58752,140713,140713,F20,
660745568,PET SOS FOUNDATION CORP,% LIZETTE DIAZ,PO BOX 16259,SAN JUAN,PR,00908-6259,0000,03,3,1400,201408,1,15,000000000,1,01,202512,0,0,02,0,12,0,0,0,D99,
660745570,TEATRO DE IMPACTO NEFESH INC,% MARIELI DIAZ DURAN,PO BOX 6017 PMB 2300,CAROLINA,PR,00984-6017,0000,03,3,1230,202509,1,15,000000000,1,01,,0,0,02,0,12,,,,P20,
660745574,PENTECOSTAL FAITH MINISTERIAL ASSOCIATION,% DR LUIS A NAZARIO,4E21 L VERDE,BAYAMON,PR,00956-0000,3317,03,9,7000,199112,1,10,000000000,5,01,,0,0,06,0,06,,,,,INTL CONF OF CHRIST CHAPLAINS
660745632,EDUCATIONAL THEATRE ASSOCIATION,% HAROLD EASTON,PO BOX 500207,SAIPAN,MP,96950-0207,5115,03,9,2000,198904,2,16,000000000,1,01,,0,0,01,0,07,,,,,THESPIANS OF THE WESTERN PACIFIC IS
660746151,VIRGIN ISLAND TRACK AND FIELD FEDERATION,% WALLACE WILLIAMS,231 MOUNT PELLIER,FREDERIKSTED,VI,00840-4178,0000,03,3,2000,201608,1,16,000000000,1,01,202512,0,0,02,0,12,0,0,0,N70,
660746427,ASOCIACION PUERTORRIQUENA DE AYUDA APCUENTESDIFSORIASIS INC,% LETICIA N LOPEZ RODRIGUEZ,COND PUERTA DEL SOL NUM 75 APT 1909,SAN JUAN,PR,00926-0000,0000,03,3,1230,202203,1,16,000000000,1,01,202412,4,4,01,0,12,183941,131733,131733,G40,
660746959,FAITH WESLEYAN HOLINESS CHURCH,% LEROY LUKE,PO BOX 12266,ST THOMAS,VI,00801-5266,2079,03,9,7200,197005,1,10,601030000,5,01,,0,0,06,0,06,,,,,ORNA GREENE SECR
660747234,OCEANIC ASCENT EDUCATION & ATHLETICS INC,% MARLYN OBERIANO,PO BOX 1607,HAGATNA,GU,96932-1607,0000,03,3,2000,202010,1,15,000000000,1,01,202412,7,6,01,0,12,5103910,1056838,1056838,C60,
660747970,PUERTO RICO ADVANCE INSTITUTE CORP,% ESTEFANI DE LA CRUZ,PO BOX 1371,BAYAMON,PR,00960-1371,0000,03,3,1200,201405,1,11,000000000,1,01,202506,4,4,01,0,06,178097,373817,373817,B99,
660749099,LOVE YOUR NEIGHBOR MINISTRIES,% CAROL BAQUI,PO BOX 3465,PAGO PAGO,AS,96799-3465,0000,03,3,1237,202605,1,16,000000000,1,01,,0,0,02,0,12,,,,S99,
660749146,ARRECIFES PRO CIUDAD IN,% FRANCISCO LOPEZ MUJICA,6981 COND PINE GROVE APT 11A,CAROLINA,PR,00979-0000,0000,03,3,2800,202201,1,16,000000000,1,01,202512,0,0,02,0,12,0,0,0,C30,
660749601,COMMUNITY HEALTH FOUNDATION OF PUERTO RICO,,C17 CALLE MARGINAL,BAYAMON,PR,00961-6706,0000,03,3,1000,201611,1,15,000000000,1,01,202412,8,8,01,0,12,11418294,11985981,11985981,E30,
660749622,ACADEMIA NUESTRA SENORA DE FATIMA INC,,PO BOX 469,BAJADERO,PR,00616-0469,0000,03,3,1000,201403,1,11,000000000,1,01,202412,4,5,01,0,12,154201,853631,853631,B24,
660750128,INSTITUTO PONCENO SINDROME DOWN INC,,3799 CALLE GUANINA,PONCE,PR,00728-3706,0000,03,3,1000,201708,1,13,000000000,1,01,202506,0,0,02,0,06,0,0,0,G25,
660750486,MOVIMIENTO APOSTOLICO DE IMPACTO A LAS NACIONES,,PO BOX 2882,BAYAMON,PR,00960-2882,0000,03,3,1700,202411,1,15,000000000,1,01,,0,0,02,0,12,,,,X20,
660750537,CONSEJO RECREO-DEPORTIVO Y EDUCATIVO DE PUERTO RICO,% FERMIN CARDONA,CALLE 6H 33 URB VILLA HUMACAO,HUMACAO,PR,00791-0000,0000,03,3,1200,202306,1,04,000000000,1,01,,0,0,00,1,12,,,,W11,
660750811,ANNA CARIBBEAN CHAPTER 210 CORP,% RITA DEJESUS,1012 CALLE ALBANIA,SAN JUAN,PR,00920-4032,3803,06,9,2000,200111,2,00,000000000,1,01,202603,0,0,02,0,03,0,0,0,,210 CARIBBEAN
660751044,PUERTO RICO ALLIANCE FOR COMPANION ANIMALS INC,% URSULA ARAGUNDE KOHL,130 AVE WINSTON CHURCHILL,SAN JUAN,PR,00926-6065,0000,03,3,2000,201111,1,15,000000000,1,01,202509,4,4,01,0,09,158155,270611,263446,B90,
660751086,IGLESIA MISIONERA LA MANO DE JEHOVA DE RESTAURACION Y ADORACION,% PASTORA ANGELICA MARTINEZ,PO BOX 2017 PMB 503,LAS PIEDRAS,PR,00771-2017,2046,03,9,7000,196911,1,10,001000000,5,01,,0,0,06,0,12,,,,,
660751266,MOVEMENT CORP,% JONATHAN RIDDERING,25 CALLE ROCHELAISE,MAYAGUEZ,PR,00682-1390,0000,03,3,7000,202408,1,10,000000000,1,01,,0,0,06,0,12,,,,X20,THE MOVEMENT
660751359,PSB PRODUCTIONS INC,% IDAMALY JIMENEZ,PO BOX 190046,SAN JUAN,PR,00919-0046,0000,03,3,2000,202512,1,16,000000000,1,01,,0,0,01,0,12,,,,A60,
660751424,FUNDACION PADRE JUAN JOSE SANTIAGO INC,,165 AVE PNCE DE LEON STE 201,SAN JUAN,PR,00917-1235,0000,03,3,1200,202502,1,04,000000000,1,01,,0,0,00,1,12,,,,B82,
660751516,ARECIBO BASEBALL ACAMEDY INC,% EDWIN ARROYO,PO BOX 8,BAJADERO,PR,00616-0008,0000,03,3,2000,202109,1,11,000000000,1,01,202412,6,4,01,0,12,1883704,299223,299223,B20,
660752214,FUNDACION BECHARA INC,% FRANCISCO BECHARA,PO BOX 362066,SAN JUAN,PR,00936-2066,0000,03,3,1200,202407,1,03,000000000,1,01,202412,4,4,00,1,12,150922,122288,,P20,FUNDACION BECHARA
660752946,PITIRRE PROJECTS,,609 CALLE AUSTRAL,SAN JUAN,PR,00920-4201,0000,03,3,1000,202112,1,16,000000000,1,01,202512,0,0,02,0,12,0,0,0,A20,
660752979,CARRUSEL EN LA SEBASTIANA CORP,% FUNDACION CARRUEL,1353 AVE LUIS VIGOREAUX PMB 745,GUAYNABO,PR,00966-2715,0000,03,3,1000,201602,1,15,000000000,1,01,202512,4,4,01,0,12,269524,445652,445652,E50,
660753077,CASA AMOR FE Y ESPERANZA,% GLADYS B ORTIZ,PLAZA DE TORRIMAR 1 110 AVE LOS FIL,BAYAMON,PR,00959-0000,0000,03,3,1270,202211,1,15,000000000,1,01,202512,0,0,02,0,12,0,0,0,X20,
660753386,HELP NEEDY STUDENTS LTD,,PO BOX 12411,ST THOMAS,VI,00801-5411,0000,03,3,1000,201404,1,15,000000000,1,01,202409,0,0,02,0,09,0,0,0,P20,
660753966,COMPANIA DE DANZA SIGLO XXI INC,% DENISSE ELIZA,14 CARR 833 COND LA CIMA APT 1404,GUAYNABO,PR,00969-0000,0000,03,3,1000,201409,1,15,000000000,1,01,202512,0,0,02,0,12,0,0,0,B90,
660754360,HOGAR JUAN RUIZ VELEZ DE LA ASOCIACION DE JUBILADOS DE LA AEE,% IRIS D MATOS RIVERA,PO BOX 366287,SAN JUAN,PR,00936-6287,0000,03,3,1000,202410,1,15,000000000,1,01,202506,5,5,01,0,06,868789,725333,725333,L21,
660754430,TEATRO SAN RAFAEL INC,,PO BOX 1089,RIO GRANDE,PR,00745-1089,0000,03,3,1000,201408,1,16,000000000,1,01,202412,1,0,02,0,12,1,0,0,A65,CINE-TEATRO SAN RAFAEL
660754836,FUTURE BUSINESS LEADERS OF AMERICA- PHI BETA LAMBDA INC,% MARIA THOMAS LEWIS,PO BOX 531,FREDERIKSTED,VI,00841-0531,2205,03,9,2000,197110,1,16,059200205,5,01,,0,0,02,0,06,,,,B80,VIRGIN ISLANDS CHAPTER
660754945,CENTRO DE ESTIMULACION INTEGRAL PARA CHICOS COMO TU INC,,PO BOX 656,CATANO,PR,00963-0656,0000,03,3,1000,201502,1,15,000000000,1,01,202506,6,5,01,0,06,2140943,963424,963424,H84,CENTRO ESTIMULACION INTEGRAL
660755062,IGLESIA CASA DE UNCION Y JUBILO,% ELIEZER TORRES-FIGUEROA,TOA ALTA 00953,PUERTO RICO,,00000-0000,2046,03,9,7000,196911,1,10,000000000,5,01,,0,0,06,0,12,,,,,
660755246,VIEQUES CONCERT SOCIETY CORP,% JANNA HALBERG,PO BOX 109,VIEQUES,PR,00765-0109,0000,03,3,1200,201309,1,15,000000000,1,01,202412,2,1,02,0,12,10256,7500,7500,A20,
660755276,HOGAR MIS PRIMEROS PASOS INC,,CALLE ESTACION,VEGA ALTA,PR,00692-0000,0000,03,3,1000,201708,1,15,000000000,1,01,202506,6,6,01,0,06,3717940,1994308,1994308,P73,
660755567,TBS COMPLETE ENLIGHTENMENT TEMPLE INC,% HAN-TOWER CHEN,1023 N MARINE DR STE B-5,UPPER TUMON,GU,96913-4304,0000,03,3,7000,201101,1,10,000000000,1,01,,0,0,06,0,12,,,,X50,
660755621,ORGANIZACION DE EX ALUMNOS APS INC,% ROBERTO FORTUNO,PO BOX 13862,SAN JUAN,PR,00908-3862,0000,03,3,2000,202003,1,15,000000000,1,01,202412,4,3,01,0,12,298543,61848,61848,B82,
660756040,HACIENDA RENACER INC,% EDNA GUZMAN GERENA,2900 CARR 686,VEGA BAJA,PR,00693-9775,0000,03,3,1000,201112,1,16,000000000,1,01,202512,3,4,01,0,12,31795,138976,138976,F60,
660757667,NATIONAL TALENT ACADEMY INC,% DIOSDADA ROMERO,WWW NATIONALTALENTACADEMY NET,SAN JUAN,PR,00936-0000,0000,03,3,2000,202101,1,11,000000000,1,01,202506,6,6,01,0,06,1090107,3068441,3068441,B25,
660758329,INETNON GEF PAGO CULTURAL ARTS PROGRAM INC,% VINCENT JC REYES,PO BOX 6004,MERIZO,GU,96916-0304,0000,03,3,1200,202505,1,15,000000000,1,01,202512,0,0,02,0,12,0,0,0,A20,
660758622,TWIGS MINISTRY INC,% VIRGIN JULIE MODESTE-RHYMER,1B ESTATE HUMBUG,CHRISTIANSTED,VI,00820-0000,0000,03,3,7000,201403,1,10,000000000,1,01,,0,0,06,0,12,,,,X20,
660759053,BOYS AND GIRLS CLUB OF AMERICAN SAMOA,% KENNISON BARBER,PO BOX 998381,PAGO PAGO,AS,96799-6315,0000,03,3,1000,201108,1,15,000000000,1,01,202412,5,4,01,0,12,685107,301045,301045,O20,
660759225,CENTRO DE MICROEMPRESAS Y TECHNOLGIAS AGRICOLAS SUSTENTABLES,,YAUCO 00698,PUERTO RICO,,00000-0000,0000,03,3,1000,202503,1,15,000000000,1,01,,0,0,01,0,12,,,,S32,
660759260,SOCIEDAD PUERTORRIQUENA DE CARDIOLOGIA CAPITULO SUR INC,,207 TORRE SAN CRISTOBAL,COTO LAUREL,PR,00780-2847,0000,03,3,2000,201402,1,16,000000000,1,01,202312,3,0,02,0,12,73451,0,0,B03,
660759589,ELMO PLASKETTE EAST LITTLE LEAGUE,% ELMO PLASKETT EAST LITTLE LEAGUE,PO BOX 223992,CHRISTIANSTED,VI,00822-3992,0000,03,3,1000,202203,1,16,000000000,1,01,202512,3,3,01,0,12,73812,58981,58981,N63,
660760071,FUNDACION MAYAGUEZ 2010,,PO BOX 3248,MAYAGUEZ,PR,00681-3248,0000,03,3,1200,202303,1,15,000000000,1,01,202506,5,4,01,0,06,761569,392550,392550,O50,
660760220,AMERICAN SAMOA ALLIANCE AGAINST DOMESTIC AND SEXUAL VIOLENCE,% JENNIFER TOFAEONO,PO BOX 4459,PAGO PAGO,AS,96799-4459,0000,03,3,1000,201503,1,15,000000000,1,01,202412,4,6,01,0,12,269844,1153182,1153182,P43,ALLIANCE FOR STRENGTHENING FAMILIES
660760257,FRIENDS OF CULEBRA ANIMALS INC,% PATRICIA PULLIAM,PO BOX 527,CULEBRA,PR,00775-0527,0000,03,3,1000,201405,1,15,000000000,1,01,202512,4,3,01,0,12,101571,77380,77380,D20,
660760764,MARIANAS BIBLE FELLOWSHIP CENTER INC,,PO BOX 506147,SAIPAN,MP,96950-4331,0000,03,3,7000,201404,1,10,000000000,1,01,,0,0,06,0,12,,,,X21,MARIANAS BIBLE FELLOWSHIP CHURCH
660761123,LTRG OF PUERTO RICO INC,% IVELISSE ESQUILIN,URB BUNKER,CAGUAS,PR,00725-0000,0000,03,3,1270,202408,1,15,000000000,1,01,202512,0,0,02,0,12,0,0,0,P20,GRALP DE PUERTO RICO
660761221,HEART OF WORSHIP MINISTRY,,PO BOX 882,PAGO PAGO,AS,96799-0882,0000,03,3,7000,201510,1,10,000000000,1,01,,0,0,06,0,12,,,,X20,
660761642,RESTAURANDO AL AMOR FE ESPERANZA CON JESUS Y MARIA INC,,106 CALLE ARZUAGA,SAN JUAN,PR,00925-3705,0000,03,3,7000,202310,1,15,000000000,1,01,202512,0,0,02,0,12,0,0,0,X12,
660762579,ECOEXPLORATORIO INC,,PO BOX 2803,GUAYNABO,PR,00970-2803,0000,03,3,1000,201403,1,15,000000000,1,01,202412,6,6,01,0,12,1091900,3184146,3184146,A50,
660762782,FUNDACION LUIS SALAZAR GEIGEL,% LUIS SALAZAR,PO BOX 9545,SAN JUAN,PR,00908-0545,0000,03,3,1000,201307,1,15,000000000,1,01,202506,0,0,02,0,06,0,0,0,E86,
660762904,PRAYER HOUSE OF FAITH INC,% THELMA LOUIS,PO BOX 1005,ST JOHN,VI,00831-1005,0000,03,3,7000,201505,1,10,000000000,1,01,,0,0,06,0,12,,,,X21,
660763692,FOUNDATION FOR DEVELOPMENT PLANNING INC,% N/A,PO BOX 303387,ST THOMAS,VI,00803-3387,0000,03,3,1000,201307,1,15,000000000,1,01,202509,0,0,02,0,09,0,0,0,C30,
660763762,AMIGOS DE TRES PALMAS INC,,PO BOX 989,RINCON,PR,00677-0989,0000,03,3,8000,201410,1,16,000000000,1,01,202512,2,1,02,0,12,15879,2009,2009,C30,
660763874,ELDERLY BOBE ENTRERPRICES INC,% ROSA D BOBE,URB BORINQUEN P11 JUAN MORELL ST,CABO ROJO,PR,00623-0000,0000,03,3,1000,201404,1,15,000000000,1,01,202412,0,0,02,0,12,0,0,0,L20,
660764009,VICTORIOUS CHRISTIAN CHURCH,% BRENDON PEREZ,PO BOX 506236,SAIPAN,MP,96950-4333,0000,03,3,7000,201106,1,10,000000000,1,01,,0,0,06,0,12,,,,X20,
660764014,HUNGER FOR GOD MOVEMENT INC,,59 CALLE TOPACIO,PATILLAS,PR,00723-2658,0000,03,3,7000,202512,1,10,000000000,1,01,,0,0,06,0,12,,,,X20,
660764080,PROSUM INC,,161 AVE PONCE DE LEON,SAN JUAN,PR,00917-1251,0000,03,3,1000,201408,1,15,000000000,1,01,202512,0,0,02,0,12,0,0,0,Z99,
660764085,ESSENTIAL COMMUNITY FACILITIES INC,,PO BOX 364447,SAN JUAN,PR,00936-4447,0000,03,3,1000,201411,1,16,000000000,1,01,202312,0,0,02,0,12,0,0,0,S20,
660764242,GUAHAN BAPTIST CHURCH,,109 N PAULINO HEIGHTS RD,TALOFOFO,GU,96915-3704,0000,03,3,7000,201404,1,10,000000000,1,01,,0,0,06,0,12,,,,X21,
660764277,ST JOHN LAND CONSERVANCY INC,% RAFAEL F MUILENBURG,9901 EMMAUS,ST JOHN,VI,00830-9587,0000,03,3,1200,201206,1,16,000000000,1,01,202412,6,4,01,0,12,1104335,120573,120573,C34,
660764480,FUNDACION DE INVESTIGACION DE DIEGO SCIENCE AND EDUCATION INC,% JOSE RODRIGUEZ,998 MUOZ RIVERA AVE,SAN JUAN,PR,00927-0000,0000,03,3,1000,201409,1,15,000000000,1,01,202412,3,3,02,0,12,41147,44840,44840,E05,
660764494,CENTRO DE LA FAMILIA FE Y GRACIA INC,% LUIS E ROSADO,PO BOX 607071 PMB 286,BAYAMON,PR,00960-7071,2046,03,9,7000,196911,1,10,001000000,5,01,,0,0,06,0,12,,,,,CHURCH
660764650,PROPHETIC HOUSE OF WORSHIP MINISTRIES INC,% SAMUEL CARRION,PO BOX 5405,KINGSHILL,VI,00851-5405,0000,03,3,7000,202312,1,10,000000000,1,01,,0,0,06,0,12,,,,X20,CASA PROFETICA DE ADORACION
660764813,EQUINOTERAPIA PUERTO RICO INC,,131 CALLE GUADALQUIVIR EL PARAISO O,SAN JUAN,PR,00926-0000,0000,03,3,2000,201603,1,15,000000000,1,01,202412,4,4,01,0,12,380173,227505,227505,E86,
660764897,CORE FOUNDATION,% EDYTHE DIRKS,2608 FISH BAY,ST JOHN,VI,00830-6126,0000,03,3,1000,201201,1,15,000000000,1,01,202412,4,4,01,0,12,237378,132904,132904,C32,
660765423,IGLESIA DEL ESTE MISSIONARY CHURCH,% JAIRO ALFONSO QUINONES,PO BOX 1704,CEIBA,PR,00735-1704,2046,03,9,7000,196911,1,10,001000000,5,01,,0,0,06,0,12,,,,,
660765475,ROTARY INTERNATIONAL,% CARMEN PIZARRO,1469 WILSON STREET,SAN JUAN,PR,00907-2368,0573,04,9,3000,194209,2,00,520349200,1,01,202506,0,0,02,0,06,0,0,0,,E-CLUB OF PUERTO RICO Y LAS AMERICA
660765652,FE QUE TRANSFORMA INC,,PO BOX 332,VIEQUES,PR,00765-0332,0000,03,3,7000,202601,1,10,000000000,1,01,,0,0,06,0,12,,,,X20,URAYUAN SILVA
660765706,A C R E S INC,% HERIBERTO MENDEZ,PO BOX 712,SAN GERMAN,PR,00683-0712,0000,03,3,1200,201311,1,15,000000000,1,01,202412,4,4,01,0,12,289345,258831,258831,K20,
660766334,CENTRO DE APOYO PARA EL DESARROLLO DE LA UNION FAMILIAR INC,% NELSON GARCIA,CONDOMINIO TORRE LIDA 85 STE APT 50,SAN JUAN,PR,00917-0000,0000,03,3,1000,201705,1,03,000000000,1,01,202412,5,6,00,1,12,556578,1349756,,P40,
660766371,CANCER CARE ASSISTANCE FOUNDATION,% TERRY CUABO,285 FARENHOLT AVE,TAMUNING,GU,96913-3223,0000,03,3,1200,202509,1,15,000000000,1,01,,0,0,01,0,12,,,,G30,GUAM CANCER CARE
660766404,CORPORACION EDUCATIVA DE LA ASOCIAC ION PUERTORRIQUENA DEL ESTE DE LO,% CARMEN CARDONA,PO BOX 29248,SAN JUAN,PR,00929-0248,0000,03,3,2700,202011,1,11,000000000,1,01,,0,0,13,0,06,,,,B20,CORPORACION EDUCATIVA APE-ASD
660766462,G-CLEF MUSIC ACADEMY,% JAMES H GUMBS JR,PO BOX 304574,ST THOMAS,VI,00803-4574,0000,03,3,2000,202502,1,16,000000000,1,01,,0,0,02,0,12,,,,A68,
660766814,SAIPAN TAE PYUNG YANG CHURCH INC,,PO BOX 502877,SAIPAN,MP,96950-2877,0000,03,3,7000,201109,1,10,000000000,1,01,202412,0,0,06,0,12,0,0,0,X20,
660767273,BASTAYAPR,% MARIA DAVILA,27 CALLE GONZALEZ GIUSTI STE 100,GUAYNABO,PR,00968-3037,0000,03,3,1000,201408,1,15,000000000,1,01,202505,3,1,02,0,05,32974,5219,5219,I20,
660767910,FUNDACION LAZOS DE AMOR Y ESPERANZA INC,,CALLE A-16 URB EL RETIRO,HUMACAO,PR,00791-0000,0000,03,3,1000,202112,1,15,000000000,1,01,202412,3,2,02,0,12,26906,22618,22618,E01,
660768054,MUJERES DE ISLAS INC,% RITA SURFACE,PO BOX 358,CULEBRA,PR,00775-0358,0000,03,3,1000,202310,1,15,000000000,1,01,202502,5,5,01,0,02,883160,947060,947060,S20,
660768207,BETHLEHEM FAMILY & FRIENDS REJUVENATED CLUB INC,% DALE MASON,PO BOX 665,KINGSHILL,VI,00851-0665,0000,04,3,3000,201503,2,00,000000000,1,01,202312,2,0,02,0,12,13755,0,0,Q33,
660768243,ST CROIX CHRISTMAS BOAT PARADE INC,% J DAVID JACKSON PC,PO BOX 24831,CHRISTIANSTED,VI,00824-0831,0000,03,3,1000,201408,1,16,000000000,1,01,202506,3,3,01,0,06,45739,86800,86800,Z99,
660768595,FUNDACION GOLITOS INC,,PO BOX 12097,SAN JUAN,PR,00914-0097,0000,03,3,1000,202606,1,16,000000000,1,01,,0,0,01,0,12,,,,N64,
660768804,GOLDEN AGE RANCH INC,% LYN SHOEMAKER,6501 RED HOOK PLAZA,ST THOMAS,VI,00802-1373,0000,03,3,1000,201809,1,16,000000000,1,01,202512,0,0,02,0,12,0,0,0,D99,
660768929,INSIGNIA FOUNDATION INC,,1310 CALLE DALMACIA,SAN JUAN,PR,00920-3736,0000,03,3,1000,201408,1,16,000000000,1,01,202512,6,5,01,0,12,1507372,647375,98256,E99,
660768940,FUNDACION ESTHER A TORRES PRO ENFERMEDADES INFLAMATORIAS DE INTE,% ESTHER A TORRES,PARQUE DE LAS FUENTES 508 CESAR GON,SAN JUAN,PR,00918-0000,0000,03,3,1200,202301,1,15,000000000,1,01,202512,4,3,02,0,12,164069,37344,37344,H70,
660768978,JJ BAREA FOUNDATION CORP,,PMB 247 100 GRAND PASEOBLVD STE 112,SAN JUAN,PR,00968-0000,0000,03,3,1000,202603,1,15,000000000,1,01,,0,0,01,0,12,,,,P20,
660769005,FURIPACA INC,% RAMON VAZQUEZ,PO BOX 1244,COAMO,PR,00769-1244,0000,03,3,1000,201910,1,15,000000000,1,01,202412,3,4,01,0,12,35337,112573,112573,G30,
660769523,NEW BEGINNING CHRISTIAN FELLOWSHIP,% PASTOR VIKKI PARIS,PO BOX 304911,ST THOMAS,VI,00803-4911,0000,03,3,7000,201605,1,10,000000000,1,01,,0,0,06,0,12,,,,X20,
660769604,TINIAN MUSLIM COMMUNITY INS,% MAHABUB KHAN,PO BOX 520695,TINIAN,MP,96952-0000,0000,03,3,1270,201301,1,10,000000000,1,01,,3,1,06,0,12,,,,X40,TMC
660769916,PD HEMLANI FOUNDATION LTD,% VASUDEV B HEMLANI,PO BOX 315296,TAMUNING,GU,96931-3196,0000,03,3,1000,201204,1,15,000000000,1,01,202403,6,4,01,0,03,4316486,163368,85752,Q33,
660770192,NEW HEAVEN CHURCH INC,% SANG JOON YOO,PMP 685 1270 N MARINE CORPS DR STE,TAMUNING,GU,96931-0000,0000,03,3,7000,201406,1,10,000000000,1,01,,0,0,06,0,12,,,,X20,
660770199,ORGANIZACION PRO BIENESTAR RESCATE Y ADOPCION DE LOS ANIMALES,% MARIA P LAKE,PO BOX 9949,SAN JUAN,PR,00908-0949,0000,03,3,1400,202112,1,16,000000000,1,01,202512,0,0,02,0,12,0,0,0,D20,OBRA
660770270,FILANTROPIA PUERTO RICO INC,% GLENISSE PAGAN,PO BOX 9919,SAN JUAN,PR,00908-0919,0000,03,3,1000,201802,1,15,000000000,1,01,202412,6,5,01,0,12,3230578,515680,515680,T02,
660770697,INSTITUTO DE INVESTIGACION Y DESAROLLO PARA ESTUDIANTES DOTADOS,,PO BOX 361094,SAN JUAN,PR,00936-1094,0000,03,3,1000,202504,1,15,000000000,1,01,202512,2,3,01,0,12,11103,84837,84837,B90,
660771386,COOPERACION MISIONERA IBEROAMERICANA INC,% COMIBAM INTERNACIONAL,613 PONCE DE LEON,SAN JUAN,PR,00917-4800,0000,03,3,7000,201409,1,15,000000000,1,01,202512,4,3,01,0,12,288453,67698,67698,X20,COMIBAM INTERNACIONAL
660771514,ROTARY CLUB OF ST CROIX MID ISLE CHARITABLE FOUNDATION INC,,PO BOX 224515,CHRISTIANSTED,VI,00822-4515,0000,03,3,1200,201409,1,15,000000000,1,01,202406,4,3,02,0,06,148565,42301,42301,P20,
660772574,SYMPHONIC DREAM FOUNDATION INC,,PO BOX 364087,SAN JUAN,PR,00936-4087,0000,03,3,1200,202001,1,16,000000000,1,01,202512,0,0,02,0,12,0,0,0,A68,
660773070,FUNDACION 4 INC,,PO BOX 801469,COTO LAUREL,PR,00780-1469,0000,03,3,1200,201410,1,15,000000000,1,01,202312,4,5,01,0,12,198945,620000,620000,P20,
660773290,PRIMERA IGLESIA AD,,HC 15 BOX 15787,HUMACAO,PR,00791-9487,1678,03,9,7000,196408,1,10,001002029,5,01,,0,0,06,0,12,,,,,
660773533,IGLESIA RENACER DE ESPERANZA PARA TODA LA FAMILIA ASAMBLEAS DE DIOS,,PO BOX 837,TRUJILLO ALTO,PR,00977-0837,1678,03,9,7000,196408,1,10,001002029,5,01,,0,0,06,0,12,,,,,
660774604,HUI NALU OCEAN CLUB,,301 CLUB HOUSE DR,YONA,GU,96915-4945,0000,03,3,1200,202209,1,16,000000000,5,01,202512,1,3,02,0,12,6858,47700,47700,O50,
660774675,FUNDACION AGENDA CIUDADANA INC,,50 CARR 165 OFFICE 1000 BUCHANAN,GUAYNABO,PR,00909-0000,0000,03,3,2100,201409,1,15,000000000,1,01,202512,4,4,01,0,12,197157,411723,411723,W24,
660774788,WE DEH YAH CULTURAL DANCERS INC,,3091 LBJ GDNS,CHRISTIANSTED,VI,00820-4320,0000,03,3,1200,201703,1,15,000000000,1,01,202512,0,0,02,0,12,0,0,0,A62,
660775068,GENERAL COUNCIL OF THE ASSEMBLIES OF GOD IN AMERICAN SAMOA,,TAFUNA PAGO PAGO AS 96799,AMERICAN SAMOA,,00000-0000,0000,03,3,2700,202205,1,10,000000000,1,01,,0,0,06,0,06,,,,X20,
660775171,COMUNIDAD RIVERA INC,% ARMANDO FRANCESCHI,HC 5 BOX 6227,AGUAS BUENAS,PR,00703-9008,0000,03,3,1000,202505,1,04,000000000,1,01,202512,3,3,00,1,12,85005,33260,,P20,
660775224,ALPHA PHI OMEGA,% PONTIFICAL CATHOLIC UNIVERSITY PR,2250 BOULEVARD LUIS A FERRE AGUAYO,PONCE,PR,00717-0000,1113,03,9,1000,196606,1,16,036000000,5,01,202507,0,0,02,0,07,0,0,0,,PHI SIGMA CHAPTER
660775268,GRASPP - GOD RESTORES AND SAVES PRECIOUS PEOPLE,% FLORENCE PEREIRA,PAGO PAGO AMERICAN SAMOA 96799,AUSTRALIA,,00000-0000,0000,03,3,1000,201406,1,15,000000000,1,01,202312,0,0,02,0,12,0,0,0,P99,
660775452,MONTICELLO TENNIS TRAINING CENTER INC,% JAVIER MELENDEZ RIVERA,HC 71 BOX 6984,CAYEY,PR,00736-9117,0000,03,3,2000,201902,1,16,000000000,1,01,202512,0,0,02,0,12,0,0,0,N66,
660776102,HOSPITAL MENONITA CAGUAS INC,,PO BOX 6660,CAGUAS,PR,00726-6660,0000,03,3,1000,202209,1,12,000000000,1,01,202503,9,9,01,0,03,222630406,217075392,155086202,E20,
660776219,PUERTO RICO CONGRESS OF PARENTS AND TEACHERS,% PRPTA,PO BOX 1332,HORMIGUEROS,PR,00660-5332,0000,03,3,1000,201408,1,16,000000000,1,01,202506,0,0,02,0,06,0,0,0,B94,PR PTA
660776224,RAYITO DE ESPERANZA CORP,,PMB 431 100 GRAND PASEO BLVD STE112,SAN JUAN,PR,00926-5955,0000,03,3,1000,201809,1,15,000000000,1,01,202512,4,4,01,0,12,350237,210689,210689,P20,
660776227,FOUNDATION FOR PUERTO RICO INC,,1500 CALLE ANTONSANTI,SAN JUAN,PR,00912-3139,0000,03,3,1000,201312,1,15,000000000,1,01,202412,7,8,01,0,12,6179788,37966090,4532198,S20,
660776346,PHA PTEROCARPUS FOREST INC,% GABRIEL ESPASAS,5 ACADEMY DR,HUMACAO,PR,00791-6904,0000,03,3,1000,201410,1,15,000000000,1,01,202512,3,1,02,0,12,33523,5643,5643,C36,
660776353,IGLESIA TABERNACULO DE RESTAURACION CASA DE PAZ,% PASTOR ADAM VARELA,PO BOX 1376,AGUADA,PR,00602-1376,0000,03,3,7000,202403,1,10,000000000,1,01,,0,0,06,0,12,,,,X20,
660776355,LUQUILLO BIBLE CHURCH,,F9 CALLE 6/BRISAS DEL MAR,LIQUILLO,PR,00773-0000,1668,03,9,7000,196407,1,10,001000000,5,01,,0,0,06,0,12,,,,X21,
660776649,DAVID L HILXON,% LILLIAM CARRERO,HC 1 BOX 3628,UTUADO,PR,00641-9248,0000,03,3,1000,201401,1,15,000000000,1,01,202512,1,0,02,0,12,1,0,0,L22,
660776795,FUNDACION YO PUEDO-INC,% YARITZA RIVERA CRUZADO,106 CALLE MONTE ALVENIA,MANATI,PR,00674-5724,0000,03,3,1000,202209,1,16,000000000,1,01,202512,4,3,01,0,12,258207,65852,65852,K30,
660776914,BROADWAY ILLUSIONS INC,,URB VEREDAS 764 VEREDA DE LOS CEDRO,GURABO,PR,00778-0000,0000,03,3,1000,201705,1,16,000000000,1,01,202506,3,4,01,0,06,41208,197499,197499,A60,
660776918,SURCANDO LA HISTORIA INC,% RAFAEL VELAZQUEZ,PO BOX 78,LAJAS,PR,00667-0078,0000,03,3,1200,201906,1,16,000000000,1,01,202312,0,0,02,0,12,0,0,0,A20,
660777652,MULTISENSORY READING CENTERS OF PR INC,% NATALIA CANTO,PO BOX 19168,SAN JUAN,PR,00910-0000,0000,03,3,2000,201403,1,16,000000000,1,01,202506,5,5,01,0,06,976112,630388,630388,B92,
660777923,CASA PRODUCTORA INCORPORADO,,1357 AVE ASHFORD SUITE 205,SAN JUAN,PR,00907-1400,0000,03,3,1300,202605,1,15,000000000,1,01,,0,0,02,0,12,,,,A65,
660778121,PROTECTORES DE CUENCAS INC,% MOSHAYRA VICENTE,PO BOX 1563,YAUCO,PR,00698-1563,0000,03,3,1000,201603,1,15,000000000,1,01,202512,6,7,01,0,12,4985951,5191540,5191540,C32,
660778244,ST THOMAS UMPIRES ASSOCIATION INC,% SYLVIA THOMAS,PO BOX 7882,CHARLOTTE AMA,VI,00801-0882,0000,03,3,1000,202208,1,16,000000000,1,01,202512,0,0,02,0,12,0,0,0,N03,STTUA
660778560,LOLA RUN LIKE A LOLA INC,,PO BOX 2963,CAROLINA,PR,00984-2963,0000,03,3,1000,202302,1,15,000000000,1,01,202512,4,6,01,0,12,173813,1708234,1708234,N99,
660778851,DISABLED AMERICAN VETERANS AUXILIARY INC,% NILDA PATON NLANGUAL,VIOLETA SR 43 VALLE HERMOSO,HORMIGUEROS,PR,00660-0000,2473,04,9,1000,197310,1,00,908921000,5,01,202406,0,0,02,0,06,0,0,0,W30,6 MAYAGUEZ
660779390,ALIANZA PRO RESCATE DE ANIMALES INC,% ROBERTO ARIZMENDI LOPEZ DE VICTOR,1353 AVE LUIS VIGOREAUX PMB 746,GUAYNABO,PR,00966-2715,0000,03,3,4000,201407,1,15,000000000,1,01,202512,0,0,02,0,12,0,0,0,D99,
660779518,LEARN TO DANCE INSTITUTE INC,% EUGENIE LAFRANQUE,PO BOX 306616,ST THOMAS,VI,00803-6616,0000,03,3,2000,201706,1,16,000000000,1,01,202512,0,0,02,0,12,0,0,0,A60,
660780024,CONPRMETIDOS,% ISABEL RULLAN,850 CALLE DEL PARQUE,SAN JUAN,PR,00909-2851,0000,03,3,1000,201906,1,15,000000000,1,01,202412,6,6,01,0,12,1079922,1150848,1150848,S30,
660780454,DISABLED AMERICAN VETERANS AUXILIARY INC,% MARIAM MARTINEZ RYES,PO BOX 966,ARECIBO,PR,00613-0966,2473,04,9,1000,197310,2,00,908921000,5,01,202606,0,0,02,0,06,0,0,0,,11 SGT A BERMUDEZ
660780713,IGLESIA PENTECOSTAL FUENTE DE VIDA,% ROBOLFO PENA,HC 6 BOX 13081,SAN SEBASTIAN,PR,00685-9850,1678,03,9,7000,196408,1,10,001002029,5,01,,0,0,06,0,12,,,,,
660781441,CHRISTIAN SCHOOL AND CHAPEL FOR THE DEAF,% SCHOOL DIRECTOR,HC 1 BOX 7111,LUQUILLO,PR,00773-9272,0000,03,3,1000,201401,1,11,000000000,1,01,202512,3,3,02,0,12,63184,33840,33840,B28,EVANGELICAL SCHOOL FOR THE DEAF
660781775,PAGO PAGO BAPTIST CHURCH,% VAAFUTI FILIPO,PO BOX 530,PAGO PAGO,AS,96799-0000,1606,03,9,7000,196311,1,10,036000000,5,01,,0,0,06,0,12,,,,,
660782204,COMUNIDAD DE CERCADILLO EN ACCION INC,% SANDRA RAMIREZ,PO BOX 372375,CAYEY,PR,00737-2375,0000,03,3,1000,202208,1,15,000000000,1,01,202512,0,0,02,0,12,0,0,0,P20,
660782360,DISABLED AMERICAN VETERANS AUXILIARY INC,% NOEMI BURGOS DE PANETO,PO BOX 36421,SAN JUAN,PR,00936-0000,2473,04,9,1000,197310,1,00,908921000,5,01,202606,0,0,02,0,06,0,0,0,,1 SFC A PENA GARCIA
660782489,FUNDACION FRANK PEREZ CONCEPCION INC,,PO BOX 2319,ISABELA,PR,00662-9319,0000,03,3,1200,202009,1,15,000000000,1,01,202412,0,0,02,0,12,0,0,0,P82,
660782521,PUERTO RICO INFORMATION TECHNOLOGY CLUSTER INC,% ALBERTO LUGO,1353 AVE LUIS VIGOREAUX PMB 254,GUAYNABO,PR,00966-2715,0000,03,3,1238,202003,1,15,000000000,1,01,202412,4,4,01,0,12,114724,301853,301853,U99,
660782537,TECHNO INVENTORS INC,% LOGISTIC DEPARTMENT,405 AVE ESMERALDA STE 2 PMB 412,GUAYNABO,PR,00969-4466,0000,03,3,2000,201409,1,16,000000000,1,01,202512,0,0,02,0,12,0,0,0,B90,
660783031,CENTRO PARA EMPRENDEDORES INC,% NERMA ALBERTORIO,10 CALLE BALDORIOTY,CAGUAS,PR,00725-0000,0000,03,3,2000,202005,1,15,000000000,1,01,202412,5,6,01,0,12,779626,1079555,1079555,B99,CENTRO PARA EMPRENDEDORES
660783735,CASA DE TRANSFORMACION Y REVOLUTION,,RIO GRANDE 00745,PUERTO RICO,,00000-0000,0000,03,3,7000,202511,1,10,000000000,1,01,,0,0,06,0,12,,,,X20,
660784220,VIETNAM VETERANS OF AMERICA INC,,PO BOX 367464,SAN JUAN,PR,00936-7464,3202,19,9,1000,198411,2,00,907000000,5,01,202602,0,0,02,0,02,0,0,0,,PUERTO RICO STATE COUNCIL
660785100,NATIONAL PARALYMPIC COMMITTEE US VIRGINS ISLAND INC,% REGINE FITZNER,PO BOX 224419,CHRISTIANSTED,VI,00822-4419,0000,03,3,1000,201409,1,15,000000000,1,01,202412,1,2,02,0,12,318,20365,20365,N72,
660785160,VI EQUICARE FOUNDATION INC,,ST THOMAS VI US VIRGIN ISLANDS 0080,BRITISH VIRGIN ISLANDS,,00000-0000,0000,03,3,1000,201502,1,15,000000000,1,01,202512,1,1,02,0,12,1960,6007,6007,E60,
660785887,ASOCIACION PARA LA EDUCACION INTEGRAL INC,% HECTOR MAYOL,1761 CALLE JOSE FERRER URB SANTIAGO,SAN JUAN,PR,00921-0000,0000,03,3,2000,201910,1,16,000000000,1,01,202506,4,4,01,0,06,120442,437768,437768,B99,
660785994,INTERNATIONAL SOCIETY FOR KRISHNA CONSCIOUSNESS DE PUERTO RICO INC,,HC 1 BOX 8440,GURABO,PR,00778-9458,0000,03,3,7000,201908,1,10,000000000,1,01,,0,0,06,0,12,,,,X99,
660786356,WALKS-WEBS WESTERN EAGLE BILINGUAL SCHOOL PREK 12TH GRADE INC,% LINDA J ROMAN,5 REPARTO SAN FRANCISCO,MAYAGUEZ,PR,00680-0000,0000,03,3,2000,201503,1,11,000000000,1,01,202506,5,6,01,0,06,837556,2064142,2064142,B20,
660787190,DISABLED AMERICAN VETERANS AUXILIARY INC,% ANA E GALDRZA,HC 3 BOX 8040,MOCA,PR,00676-9218,2473,04,9,1000,197310,1,00,908921000,5,01,202406,0,0,02,0,06,0,0,0,,14 AGUIDILLA
660787745,CATHOLIC DAUGHTERS OF THE AMERICAS,,124 E PAPAYA CT,DEDEDO,GU,96929-5453,0928,03,9,1700,194603,1,10,031150120,5,01,,0,0,13,0,12,,,,,COURT SANTA BARBARA 2655
660788125,CASA BELEN DE PR SERVICIOS INTEGRADOS,,4-3 AVE CAMPO RICO URB SABANA GDNS,CAROLINA,PR,00983-0000,0000,03,3,1270,202311,1,16,000000000,1,01,202506,1,3,01,0,06,4165,60220,60220,B80,CASA BELEN
660788210,ALIANZA DE PUERTO RICO CONTRA LA TRATA HUMANA INC,% KARLA GONZALEZ-CRUZ,PO BOX 31079,SAN JUAN,PR,00929-2079,0000,03,3,1000,201402,1,15,000000000,1,01,202312,0,0,02,0,12,0,0,0,P62,
660788380,FUNDACION ASISTENCIA CENTRO DE TRAUMA INC,% ROBERT ROSARIO,PMB 130 BOX 70344,SAN JUAN,PR,00936-0000,0000,03,3,1000,201704,1,15,000000000,1,01,202412,5,3,01,0,12,740280,68688,68688,E32,
660788645,PATHSTONE CORPORATION,% KEVIN G RYCK TREASURER,1122 CALLE 2 SE,SAN JUAN,PR,00921-1741,9113,03,9,1000,198209,1,15,000000000,1,01,,0,0,01,0,09,,,,,VALLE DORADO INC
660788807,HOLY GOSPEL PRESBYTERIAN INC,,PO BOX 501431,SAIPAN,MP,96950-1431,0000,03,3,7000,202101,1,10,000000000,1,01,202112,0,0,06,0,12,0,0,0,,
660789257,FATHER DUENAS MEMORIAL SCHOOL ENDOWMENT FOUNDATION INC,% PO BOX FD,231 YPAO ROAD,TAMUNING,GU,96913-3969,0000,03,3,1000,201211,1,14,000000000,1,01,202512,0,0,02,0,12,0,0,0,B12,
660789403,ACADEMIA MEDICA DEL SUR - FONDO EDUCACION MEDICA CONTINUADA INC,,PO BOX 7082,PONCE,PR,00732-7082,0000,03,3,1000,202501,1,03,000000000,1,01,,0,0,00,1,10,,,,T50,ACADEMIA MEDICA DEL SUR FONDO EDUCA
660789822,GROUND STROKES TENNIS CLUB,% NATASHA LEWIS-FLYNN,CHRISTIANSTED 00824,BRITISH VIRGIN ISLANDS,,00000-0000,0000,03,3,1000,201409,1,16,000000000,1,01,202512,0,0,02,0,12,0,0,0,N66,
660790014,CORPORACION JUVENIL PARA EL DESARROLLO DE COMUNIDADES SOSTENIB,,20 LUIS MUNOZ MARIN AVE PMB 179,CAGUAS,PR,00725-1956,0000,03,3,2000,201506,1,15,000000000,1,01,202406,5,5,01,0,06,899256,716891,713192,C60,URB VILLA BLANCA
660790427,FUNDACION EDUCATIVA INTEGRAL BILINGUE INC,% OSCAR CASTRO LABOY,1764 CALLE SIERVAS DE MARIA,PONCE,PR,00730-4072,0000,03,3,1000,202105,1,11,000000000,1,01,202506,4,4,01,0,12,324867,285522,285522,B20,
660790505,PUERTO RICO GO JU RYU KARATE DOJO INC,,INTERAMERICANA GARDENS CALLE 29,TRUJILLO ALTO,PR,00976-0000,0000,03,3,1200,202005,1,15,000000000,1,01,202512,0,0,02,0,12,0,0,0,N30,
660790612,LILYS ANGELS & DOWN SYNDROME AWARENESS FOUNDATION,% KRISTEN ROSE FRISCIA HUBERT,97 CARR 2 STE 203,GUAYNABO,PR,00966-2042,0000,03,3,1000,202309,1,15,000000000,1,01,202512,0,0,02,0,12,0,0,0,G25,
660790948,UNITED STATES VIRGIN ISLANDS RUGBY FOOTBALL UNION INC,% GREG FERGUSON,7544 LOWER LERKENLUND,ST THOMAS,VI,00802-3532,0000,03,3,2000,201312,1,15,000000000,1,01,202312,0,0,02,0,12,0,0,0,N60,
660791001,CENTRO METROPOLITANO DE SERVICIOS COMUNITARIOS INC,,908 CALLE 1 SE,SAN JUAN,PR,00921-2613,0000,03,3,1000,201704,1,15,000000000,1,01,202412,7,3,01,0,12,6226441,76092,76092,S20,
660791417,OPI A TAINO INTERNATIONAL INC,% MAEKIAPHAN PHILLIPS,6544 ESTATE NAZARETH,ST THOMAS,VI,00802-1136,0000,03,3,2100,201407,1,15,000000000,1,01,202512,0,0,02,0,12,0,0,0,A23,
660791661,CENTRO DE INVESTIGACION Y POLITICA PUBLICA,% ANGEL SIERRA,53 CALLE SAN JUSTO C1,SAN JUAN,PR,00901-0000,0000,03,3,1000,202002,1,15,000000000,1,01,202412,4,4,01,0,12,115493,144634,144634,S19,
660791744,ACE MENTOR PROGRAM OF PUERTO RICO,% PEDRO LORENZO,1064 AVE PONCE DE LEON STE 500,SAN JUAN,PR,00907-3742,0000,03,3,1200,201807,1,16,000000000,1,01,202512,0,0,02,0,12,0,0,0,B99,
660791854,VI HOUSING REVITALIZATION CORP,,9900 OSWALD HARRIS COURT,ST THOMAS,VI,00802-3100,0000,03,3,1000,202311,1,15,000000000,1,01,202512,6,6,01,0,12,1681231,4029403,4029403,L20,
660792282,ALIANZA DE CENTROS DE SALUD COMUNITARIA INC,,35 JUAN C BORBON,GUAYNABO,PR,00969-5374,0000,06,3,2000,202305,2,00,000000000,1,01,202412,7,8,01,0,12,9570053,12621680,12621680,S41,
660792388,HUNGER CORP,,PO BOX 1820,MANATI,PR,00674-1820,0000,03,3,1200,202011,1,15,000000000,1,01,202412,2,5,01,0,12,24866,610172,610172,P40,
660792911,MAPHAIRIAN INC,% NATASHA MATHURIN,PO BOX 8691,CHRISTIANSTED,VI,00823-8691,0000,03,3,1200,202212,1,15,000000000,1,01,202512,2,3,01,0,12,14244,58746,58746,B90,
660792928,PUERTO RICO ORGANIZACIONES VOLUNTARIAS ACTIVAS EN DESASTRES,% EDWIN J NAZARIO OJEDA,PO BOX 3044,GUAYNABO,PR,00970-3044,0000,03,3,1000,202003,1,16,000000000,1,01,202312,3,3,02,0,12,77781,65432,0,M11,
660793071,PATIENT ASSIST VI,% LEAH CASTEEL,6501 RED HOOK PLAZA,ST THOMAS,VI,00802-1373,0000,03,3,1000,201307,1,15,000000000,1,01,202512,4,4,01,0,12,175364,149773,149773,E70,
660793381,EMBAJADA MUNDIAL DE ACTIVISTAS POR LA PAZ CORP,,PO BOX 370982,CAYEY,PR,00737-0982,0000,03,3,1000,201610,1,15,000000000,1,01,202412,0,0,02,0,12,0,0,0,Q01,GLOBAL EMBASSY OF ACTIVISTS FOR PC
660793427,PUERTO RICO HISTORIC BUILDING DRAWING SOCIETY,,PO BOX 9020034,SAN JUAN,PR,00902-0034,0000,03,3,1000,201805,1,16,000000000,1,01,202512,3,4,01,0,12,34800,147338,147338,A80,
660793585,GIVING LIFE INC,% NANISHKA P MORALES LAZARO,2603 PASEO ANON,TOA BAJA,PR,00949-4328,0000,03,3,1700,201908,1,15,000000000,1,01,202412,1,2,02,0,12,8290,20201,20201,P20,
660793743,MINISTRANDO SOBRE LAS NACIONES INC,% FELIX RIVERA,PO BOX 913,FAJARDO,PR,00738-0913,0000,03,3,7000,202207,1,10,000000000,1,01,202112,1,0,06,0,12,1,0,0,X20,
660793837,DA VINCI ACADEMY CORP,% DA VINCI ACADEMY,50 CALLE AQUAMARINA,CAGUAS,PR,00725-1907,0000,03,3,2000,201606,1,11,000000000,1,01,202512,0,0,02,0,12,0,0,0,,
660794245,IGLESIA CRISTIANA RENDIDOS A LOS PIES DEL MAESTRO,% NORMA E MENDEZ HERNANDEZ,PO BOX 1116,PATILLAS,PR,00723-1116,0000,03,3,1700,202009,1,10,000000000,1,01,,0,0,06,0,12,,,,X20,
660794403,PRODUCCIONES DANZATEATRO PR INC,,GUAYNABO 00969,PUERTO RICO,,00000-0000,0000,03,3,1000,202509,1,03,000000000,1,01,,0,0,00,1,01,,,,A60,
660794517,AS THE STARS OF THE SKY FOUNDATION INC,,7003 ESTATE LOUISSENHOJ,ST THOMAS,VI,00802-3579,0000,03,3,1200,201401,1,15,000000000,1,01,202512,0,0,02,0,12,0,0,0,P20,
660794599,EMPOWERING PEOPLE FOUNDATION CORP,% NELSON A IRIZARRY RIVERA,PO BOX 1458,AGUADA,PR,00602-1458,0000,03,3,2000,201410,1,16,000000000,1,01,202512,0,0,02,0,12,0,0,0,B60,
660794851,CASA DE MISERICORDIA EL GRAN YO SOY INC,% JUAN DANIEL VELEZ,STREET 46 BLOCK 40 - 14 MIRA FLORES,BAYAMON,PR,00957-0000,2046,03,9,7000,196911,1,10,001000000,5,01,,0,0,06,0,12,,,,,
660795286,INSTITUTE FOR SOCIO-ECOLOGICAL RESEARCH,% ISER,PO BOX 3151,LAJAS,PR,00667-3151,0000,03,3,2800,201410,1,16,000000000,1,01,202412,4,6,01,0,12,303884,2736635,2736635,C05,
660795546,ISKCON GURABO,,HC 1 BOX 8440,GURABO,PR,00778-9458,0000,03,3,1270,201403,1,10,000000000,1,01,,0,0,06,0,12,,,,X20,
660795759,VIRGIN ISLAND CYCLING FEDERATION INC,,PO BOX 24342,ST CROIX,VI,00824-0342,0000,03,3,1000,202404,1,16,000000000,1,01,202512,0,0,02,0,12,0,0,0,N60,
660795872,COALICION DE CANCER COLORRECTAL DE PUERTO RICO INC,% MARCIA R CRUZ CORREA,267 CALLE SIERRA MORENA PMB 594,SAN JUAN,PR,00926-5574,0000,03,3,1200,201805,1,15,000000000,1,01,202412,4,3,01,0,12,100964,72930,72930,G30,
660795977,INCUBADORA CREATIVA INC,% SILVIA AGUILO,ESPACIO C CALLE SILVA 64,MAYAGUEZ,PR,00680-0000,0000,03,3,2800,201809,1,16,000000000,1,01,202412,2,3,02,0,12,12910,33629,33629,S43,
660796467,EXALT CORPORATION,% ALEXANDER ALDARONDO,2 VELA ST ESQUIRE BLDG STE 701,SAN JUAN,PR,00918-0000,0000,03,3,1200,201511,1,16,000000000,1,01,202512,0,0,02,0,12,0,0,0,B90,
660796750,CENTRO DE ESTUDIO CASITA MARIA INC,,CAR 725 KM 2 3 BO LLANOS,AIBONITO,PR,00705-0000,0000,03,3,1200,202507,1,11,000000000,1,01,,0,0,01,0,12,,,,B20,
660797062,FUNDACION STEFANO STEENBAKKERS BETANCOURT CORP,% ZORIMAR BETANCOURT,INDUSTRIAL MINILLAS 111 CARR 174 ST,BAYAMON,PR,00959-0000,0000,03,3,1200,201906,1,15,000000000,1,01,202412,6,6,01,0,12,1483707,4083130,4083130,P20,
660797311,CARIBBEAN 12 STEP INC,,1569 CALLE ALDA STE 201,SAN JUAN,PR,00926-2728,0000,03,3,1000,202002,1,15,000000000,1,01,202412,5,4,01,0,12,558635,235852,211202,G99,
660798103,GUMA GUAM UNIQUE MERCHANDISE ART INC,% MARK UMAGAT,135 CHALAN SANTA PAPA 2ND FLOOR,HAGATNA,GU,96910-5120,0000,03,3,2000,201502,1,15,000000000,1,01,202412,4,4,01,0,12,389562,426282,426282,A26,
660798332,FEDERACION PUERTORRIQUENA DE DEPORTISTAS CIEGOS,,13 CALLE BEGONIA,SAN JUAN,PR,00926-7443,0000,03,3,1000,202303,1,15,000000000,1,01,202512,0,0,02,0,12,0,0,0,P86,
660798610,VOCES COALICION DE INMUNIZACION Y PROMOCIION DE LA SALUD INC,,35 CALLE JUAN C BORBON PMB 290 STE,GUAYNABO,PR,00969-0000,0000,03,3,1200,201503,1,15,000000000,1,01,202412,4,7,01,0,12,385519,5528160,5528160,Q33,
660798950,THERAPY & FAMILY COUNSELING CORP,% NERILUZ MALDONADO,PO BOX 56026,BAYAMON,PR,00960-6226,0000,03,3,1280,201902,1,15,000000000,1,01,202512,4,4,01,0,12,101409,117631,105891,E50,
660799555,RISING STARS FOUNDATION CORP,% SACRED FAMILY SCHOOL,35 MUNOZ RIVERA AVE CARIBE PLZ STE,SAN JUAN,PR,00901-0000,0000,03,3,2000,201710,1,11,000000000,1,01,202506,6,5,01,0,06,1076630,735827,735827,B20,
660800062,PUERTO RICO INDUSTRIES FOR THE BLIND,% CALLE JAIME RODRIGUEZ,2010 JAIME RODRIGUEZ ST GUANJIBO IN,MAYAGUEZ,PR,00682-0000,0000,03,3,1000,201804,1,16,000000000,1,01,202412,8,8,01,0,12,26220030,36949851,36949851,J30,
660800233,IGLESIA EL RETORNO DE JESUCRISTO INC,,PO BOX 3043,AGUADILLA,PR,00605-3043,2046,03,9,7000,196911,1,10,001000000,5,01,,0,0,06,0,12,,,,,
660800331,CULTURAL CONQUEST ASSOCIATION,,PO BOX 991,CHRISTIANSTED,VI,00821-0991,0000,03,3,2000,201709,1,15,000000000,1,01,202512,0,0,02,0,12,0,0,0,A23,
660800416,FUNDACION TESOROS DE AMOR,% AILIANET ROLDAN,PO BOX 50977,TOA BAJA,PR,00950-0977,0000,03,3,1200,202005,1,15,000000000,1,01,202412,4,4,01,0,12,469779,125400,125400,B43,
660801404,PARA LA NATURALEZA INC,% MARIA C APONTE ALEQUIN,PO BOX 9023554,SAN JUAN,PR,00902-3554,0000,03,3,1000,201408,1,03,000000000,1,01,202412,8,8,00,1,12,15848086,18522238,,C30,
660801473,REBORN FAMILY CENTER INC,% DYALMARIS HERNANDEZ,1027 AVE PENONCILLO,COTO LAUREL,PR,00780-2898,0000,03,3,1200,202302,1,15,000000000,1,01,202512,3,4,01,0,12,49714,107431,107431,P40,
660802060,COMMUNITY MUSIC INC,% EDWIN G B RUSSELL,PO BOX 1427,CHRISTIANSTED,VI,00821-1427,0000,03,3,1000,201408,1,15,000000000,1,01,202412,0,0,02,0,12,0,0,0,A99,
660802086,CLUB ESTHIMA INC,% KATHERINE CATINCHI,PO BOX 6150,CAGUAS,PR,00726-6150,0000,03,3,1000,201903,1,15,000000000,1,01,202512,3,4,01,0,12,34572,198549,198549,P81,
660802223,SANARE INC,,7 ST REPARTO MARQUEZ E-9,ARECIBO,PR,00612-0000,0000,03,3,2000,201407,1,15,000000000,1,01,202412,3,0,02,0,12,40000,0,0,F19,
660802307,CHURCH OF THE LIVING GOD INC,,PO BOX 9282,ST THOMAS,VI,00801-2282,0000,03,3,7000,201904,1,10,000000000,1,01,,0,0,06,0,12,,,,X21,
660802580,VIRGIN ISLANDS LITTLE LEAGUE DISTRICT,% STEVELYN PARRIS,PO BOX 307423,CHARLOTTE AMA,VI,00803-7423,0000,03,3,1000,202403,1,15,000000000,1,01,202512,0,0,02,0,12,0,0,0,N63,
660803228,ALOFA MO MEAOLA,% NICHOLAS KING,PO BOX 6274,PAGO PAGO,AS,96799-6274,0000,03,3,1400,201406,1,15,000000000,1,01,202512,0,0,02,0,12,0,0,0,D20,
660803376,SURF4DEM INC,% GIOVANNI MARTINEZ PRES,476 ALVERIO EXT ROOSVELT,SAN JUAN,PR,00918-0000,0000,03,3,1000,201703,1,11,000000000,1,01,202512,3,3,01,0,12,63095,65120,65120,P20,
660803400,LOVE CREW INC,% LENNYS M REDONDO,1019 AVE LUIS VIGOREAUX APT 18 F,GUAYNABO,PR,00966-2400,0000,03,3,1000,202205,1,04,000000000,1,01,202412,1,3,00,1,12,210,26799,,P20,
660803479,COLITAS SONRIENTES INC,,PO BOX 7576,PONCE,PR,00732-7576,0000,03,3,4000,201601,1,15,000000000,1,01,202412,2,3,02,0,12,15742,30654,30654,D20,
660803971,FUNDACION JUAN AGOSTO-ALICEA,% JUAN AGOSTO-ALICEA,COND PLZ ATLANTICO APT 405,CAROLINA,PR,00979-5340,0000,03,3,1200,201802,1,15,000000000,1,01,202412,0,0,02,0,12,0,0,0,B82,FJAA
660804193,INSTITUTO DEL DESARROLLO DE LA JUVENTUD,,501 AVE ROBERTO H TODD,SAN JUAN,PR,00907-3905,0000,03,3,1000,202604,1,15,000000000,5,01,202306,1,0,02,0,06,1,0,0,S31,
660804198,ASOCIACION ACIRC CORP,% ASOCIACION ACIRC,PO BOX 9022573,SAN JUAN,PR,00902-2573,0000,03,3,1000,202010,1,15,000000000,1,01,202412,5,4,01,0,12,639424,499521,499521,A20,ACIRC
660804230,FUNDACION PARA DESARROLLO DE LA SALUD DE PUERTO RICO,% JAIME PLA CORTES,VILLA NEVAREZ PROFESSIONAL STE 101,SAN JUAN,PR,00927-5302,0000,03,3,1000,201506,1,15,000000000,1,01,202412,3,0,02,0,12,27408,0,0,E60,
660804748,PACIFIC OMBUDSMAN FOR HUMANITARIAN LAW,% PAMELA BLACKBURN,PO BOX 502452,SAIPAN,MP,96950-2452,0000,03,3,1000,202105,1,15,000000000,1,01,202412,2,4,01,0,12,17947,271750,271750,P20,
660804753,ST CROIX YOUTH SAILING ASSOCIATION INC,% LORIN KLEEGER,PO BOX 24098,CHRISTIANSTED,VI,00824-0098,0000,03,3,1000,201405,1,15,000000000,1,01,202512,3,3,01,0,12,85895,93977,93977,O50,
660804779,MUSEO DEL MAR INC,% KRISTIAN BUSTO ALVAREZ,360 CALLE DE SAN FRANCISCO,SAN JUAN,PR,00901-1719,0000,03,3,2000,201712,1,16,000000000,1,01,202506,1,3,01,0,06,8495,62786,59882,A50,
660804845,FUNDACION CORTES INC,% IGNACIO CORTES GELPI,PO BOX 363626,SAN JUAN,PR,00936-3626,0000,03,3,1000,201509,1,15,000000000,1,01,202412,4,5,01,0,12,187562,688307,688307,T50,
660804878,HOGAR DE ANCIANOS EL JARDIN DEL EDEN INC,% CARMEN R LOPEZ,PO BOX 902,LAJAS,PR,00667-0902,0000,03,3,1000,201407,1,04,000000000,1,01,202512,5,5,00,1,12,771008,621750,,Z99,
660804925,HUELLITAS DE ESPERANZA DE SANLINAS INC,% PO BOX 37,SALINAS 00751-0000,SAUDI ARABIA,,00000-0000,0000,03,3,1000,201708,1,15,000000000,1,01,202606,0,0,02,0,06,0,0,0,D20,
660805770,ENLACE INTERNACIONAL PR CORP,% HERBERT PADUA-MENDEZ,PO BOX 4956 PMB 325,CAGUAS,PR,00726-4956,0000,03,3,1000,201410,1,15,000000000,1,01,202512,0,0,02,0,12,0,0,0,Q33,
660805913,VITRINA SOLIDARIA INC,% RAQUEL SKERRETT,PO BOX 363523,SAN JUAN,PR,00936-3523,0000,03,2,1000,202001,1,15,000000000,1,01,202412,6,6,01,0,12,1148058,1775214,1775214,S30,
660806066,SOCIEDAD SEMBRY PLANET CORPORATION,,CARR 682 KM 3 H 4,BARCELONETA,PR,00617-0000,0000,03,3,2700,202505,1,15,000000000,1,01,202512,1,3,02,0,12,3989,46787,46787,C60,
660806356,TINA DRABBLE JUNIOR GOLF FOUNDATION,% CHANDE L DRABBLE,PO BOX 1266,PAGO PAGO,AS,96799-1266,0000,03,3,1000,202401,1,16,000000000,1,01,202412,0,0,02,0,12,0,0,0,N6A,
660806791,MI CASITA DORADA HOME INC,,PARCELAS FALU 276 CALLE 43,SAN JUAN,PR,00924-0000,0000,03,3,1000,202111,1,15,000000000,1,01,202412,4,2,02,0,12,153420,20000,20000,P74,
660806942,THE ST CROIX ORCHID SOCIETY INC,,PO BOX 223302,CHRISTIANSTED,VI,00822-3302,0000,03,3,2000,201806,1,16,000000000,1,01,202606,0,0,02,0,06,0,0,0,,
660807937,IGLESIA CIUDADANOS DEL REINO,,HC 71 BOX 6929,CAYEY,PR,00736-9542,2046,03,9,7000,196911,1,10,001000000,5,01,,0,0,06,0,12,,,,,
660808103,MINISTRY WITH MARINERS AND FISHERS,% MINISTRY WITH MARINERS AND FISHER,9 CALLE RODRIGUEZ SERRA APT 3A,SAN JUAN,PR,00907-1408,9386,03,9,7000,198804,1,10,001000000,1,01,,0,0,06,0,12,,,,,
660808415,PUERTO RICO COMPOSTA INC,,PO BOX 723,NAGUABO,PR,00718-0723,0000,03,3,1200,201606,1,16,000000000,1,01,202412,1,3,02,0,12,5334,39507,39507,C30,
660808702,COLECTIVO ILE CORPORACION,% MARIA REINAT-PUMAREJO,200 AVE RAFAEL CORDERO PMB 117 S140,CAGUAS,PR,00725-0000,0000,03,3,1200,202405,1,15,000000000,1,01,202412,4,4,01,0,12,404024,284099,284099,P01,COLECTIVO ILE
660808718,ISLANDERS CHRISTIAN CHURCH INC,,VILLAS DE LOIZA CALLE 39 BLOQUE MM1,CANOVANAS,PR,00729-0000,0000,03,3,7000,202109,1,10,000000000,1,01,,0,0,06,0,12,,,,X20,
660809033,HORSE LIFE FOR PUERTO RICO INC,% LUIS,PO BOX 440,JUNCOS,PR,00777-0440,0000,03,3,2400,201903,1,15,000000000,1,01,202412,0,0,02,0,12,0,0,0,D99,
660809135,VIEQUES EN RESCATE,,PO BOX 202,VIEQUES,PR,00765-0202,0000,03,3,1000,202203,1,16,000000000,1,01,202312,0,0,02,0,12,0,0,0,Z99,
660809629,BELEN EFRATA INC,% LUIS E REYES CENTENO,CARR 835 KM 0 SECTOR PEDRO REYES,GUAYNABO,PR,00970-0000,0000,03,3,1257,202108,1,15,000000000,1,01,202512,0,0,02,0,12,0,0,0,K31,
660809671,STEVEN ANTHONY CHILDRENS HOSPITAL,,1 CALLE CASTILLO,PONCE,PR,00730-3824,0000,03,3,1000,202303,1,12,000000000,1,01,202412,1,2,02,0,12,7639,13078,13078,E22,
660809823,MEDLIFE-UPRM CORP,,HC 2 BOX 2748,BOQUERON,PR,00622-9467,0000,03,3,1000,202508,1,15,000000000,1,01,,0,0,02,0,07,,,,S20,
660809838,CASA CULTURAL AFRO CARIBENA-CENTRO YUIZA INC,% MARGARITA RAMOS-LACEN,PO BOX 112,LOIZA,PR,00772-0112,0000,03,3,1000,201407,1,15,000000000,1,01,202512,0,0,02,0,12,0,0,0,A23,CASA CULTURAL AFRO-CARIBENA YUIZA
660809967,GUAM NAVAL OFFICERS SPOUSES CONNECTION,,PO BOX 13039,SANTA RITA,GU,96915-3039,0000,03,3,1000,202006,1,16,000000000,5,01,202505,1,1,02,0,05,8360,8038,6034,B82,
660809976,SOROPTIMIST INTERNATIONAL OF THE AMERICAS INC,% MAUREEN SEBANGIOL,PMB 30 BOX 10001,SAIPAN,MP,96950-0000,3899,03,9,1000,200210,1,16,000000000,5,01,202606,0,0,02,0,06,0,0,0,I70,115612 NORTHERN MARIANA ISLANDS
660810116,INTERNATIONAL UNION UNITED AUTO AEROSPACE & AGRICULTURAL WORKERS,,3100 CARR 190 STE 201,CAROLINA,PR,00983-1983,0427,05,9,3000,194106,2,00,263000000,5,01,202512,0,0,02,0,12,0,0,0,,2312 UAW LOCAL
660810416,BASURA CERO PUERTO RICO INC,,PO BOX 1927,CAGUAS,PR,00726-1927,0000,03,3,2000,202501,1,15,000000000,1,01,202412,2,1,02,0,12,21089,7002,7002,C99,
660810613,IGLESIA CRISTIANA INTERNACIONAL SANTUARIO ARBOL DE VIDA INC,,PO BOX 7682,CAGUAS,PR,00726-7682,0000,03,3,1270,201907,1,10,000000000,1,01,,0,0,06,0,12,,,,X20,
660811585,ASOCIACION DE DOCUMENTALISTAS DE PUERTO RICO INC,% MAVIS MALDONADO,PO BOX 6131,SAN JUAN,PR,00914-6131,0000,03,3,1000,201903,1,16,000000000,1,01,202412,4,4,01,0,12,231660,234665,234665,A90,
660811657,DEFENSA ANIMAL DE RINCON,% ADELAIDE E CANINO,HC 1 BOX 4749,RINCON,PR,00677-8805,0000,03,3,4000,201503,1,15,000000000,1,01,202512,4,4,01,0,12,211996,219068,219068,D20,DAR
660811671,NIGEL O HODGE ORGANIZATION INC,% CHESTER HODGE,PO BOX 10091,ST THOMAS,VI,00801-3091,0000,03,3,1000,201408,1,04,000000000,1,01,202412,4,3,00,1,12,289382,27782,,G12,
660811997,IGLESIA DIOS ES NUESTRO REFUGIO,,PO BOX 4054,BAYAMON,PR,00958-1054,2046,03,9,7000,196911,1,10,000000000,5,01,,0,0,01,0,12,,,,,
660812004,ATI ISABELA INC,% VICTOR DIAS CORTES,PO BOX 531,ISABELA,PR,00662-0531,0000,03,3,2000,202403,1,15,000000000,1,01,202412,2,3,02,0,12,24562,40197,40197,A80,AMIGOS DEL TREN DE ISABELA ATI
660812092,PONCE LIRICO CORP,% LAURA SAAVEDRA DE CARRO,JARDINES FAGOT C21 ALMENDRA,PONCE,PR,00716-0000,0000,03,3,1200,201811,1,16,000000000,1,01,202512,1,1,02,0,12,1960,7022,7022,A6A,
660812537,FUNDACION ATENCION ATENCION INC,,URB LA CUMBRE,SAN JUAN,PR,00926-0000,0000,03,3,1200,202012,1,15,000000000,1,01,202412,4,5,01,0,12,348258,844995,844995,O99,
660812599,CORPORACION DE SERVICIOS DE SALUD Y DESARROLLO SOCIOECONOMICO EL OTOAO,% RMG PHARMACY GROUP INC,PO BOX 2113,UTUADO,PR,00641-2113,0000,03,3,1000,201411,1,12,000000000,1,01,202512,4,4,01,0,12,277489,256162,256162,E20,
660813039,IGLESIA REY DE GLORIA,% IGLESIA REY DE GLORIA,HC 6 BOX 67420,AGUADILLA,PR,00603-9802,2043,03,9,7000,196911,1,10,000000000,5,01,,0,0,01,0,12,,,,,
660813147,LUSCINIA CE INC,% JOSE A ORLANDO SUED,964 CALLE SANTO DOMINGO,SAN JUAN,PR,00921-2334,0000,03,3,2300,202203,1,16,000000000,1,01,202512,0,0,02,0,12,0,0,0,A33,
660813927,MYVISION EYE CENTER AND OPTICAL NON PROFIT,% LALOASI M PETAIA-STEFFANY,PO BOX 4779,PAGO PAGO,AS,96799-4779,0000,03,3,1000,202604,1,16,000000000,1,01,,0,0,02,0,12,,,,E30,
660814252,PONCE HEALTH SCIENCES EDUCATION FOUNDATION INC,,PO BOX 596,MERCEDITA,PR,00715-0596,0000,03,3,1200,201701,1,04,000000000,1,01,202412,8,6,00,1,12,20782488,1451676,,T22,
660814802,FUNDACION MI GRAN SUENO,% LUIS QUINTANA,PO BOX 1595,AGUADA,PR,00602-1595,0000,03,3,1000,202206,1,15,000000000,1,01,202412,4,5,01,0,12,361849,933789,933789,P20,
660814932,AMERICAN ASSOCIATION OF UNIVERSITY WOMEN INC,% JOANNE MARTI,6 CALLE VILLA INTERNACIONAL II,SAN JUAN,PR,00913-4819,5649,04,9,3000,201003,2,00,000000000,5,01,202506,0,0,02,0,06,0,0,0,B820,PUERTO RICO INC
660814951,CENTRO DE ESTUDIANTE Y MAESTRO INVESTIGADOR CORP,% MARINA RETAMALES,PO BOX 937,MANATI,PR,00674-0937,0000,03,3,2000,201507,1,15,000000000,1,01,202412,5,5,01,0,12,566470,716418,716418,B99,
660815587,RED DE IGLESIAS CRISTIANA NUEVA UNCION,% ELIOT ARROYO BONILLA,HC 6 BOX 61213,AGUADILLA,PR,00603-9815,0000,03,3,7000,201801,1,10,000000000,1,01,,0,0,06,0,12,,,,X20,
660815727,VIEQUES ISLAND ANIMAL SANCTUARY INC,% WENDY PRICE,HC 2 BOX 15015,VIEQUES,PR,00765-9511,0000,03,3,1000,201412,1,15,000000000,1,01,202601,1,2,02,0,01,4240,20300,20300,D20,
660815784,FANTASIA CARIBENA CORPORACION,,HC 2 BOX 11812,VIEQUES,PR,00765-9440,0000,03,3,1000,202003,1,15,000000000,1,01,202512,0,0,02,0,12,0,0,0,A20,
660815946,HOME FIELD HUNTER FOUNDATION,,762 CALLE JOSE B ACEVEDO,SAN JUAN,PR,00923-2440,0000,03,3,1000,202501,1,15,000000000,1,01,,0,0,02,0,12,,,,B82,
660816012,JUNTOS VIEQUES INC,% MICHAEL SANSON,HC 1 BOX 6508,VIEQUES,PR,00765-9035,0000,03,3,4000,201502,1,15,000000000,1,01,202312,3,3,02,0,12,62689,42235,42235,D20,
660816193,SCIENTIFIC CARIBBEAN FOUNDATION,% JUAN F ARRATIA,12 CAMINO FRANCISCO RIVERA,SAN JUAN,PR,00926-9220,0000,03,3,2800,202201,1,15,000000000,1,01,202512,0,0,02,0,12,0,0,0,B25,
660816335,CRUZAN COWGIRLS HORSE RESCUE,% JENNIFER OLAH,90A ESTATE CARLTON,FREDERIKSTED,VI,00840-0000,0000,03,3,1278,201707,1,15,000000000,1,01,202312,1,4,01,0,12,4369,443324,443324,D20,
660816990,ESCUELA MONTESORI SAN CRISTOBAL INC,% RUTH MELIAN,HC 1 BOX 29030 PMB 428,CAGUAS,PR,00725-8900,0000,03,3,2000,201604,1,11,000000000,1,01,202506,4,5,01,0,06,478335,951717,951717,B21,ESCUELA MONTESORI SAN CRISTOBAL
660817091,FUNDACION HOSPITAL PEDIATRICO,% FUNDACION HOSPITAL PEDIATRICO,URB PASEO LAS BRISAS,SAN JUAN,PR,00926-0000,0000,03,3,1000,201803,1,15,000000000,1,01,202503,5,6,01,0,03,967234,1620987,1620987,E11,
660817624,PATRONATO DE SAN JOSE INC,% RICARDO F GONZALEZ,197 CALLE ONEILL,SAN JUAN,PR,00918-2404,0000,03,3,1000,201409,1,15,000000000,1,01,202412,4,1,02,0,12,152616,58,58,A23,
660817772,FOUNDATION FOR A BETTER PUERTO RICO INC,% DENNIS HICKEY,PO BOX 938,CULEBRA,PR,00775-0938,0000,03,3,1258,201508,1,15,000000000,1,01,202412,4,4,01,0,12,304471,280167,280167,T30,
660818031,CONNECTING PATHS PR INC,% MABEL LASSALLE,1300 CALLE ATENAS APT 801,SAN JUAN,PR,00926-7811,0000,03,3,1000,201609,1,15,000000000,1,01,202512,0,0,02,0,12,0,0,0,P20,
660818053,GUAM ULTIMATE FOR ALL,,PO BOX 753,HAGATNA,GU,96932-0753,0000,03,3,1000,201505,1,16,000000000,1,01,202505,0,0,02,0,05,0,0,0,N70,GUFA
660818692,HERMANAS DE NAZARET,,SECTOR MAJADA KM 81 2 SOLAR NO 7,SALINAS,PR,00751-0000,0928,03,9,1700,194603,1,10,031150120,5,01,,0,0,06,0,06,,,,X22,
660818815,ILERI INC,% RESA O REILLY,PO BOX 875,CHRISTIANSTED,VI,00821-0875,0000,03,3,1000,201504,1,15,000000000,1,01,202412,4,4,01,0,12,347942,241902,205864,O50,PROJECT PROMISE
660818876,ARECIBO ADULT DAY CARE INC,,PO BOX 1217,HATILLO,PR,00659-1217,0000,03,3,1000,201806,1,16,000000000,1,01,202412,3,4,01,0,12,79258,196174,196174,P81,
660819326,COALICION PRO CORREDOR ECOLOGICO DEL NORESTE INC,% NILDA GARCIA,PO BOX 1994,LUQUILLO,PR,00773-1994,0000,03,3,1000,201909,1,15,000000000,1,01,202512,0,0,02,0,12,0,0,0,S31,
660820188,MOPS ON NAVAL BASE GUAM,% NICOLE HOOGDTRATEN,6 PALMAS ST,SANTA RITA,GU,96915-1210,0000,07,3,1000,202412,2,00,000000000,5,01,202512,0,0,02,0,12,0,0,0,P83,
660820736,VIRGIN ISLANDS NATIONAL GUARD ASSOCIATION INC,% BERESFORD F EDWARDS,PO BOX 2460,KINGSHILL,VI,00851-2460,0000,03,3,1000,201812,1,16,000000000,1,01,202512,0,0,02,0,12,0,0,0,W30,
660821204,500 SAILS,% EMMA PEREZ,PMB 326 BOX 10001,SAIPAN,MP,96950-0000,0000,03,3,2000,202403,1,15,000000000,1,01,202412,6,4,01,0,12,1667632,133318,125662,A20,
660822394,CHRISTIANSTED COMMUNITY ALLIANCE,% MARY DEMA,1236 STRAND ST,CHRISTIANSTED,VI,00820-5034,0000,03,3,1000,201602,1,16,000000000,1,01,202512,0,0,02,0,12,0,0,0,A01,
660822585,PARCELAS FALU RENACE INC,% MARIA DEL CARMEN RIVERA,219 43ST PARCELAS FALU,SAN JUAN,PR,00924-0000,0000,03,3,1000,202507,1,15,000000000,1,01,,0,0,02,0,12,,,,S20,
660822928,INSTITUTO DE PSICOTRAUMATOLOGIA DE PR,% CARLOS VELAZQUEZ GARCIA,UNIV INTERAMERICANA BAYAMON,BAYAMON,PR,00957-0000,0000,03,3,1000,202009,1,12,000000000,1,01,202412,4,4,01,0,12,167998,477403,477403,P62,
660823381,JUCUM URBANO CORPORATION,% SHEILA H LOPEZ HERNANDEZ,PO BOX 630,TRUJILLO ALTO,PR,00977-0630,0000,03,3,2700,201506,1,16,000000000,1,01,202512,2,3,01,0,12,20708,66463,66463,X20,
660823412,IGLESIA MONTE DEL LIBANO INC,,PO BOX 694,DORADO,PR,00646-0694,2046,03,9,7000,196911,1,10,001000000,5,01,,0,0,06,0,12,,,,,
660823462,2022 ACT FOUNDATION INC,% ENID CONCEPCION,875 CARR 693 STE 201,DORADO,PR,00646-6711,0000,03,3,1000,201704,1,15,000000000,1,01,202412,6,6,01,0,12,3831553,2403913,2403913,T30,
660823502,GEDEON DEVELOPMENT II,,BALCONES MONTE REAL D1404 APTDO 69,CAROLINA,PR,00987-0000,0000,03,3,1000,201610,1,15,000000000,1,01,202512,0,0,02,0,12,0,0,0,L20,
660823937,RAME MINISTRIES INC,% ANNETTE CAINS,AQ1 CALLE IRENE,BAYAMON,PR,00959-4909,0000,03,3,7000,201603,1,16,000000000,1,01,202509,0,0,02,0,09,0,0,0,X21,
660824464,SIEMBRA VIDA INC,% JOSIAH HERNANDEZ,PO BOX 2030,MAYAGUEZ,PR,00681-2030,0000,03,3,1200,202206,1,15,000000000,1,01,202512,0,0,02,0,12,0,0,0,S20,
660824833,PROYECTO FUTURO PUERTO RICO INC,% IDELA BONAPARTE GOMEZ,PO BOX 1558,BARCELONETA,PR,00617-1558,0000,03,3,1200,201904,1,15,000000000,1,01,202512,0,0,02,0,12,0,0,0,S80,
660825673,DESARROLLOS GEDEON,,BALCONES MONTE REAL D1404 APTDO 69,CAROLINA,PR,00987-0000,0000,03,3,1000,201609,1,15,000000000,1,01,202512,0,0,02,0,12,0,0,0,L21,
660826200,MINISTERIO CAPELLANIA CEDRO DEL LIBANO,,CONDOMINIO ACUAPARQUE APT 19-A,LEVITTOWN,PR,00949-0000,0000,03,3,1700,202304,1,15,000000000,1,01,202512,0,0,02,0,12,0,0,0,X20,
660826218,FUNDACION PARA LA PREVENCION DEL PA RTO PREMATURO Y EL CORONAVIRUS INC,% NELSON TRAVERSO VELAZQUEZ,PO BOX 364087,SAN JUAN,PR,00936-4087,0000,03,3,2800,201501,1,16,000000000,1,01,202412,4,4,01,0,12,158666,198401,198401,H01,
660826249,FUNDACION CAP INC,,PO BOX 10807,SAN JUAN,PR,00922-0807,0000,03,3,1000,201512,1,15,000000000,1,01,202412,6,6,01,0,12,4893842,2159898,2159898,G30,
660826532,INTER-MUJERES PUERTO RICO CORPORACION,,PO BOX 70351,SAN JUAN,PR,00936-8351,0000,03,3,2000,201911,1,15,000000000,1,01,202512,0,0,02,0,12,0,0,0,P20,INTER-MUJERES
660826601,CENTRO EDUCATIVO INTEGRAL FORMANDO VIDAS INC,% GRIMILDA L CORTES RODRIGUEZ,HC 6 BOX 68554,AGUADILLA,PR,00603-8817,0000,03,3,1000,201511,1,15,000000000,1,01,202512,1,0,02,0,12,1,0,0,P20,CEIFV
660826722,DISABLED AMERICAN VETERANS AUXILIARY INC,% SYLVIA GUZMAN,22 CALLE CEIBA,SAN GERMAN,PR,00683-4217,2473,04,9,1000,197310,2,00,000000000,5,01,202506,0,0,02,0,06,0,0,0,,3 SFC LUIS MORALES
660827101,DORADO HOUSING DEVELOPMENT CORPORATION,% MARTA HERNANDEZ,501 CALLE PERSEO STE 210,SAN JUAN,PR,00920-4249,0000,03,3,1000,201505,1,04,000000000,1,01,202412,1,1,00,1,12,1105,224,,L20,
660827186,RESCATE PLAYAS BORINQUEN CORP,,311 CALLE BELT,AGUADILLA,PR,00603-1311,0000,03,3,2000,201705,1,16,000000000,1,01,202512,4,4,01,0,12,203180,226382,226382,C99,
660827214,TIKOSO INC,% LUZ M MALAVE,2001 AVE MCLEARY URB OCEAN PARK,SAN JUAN,PR,00911-1438,0000,03,3,4000,201908,1,15,000000000,1,01,202412,1,2,02,0,12,1248,14000,14000,D20,
660827436,ALIANZA PARA EL DESARROLLO DEL TERCER SECTOR PUERTORRIQUENO,% GIONIRA BLANCO HERNANDEZ,110 COND PORTALES DE RIO GRANDE,RIO GRANDE,PR,00745-8711,0000,03,3,1235,201806,1,15,000000000,1,01,202512,0,0,02,0,12,0,0,0,T01,
660827495,SANTURCE PARK CONSERVANCY INC,% JEREMY GRIFFITHS,PO BOX 41027,SAN JUAN,PR,00940-1027,0000,03,3,1000,202303,1,03,000000000,1,01,202412,7,7,00,1,12,7614319,7614319,,N32,
660828032,VIRGIN ISLANDS CHILDRENS MUSEUM,% THE VIRGIN ISLANDS CHILDRENS MUSE,PO BOX 3D4457,ST THOMAS,VI,00803-0000,0000,03,3,1000,202312,1,16,000000000,1,01,202512,4,4,01,0,12,305511,370279,370279,A52,
660828397,PROGRAMA PRO AYUDA A EDAD AVANZADA INC,,HC 56 BOX 4931,AGUADA,PR,00602-8667,0000,03,3,1000,201806,1,15,000000000,1,01,202512,3,0,02,0,12,25433,0,0,R23,
660830558,FUNDACION ALMA DE BAHIA,% MARTIN SMITH,7000 BAHIA BEACH BLVD,RIO GRANDE,PR,00745-2900,0000,03,3,1000,201911,1,16,000000000,1,01,202412,4,4,01,0,12,176705,399149,399149,D30,
660830662,ORQUESTA FILARMONICA DE BAYAMON INC,% RUBEN M MATTOS ESCABI,URB FORREST HILLS C2 CALLE 23,BAYAMON,PR,00959-0000,0000,03,3,2000,202203,1,15,000000000,1,01,202412,3,4,01,0,12,38689,152597,152597,A68,
660830666,FUNDACION EMILIO MILLO ROMERO CUEVAS INC,% EDMUND SANTIAGO,CALLE SAN ANTONIO 1870A PARADA 26,SAN JUAN,PR,00909-0000,0000,03,3,1000,202109,1,16,000000000,1,01,202412,2,4,01,0,12,20195,147128,147128,N12,
660831144,ARRECIFE CONDADO INC,% FRANK INSERNI,239 AVE ARTERIAL HOSTOS STE 402,SAN JUAN,PR,00918-1475,0000,03,3,2800,201805,1,15,000000000,1,01,202512,0,0,02,0,12,0,0,0,S20,ARRECIFE CONDADO
660831318,PALA LAGOON SWIMMING CENTER INC,% PALA LAGOON SWIMMING CENTER INC,PO BOX 1002,PAGO PAGO,AS,96799-1002,0000,03,3,1200,202501,1,15,000000000,1,01,,3,4,02,0,12,,,,N67,
660831659,ATEISTAS DE PUERTO RICO INC,% ATEISTAS DE PUERTO RICO,PO BOX 362575,SAN JUAN,PR,00936-2575,0000,03,3,1200,201603,1,16,000000000,1,01,202312,0,0,02,0,12,0,0,0,R99,
660831665,RICO INC,% CAMILLE COLLAZO,63 KINGS COURT CONDO KINGSVILLE 4A,SAN JUAN,PR,00911-0000,0000,03,3,2000,202406,1,15,000000000,1,01,202412,3,3,01,0,12,30184,58390,58390,K99,
660831669,EKKLESIA UNA FAMILIA EN CRISTO INC,% JOSE A SEIJO ROSARIO,PO BOX 834,TOA BAJA,PR,00951-0834,1489,03,9,7000,196007,1,10,001268000,1,01,,0,0,06,0,12,,,,,
660831798,UNITED PUBLIC WORKERS OF PUERTO RICO RETIREE CHAPTER 95,,PO BOX 13695,SAN JUAN,PR,00908-3695,0000,05,3,3000,202510,2,00,263264279,5,01,202512,0,0,02,0,12,0,0,0,J40,
660831873,FUNDACION LUIS G FORTUNO,% LUCY ANN RAMOS,PO BOX 190913,SAN JUAN,PR,00919-0913,0000,03,3,1200,202004,1,15,000000000,1,01,202412,4,6,01,0,12,486143,1361922,1361922,S01,CRECE
660833040,LUCKY PAWS FOUNDATION INC,% DELLIA HOLODENSCHI,PO BOX 8209,ST THOMAS,VI,00801-1209,0000,03,3,1240,201503,1,16,000000000,1,01,202412,1,3,01,0,12,1909,59367,59367,D20,
660833244,ESCUELA AURORA,% VALERIE M SANCHEZ GARCIA,PO BOX,SAN JUAN,PR,00926-0000,0000,03,3,2000,202204,1,11,000000000,1,01,202412,2,4,01,0,12,21561,289273,289273,B20,
660833396,NATIONAL AIR TRAFFIC CONTROLLERS ASSOCIATION,% TOWER UNION REP,PO BOX 250432,AGUADILLA,PR,00604-0432,3254,05,9,3000,199002,2,00,263000000,1,01,202512,0,0,02,0,12,0,0,0,,NATCA LOCAL BQN
660833410,CAMERATA CORAL DE PUERTO RICO INC,% CAMERATA CORAL DE PUERTO RICO INC,DOS PINOS 804 LOPEZ SICARDO,SAN JUAN,PR,00923-0000,0000,03,3,1200,202007,1,15,000000000,1,01,202512,0,0,02,0,12,0,0,0,A23,
660833448,SAVING GRACE CHURCH INC,,PO BOX 3055,HAGATNA,GU,96932-3055,0000,03,3,7000,201510,1,10,000000000,1,01,,0,0,06,0,12,,,,X20,
660833695,BACK ON TRACK,,PO BOX 982637,PAGO PAGO,AS,96799-8510,0000,03,3,1000,201610,1,16,000000000,1,01,202512,0,0,02,0,12,0,0,0,I43,
660833868,HARVEST HOUSE INC,% PASTOR MARTY HERRON,PO BOX 23189,BARRIGADA,GU,96921-3189,0000,03,3,1000,202105,1,15,000000000,1,01,202412,4,4,01,0,12,476751,335215,334062,,
660834016,NATIONAL AIR TRAFFIC CONTROLLERS ASSOCIATION,% FAA CERAP SIG FCT,5000 CARR 190,CAROLINA,PR,00979-7421,3254,05,9,3000,199002,2,00,263000000,1,01,202512,0,0,02,0,12,0,0,0,,NATCA LOCAL SIG
660834167,CASA GENERACION ESCOGIDA INC,% ATTN JIMMY PAGAN,URB TERRAZAS DE CUPEY CALLE 7 - A19,TRUJILLO ALTO,PR,00976-0000,0000,03,3,1270,202107,1,10,000000000,1,01,,0,0,06,0,12,,,,X20,
660834790,MENTE ACTIVA,% ELIAS FERNANDEZ,PO BOX 7500,PONCE,PR,00732-7500,0000,03,3,1280,201606,1,16,000000000,1,01,202512,2,4,01,0,12,15054,100333,100333,G83,
660835007,SWIMMING FEDERATION OF THE US VIRGIN ISLAND INC,,6501 RED HOOK PLAZA 201,ST THOMAS,VI,00802-1373,0000,03,3,1000,202510,1,16,000000000,5,01,202312,3,4,01,0,12,80155,106600,106600,N67,
660835350,SANTUARIO DE ANIMALES DE BARRANQUITAS INC,,PO BOX 401,BARRANQUITAS,PR,00794-0401,0000,03,3,1000,201702,1,16,000000000,1,01,202412,0,0,02,0,12,0,0,0,D20,
660835367,YOUTH ARISE INC,,ST THOMAS 00804,BRITISH VIRGIN ISLANDS,,00000-0000,0000,03,3,1200,202512,1,16,000000000,1,01,202512,0,0,02,0,12,0,0,0,O50,
660835388,PATRIA Y CULTURA INC,% EFRAIN MATOS PEREZ,BO SAN ANTON BNZ 56,PONCE,PR,00717-0000,0000,03,3,1000,201808,1,16,000000000,1,01,202512,1,3,02,0,12,500,31200,31200,A99,
660835633,IGLESIA PRESBITERIANA WESTMINSTER CHURCH,% LUIS CANDALARIA,PO BOX 367,BAYAMON,PR,00960-0367,5052,03,9,7000,198205,1,10,001002000,1,01,,0,0,06,0,12,,,,,
660835971,UNIDOS POR LA IGUALDAD PUERTO RICO INC,% MIGUEL A CRUZ RODRIGUEZ,PO BOX 9501,SAN JUAN,PR,00908-0501,0000,03,3,1000,201503,1,16,000000000,1,01,202312,1,1,02,0,12,1222,184,184,R26,
660836042,LEGION AMERICANA AUXILIAR UNIDAD 154 BOQUERON INC,,HC O1 BOX1126,BOQUERON,PR,00622-0000,0000,19,3,1000,202212,1,00,319907000,1,01,202604,0,0,02,0,04,0,0,0,W30,
660836793,AGENCIA MISIONERA ALIENTO A LAS NAC IONES AMAN INC,,URBAN EXT SAN ANTONIO CALLE 10 J20,HUMACAO,PR,00791-0000,0000,03,3,1700,202606,1,15,000000000,1,01,,0,0,02,0,12,,,,X20,
660837063,CARLOS BELTRAN BASEBALL ACADEMY FOUNDATION INC,% JOSE A SILVA,PO BOX 801469,COTO LAUREL,PR,00780-1469,0000,03,3,1200,201906,1,15,000000000,1,01,202412,6,6,01,0,12,2097091,2228672,2228672,N63,
660837144,GUAM MEDITATION INC,,HAGATNA,GUAM,,00000-0000,0000,03,3,7000,201608,1,10,000000000,1,01,,0,0,06,0,12,,,,X90,
660837338,HIGH ACHIEVEMENT CHRISTIAN SCHOOL INC,% MIGDALIA VAZQUEZ,PO BOX 6414,BAYAMON,PR,00960-5414,0000,03,3,1270,202210,1,11,000000000,1,01,,0,0,13,0,12,,,,X20,
660837537,VI KIDS OPTI FUND,,6501 RED HOOK PLAZA STE16,CHARLOTTE AMALIE,VI,00802-1373,0000,03,3,1000,201504,1,16,000000000,1,01,202512,0,0,02,0,12,0,0,0,O50,
660837840,RED POT LOS DERECHOS DE LA NINEZ Y JUVENTUD DE PUERTO RICO INC,,PO BOX 190875,SAN JUAN,PR,00919-0875,0000,03,3,1200,202007,1,15,000000000,1,01,202412,6,8,01,0,12,2278886,12063045,12063045,S20,
660838018,ORGANIZACION PACIENTES DE ESCLEROSI S MULTIPLE OPEM INC,% GINGER E RIVERA SANTIAGO,1200 CARR 849 APT 109,SAN JUAN,PR,00924-4565,0000,03,3,1200,201509,1,16,000000000,1,01,202312,0,0,02,0,12,0,0,0,E99,
660838042,ENACTUS RUM INC,% PATRICIA VALENTIN,1105 CAMINO LA CUCHILLA,MAYAGUEZ,PR,00680-2134,0000,03,3,1000,201710,1,16,000000000,1,01,202512,0,0,02,0,12,0,0,0,T50,ENACTUS RUM
660838081,IGLESIA CIUDAD FORTIFICADA TSEBAOTH INC,,RR 4 BOX 868,BAYAMON,PR,00956-9681,0000,03,3,7000,202510,1,15,000000000,1,01,,0,0,02,0,12,,,,X21,
660838572,COPADESI LLC,% MARY LINDA SOTO,URB SANTA RITA 1004 CALLE HUMACAO,SAN JUAN,PR,00925-0000,0000,03,3,1237,202203,1,15,000000000,1,01,202512,0,0,02,0,12,0,0,0,P20,MARY L SOTO SOLE MBR
660838654,LA MARANA,% SOFIA UNANUE,161 CALLE CESAR GONZALEZ,SAN JUAN,PR,00918-1401,0000,03,3,1600,201801,1,15,000000000,1,01,202412,5,4,01,0,12,891790,441354,441354,M99,
660839081,ALELI ENVIRONMENTAL,% GLENIS M PADILLA PLAZA,PO BOX 3442,LAJAS,PR,00667-3442,0000,03,3,1280,201809,1,15,000000000,1,01,202512,3,3,02,0,12,32808,28711,28711,C30,
660839165,DE FRENTE AL ALZHEIMER INC,,130 AVE WINSTON CHURCHILL PMB 154,SAN JUAN,PR,00926-6065,0000,03,3,2100,202407,1,15,000000000,1,01,202512,5,5,01,0,12,522257,536480,536480,P12,
660839264,MARK E CURRY FAMILY FOUNDATION INC,% MARK E CURRY,53 CALLE PALMERAS STE 1501,SAN JUAN,PR,00901-2418,0000,03,3,1000,201509,1,04,000000000,1,01,202512,3,6,00,1,12,78501,1039902,,E12,
660839493,US FOR PAWS INC,% CARMEN T TORRES,RC1 CALLE 11,TRUJILLO ALTO,PR,00976-6439,0000,03,3,4000,201512,1,15,000000000,1,01,202512,1,1,02,0,12,58,2700,2700,D20,
660839975,MICRONESIAN CONSERVATION COALITION,,181 E MARINE CORPS DRIVE,HAGATNA,GU,96910-5178,0000,03,3,1200,201605,1,15,000000000,1,01,202409,0,0,02,0,09,0,0,0,C30,
660840084,UNIVERSITY OF GUAM FACULTY UNION,,PO BOX 5365,MANGILAO,GU,96923-5365,0000,05,3,3000,202507,2,00,000000000,1,01,202506,0,0,02,0,06,0,0,0,J40,
660840534,A BETTER COMMUNITY ORGANIZATION,,PO BOX 4586,PAGO PAGO,AS,96799-4586,0000,03,3,1235,201508,1,16,000000000,1,01,202512,1,3,01,0,12,1,75000,75000,E70,ABC
660840680,MARINE VOCATIONAL PROGRAM,% JIMMY LOVELAND,PO BOX 10757,ST THOMAS,VI,00801-3757,0000,03,3,1200,201511,1,15,000000000,1,01,202512,0,0,02,0,12,0,0,0,O50,
660840945,IGLESIA CRISTIANA MISION CASA DE REFUGIO,,V-15 URB SANTA JUANITA,BAYAMON,PR,00956-0000,2046,03,9,7000,196911,1,10,000000000,5,01,,0,0,06,0,12,,,,,
660841275,CENTRO DE GOBERNANZA PUBLICA Y CORPORATIVA INC,,PO BOX 270235,SAN JUAN,PR,00928-3035,0000,03,3,1200,201703,1,15,000000000,1,01,202412,0,0,02,0,12,0,0,0,W20,
660841418,LOVE FOR PAWS CORPORATION,% ELSIE MUNOZ,EL VERDE SUR,CAGUAS,PR,00725-0000,0000,03,3,4000,201511,1,16,000000000,1,01,202512,0,0,02,0,12,0,0,0,D20,
660841651,HARVEST BAPTIST CHURCH OF GUAM INC,% CLIFF PAULIN,170C MACHUATE ST,BARRIGADA,GU,96913-1193,0000,03,3,7000,201702,1,10,000000000,1,01,,0,0,06,0,06,,,,X21,
660841779,THE QUALBE INSTITUTE FOR THE PRESERVATION OF TRADITIONAL MUSIC,% KEVIN A RAMES,2111 KING STREET 3,CHRISTIANSTED,VI,00820-0000,0000,03,3,2000,201512,1,15,000000000,1,01,202512,4,1,02,0,12,130888,5270,5270,A20,
660841866,CAMBIO PR INC,,PO BOX 260025,SAN JUAN,PR,00926-2616,0000,03,3,1000,202110,1,15,000000000,1,01,202512,4,3,02,0,12,150830,40000,40000,S20,
660842299,ERDKINDER PUERTO RICO,% SECUNDARIA MONTESSORI PR,352 CALLE SAN CLAUDIO PMB 272,SAN JUAN,PR,00926-4143,0000,03,3,2000,201907,1,11,000000000,1,01,202506,3,4,01,0,06,96135,178600,178600,B24,SECUNDARIA MONTESSORI DE PUERTO RIC
660842300,CASA DE ADORACION KADOSH RUGE EL LEON,,CAGUAS 00736,PUERTO RICO,,00000-0000,0000,03,3,1700,202510,1,10,000000000,1,01,,0,0,06,0,01,,,,X20,
660842495,CARIBBEAN COASTAL OCEAN OBSERVING SYSTEM INC,,PO BOX 3446,LAJAS,PR,00667-3446,0000,03,3,2000,201703,1,15,000000000,1,01,202412,5,6,01,0,12,803300,2994380,2994380,U21,CARICOOS
660842808,ASOCIACION DE ARTISTAS PLASTICOS DE PUERTO RICO INC,,PO BOX 362311,SAN JUAN,PR,00936-2311,0000,03,3,2000,202212,1,16,000000000,1,01,202506,1,1,02,0,06,4935,9208,9208,A03,
660843365,FORWARD RESEARCH INC,,3009 AVE ALEJANDRINO,GUAYNABO,PR,00969-7008,0000,03,3,2000,201606,1,16,000000000,1,01,202512,0,0,02,0,12,0,0,0,U05,
660843373,INTEGRO FOUNDATION INC,% ALEJANDRO SILVA,83 CALLE ARZUAGA PISO 2 SUITE 5,SAN JUAN,PR,00925-3703,0000,03,3,1000,201807,1,15,000000000,1,01,202412,4,4,01,0,12,161572,205766,205766,P80,
660843431,THE@PUERTO RICO CHARITABLE TRUST FOR THE EDUCATION OF YOUNG,% JANET D ESOPO,204 CALLE NORZAGARAY,SAN JUAN,PR,00901-1122,0000,03,3,1200,202601,1,15,000000000,2,01,201812,4,4,01,0,12,190295,127924,127924,A68,
660843487,THE KEY OF SEA FOUNDATION INC,,9053 ESTATE THOMAS STE 101,CHARLOTTE AMALIE,VI,00802-0000,0000,03,3,1200,201507,1,16,000000000,1,01,202412,0,0,02,0,12,0,0,0,A68,ROYAL PALMS PROFESSIONAL BUILDING
660844015,ESTANCIA SERENA INC,,ST ROAD 929 S KM 1 5 BO LIRIOS,JUNCOS,PR,00777-0000,0000,03,3,1200,202605,1,15,000000000,1,01,,0,0,01,0,06,,,,F70,
660844870,ISLAND HOMES FOUNDATION NON PROFIT,% TINGJIAN TANG,PO BOX 502592,SAIPAN,MP,96950-2592,0000,03,3,1000,202504,1,04,000000000,1,01,,0,0,00,1,12,,,,L21,
660845523,ENRIQUE ROMERO NIEVES AMERICAN LEGION POST 102 INC,% SECUNDINO ROMAN CRUZ,PO BOX 2064,KINGSHILL,VI,00851-2064,0000,19,3,1000,201608,1,00,000000000,1,01,202512,1,2,02,0,12,3648,14519,14519,W30,
660846764,GUARDARRAYA UNIDOS POR UN PATRIMONIO EDUCATIVO INC,% BARRIO GUARDARRAYA,PO BOX 471,PATILLAS,PR,00723-0471,0000,03,3,1200,201810,1,16,000000000,1,01,202512,0,0,02,0,12,0,0,0,P20,
660846811,COLECTIVO ORGULLO ARCOIRIS,,PO BOX 88236,SAN JUAN,PR,00910-0000,0000,03,3,1200,201510,1,15,000000000,1,01,202512,0,0,02,0,12,0,0,0,R26,PUERTO RICO PRIDE OR COA
660847284,BUSINESS & PROFESSIONAL WOMEN OF PAGO PAGO,% MERRILEE MAY,PO BOX 6274,PAGO PAGO,AS,96799-6274,0000,03,3,1000,201601,1,16,000000000,1,01,202512,0,0,02,0,12,0,0,0,Y03,
660847580,CALORCITO PAL CORAZON,% ELAINE COSBY,URB CORCHADO 190 CALLE GIRASOL,ISABELA,PR,00662-0000,0000,03,3,1000,201910,1,16,000000000,1,01,202512,1,0,02,0,12,1,0,0,P19,
660847616,INSTITUTO DE COMPETITIVIDAD Y SOSTENIBILIDAD ECONOMICA DE PUERTO,% TOMAS J TORRES,701 AVE PONCE DE LEON STE 414,SAN JUAN,PR,00907-3255,0000,03,3,1200,201712,1,15,000000000,1,01,202412,4,4,01,0,12,426033,409853,409853,S20,
660847813,ADOPTANDO EN PR INC,% JOSUE CACERES,25775 CARR 113,QUEBRADILLAS,PR,00678-7323,0000,03,3,1200,201609,1,16,000000000,1,01,202512,5,5,01,0,12,524998,534399,534399,P31,
660848104,NUESTRA FAMILIA LGBTT DE PR CORP,,7 ST Q 13 VILLA DEL REY,CAGUAS,PR,00727-0000,0000,03,3,1200,201905,1,16,000000000,1,01,202512,0,0,02,0,12,0,0,0,R26,
660848194,WILDLIFE MICRONESIA INC,% BARBARA CUSHING,PO BOX 7474,TAMUNING,GU,96931-7474,0000,03,3,1000,201704,1,15,000000000,1,01,202512,0,0,02,0,12,0,0,0,C30,
660848447,EO PUERTO RICO INC,,PO BOX 367664,SAN JUAN,PR,00936-7664,0000,03,3,1200,202509,1,15,000000000,1,01,202506,5,5,01,0,06,665554,779157,779157,Y03,
660848608,FUNDACION JOSE LA MAKINA BERRIOS INC,,PO BOX 801469,COTO LAUREL,PR,00780-1469,0000,03,3,1000,202004,1,15,000000000,1,01,202412,5,5,01,0,12,760335,676364,676364,P80,
660849114,HUMACAO SAIL & POWER SQUADRON,% RAFAEL MARTI,215 GUAYACAN SABANERA DEL RIO,GURABO,PR,00778-0000,0000,03,3,2600,202111,1,04,000000000,1,01,202512,1,1,00,1,12,220,660,,B90,
660849856,ZOMA II CORP,% RAMON L ZORRILLA,3071 AVE ALEJANDRINO PMB 124,GUAYNABO,PR,00969-4816,0000,03,3,1000,201906,0,15,000000000,1,01,202312,0,0,02,0,12,0,0,0,,
660849923,MASSEY S SOCCER ACADEMY,% DALE E RICHARDS,PO BOX 305964,ST THOMAS,VI,00803-5964,0000,03,3,1270,201902,1,16,000000000,1,01,202412,0,0,02,0,12,0,0,0,N64,
660850027,AMATEUR KITEBOARDERS ASSOCIATION INC,% A MICHAEL FLAHERTY,70 CALLE KINGS CT PH A,SAN JUAN,PR,00911-1644,0000,03,3,1200,201605,1,16,000000000,1,01,202406,3,0,02,0,06,28319,0,0,N60,
660850146,INFRAGARD PUERTO RICO MEMBERS ALLIANCE INC,% INFRAGARD PUERTO RICO MEMBERS,WILLIAM FUERTES 76 STREET 2,CATANO,PR,00962-0000,0000,03,3,1200,202007,1,16,000000000,1,01,202512,0,0,02,0,12,0,0,0,A23,
660850876,COQUI CHARITIES CORPORATION,,355 HARBOUR DR APT 1,HUMACAO,PR,00791-6243,0000,03,3,1000,201811,1,15,000000000,1,01,202412,0,0,02,0,12,0,0,0,A20,
660851275,FUNADACION AZRIEL CORP,% ANGEL FIGUEROA,COND VEREDAS DEL RIO B211,CAROLINA,PR,00987-0000,0000,03,3,1000,201909,1,15,000000000,1,01,202312,3,5,01,0,12,47405,655644,655644,P60,
660851383,ASOC POR LA INCLUSION DE ADULTOS CON DISCAPACIDAD INTELECTUAL,,PO BOX 192714,SAN JUAN,PR,00919-2714,0000,03,3,1000,201909,1,15,000000000,1,01,202512,0,0,02,0,12,0,0,0,P82,APIADI
660851414,BROWNIE BLONDIE FOUNDATION,% MARJORIE ANDINO,PO BOX 1134,CAGUAS,PR,00726-1134,0000,03,3,1000,201909,1,15,000000000,1,01,202412,4,4,01,0,12,162753,446306,446306,D20,
660851752,HOPE FOR LEARNING ACADEMY INC,% MARILYN MARTIN,CHRISTIANSTED SELECT ONE 00820,BRITISH VIRGIN ISLANDS,,00000-0000,0000,03,3,2300,202006,1,16,000000000,1,01,202512,0,0,02,0,12,0,0,0,B01,
660851912,CENTRO PARA LA PROMOCION DE LA SALUD INC,% OMAR SANTOS,212 BLVD MEDIA LUNA APT 3009,CAROLINA,PR,00987-5103,0000,03,3,1200,201607,1,15,000000000,1,01,202412,0,0,02,0,12,0,0,0,S99,
660852103,IGLESIA CENTRO CRISTIANO EKKLESIA,,AX5 CALLE 47,BAYAMON,PR,00961-8360,2046,03,9,7000,196911,1,10,001000000,5,01,,0,0,01,0,12,,,,,
660852135,ISLAND HEALTH & WELLNESS CENTER INC,,5000 ESTATE ENIGHED PMB 311,ST JOHN,VI,00830-6120,0000,03,3,1000,201611,1,12,000000000,1,01,202512,6,6,01,0,12,3049906,1011541,1011541,E32,
660852248,IGLESIA UNIVERSAL DEL REINO DE DIOS INC,,1173 AVE 65 INFANTERIA,SAN JUAN,PR,00924-3486,0000,03,3,7000,201704,1,10,000000000,1,01,,0,0,06,0,12,,,,X20,
660852282,NATIONAL PANKS INC,% JULIET SAN MARTIN,2109 COMPANY ST STE 3,CHRISTIANSTED,VI,00820-5085,0000,03,3,1200,201603,1,16,000000000,1,01,202512,0,0,02,0,12,0,0,0,T99,
660852387,PARENTS OF CHILDREN WITH SPECIAL NEEDS NETWORK,,PAGO PAGO AMERICAN SAMOA 95699,AUSTRALIA,,00000-0000,0000,03,3,1000,201603,1,15,000000000,1,01,202512,0,0,02,0,12,0,0,0,B94,PCSNNETWORK
660852389,IGLESIA EVANGELICA DE ADORACION DE SAN LORENZO,,PO BOX 3261,CAGUAS,PR,00726-3261,2046,03,9,7000,196911,1,10,001000000,5,01,,0,0,01,0,12,,,,,
660852446,VIRGIN ISLANDS ACADEMY OF PHYSICIAN ASSISTANTS INC,,PO BOX 1592,FREDERIKSTED,VI,00841-1592,0000,06,3,2000,201609,2,00,000000000,1,01,202412,0,0,02,0,12,0,0,0,S41,
660852613,CCA CINEART CREATIVE ACADEMY INC,,PO BOX 1810 PMB 726,MAYAGUEZ,PR,00681-1810,0000,03,3,2700,202512,1,03,000000000,1,01,,0,0,00,1,12,,,,X21,
660853021,UNITY OF ST JOHN VIRGIN ISLANDS,% ALLISON SMITH,PO BOX 1711,ST JOHN,VI,00831-1711,2062,03,9,7000,197002,1,10,059029000,5,01,,0,0,06,0,12,,,,,
660853521,IGLESIA PRESBITERIANA EVANGELICA MAYAGUEZ INC,,PO BOX 3272,MAYAGUEZ,PR,00681-3272,5052,03,9,7000,198205,1,10,001002000,1,01,,0,0,06,0,12,,,,,
660853599,CHARLOTTE AMAILE HIGH SCHOOL CLASS OF 1972,% GLORIA A LAMBERT,PO BOX 307754,ST THOMAS,VI,00803-7754,0000,03,3,1200,201607,1,16,000000000,1,01,202412,1,1,02,0,12,8448,45,45,B80,
660853785,FUNDACION YO NO ME QUITO INC,% THE CORPORATION,PO BOX 190816,SAN JUAN,PR,00919-0816,0000,03,3,1000,201611,1,15,000000000,1,01,202412,4,1,02,0,12,118190,5336,5336,T30,
660853985,SUNNY ISLE MERCHANTS ASSOCIATION,,PO BOX 5994,CHRISTIANSTED,VI,00823-5994,0000,03,3,1000,201604,1,16,000000000,1,01,202512,0,0,02,0,12,0,0,0,L50,
660854505,FRIENDS OF@SAN JUAN NATIONAL HISTORIC SITE INC,% MICHELLE MASTROBATTISTA,59 AVE CONDADO APT 11B,SAN JUAN,PR,00907-1715,0000,03,3,2000,201903,1,16,000000000,1,01,202512,3,1,02,0,12,75085,103,103,B99,
660854630,ST CROIX CLASSES OF THE 80S INC,,PO BOX 223343,CHRISTIANSTED,VI,00822-3343,0000,03,3,1000,202008,1,15,000000000,1,01,202512,0,0,02,0,12,0,0,0,,ST CROIX CLASSES OF THE 80S
660855087,FUNDACION HUNTINGTON PR,% DR SYLVETTE AYALA,2051 CALLE JOSE FIDALGO DIAZ,SAN JUAN,PR,00926-5310,0000,03,3,2800,201603,1,16,000000000,1,01,202412,3,4,01,0,12,63886,195642,195642,G48,
660855145,AMERICAN LEGION,% SANTOS RODRIGUEZ-LOPEZ,URB EL RECREO 32 ARTURO BLANC,HUMACAO,PR,00791-0000,0925,19,9,1000,194603,1,00,907908000,5,01,202512,0,0,02,0,12,0,0,0,W30,POST 0007
660855473,HUELLITAS DE AMOR CATANO INC,,POX BOX 954,CATANO,PR,00962-0000,0000,03,3,1240,201805,1,16,000000000,1,01,202512,0,0,02,0,12,0,0,0,D20,
660855567,VAMOS CONCERTACION CIUDADANA INC,% CARLOS SEVERINO,352 CALLE SAN CLAUDIO BUZON 469,SAN JUAN,PR,00926-4143,0000,03,3,1200,202208,1,15,000000000,1,01,202412,0,0,02,0,12,0,0,0,S20,
660855693,FUNDACION ALMAS GEMELAS INC,% JOSEFINA CRUZ MELENDEZ,309 CALLE INTERAMERICANA,SAN JUAN,PR,00927-4011,0000,03,3,1400,201610,1,15,000000000,1,01,202508,0,0,02,0,08,0,0,0,D01,
660855862,IGLESIA DE HOY INC,,FAJARDO 00738,PUERTO RICO,,00000-0000,0000,03,3,7000,202412,1,10,000000000,1,01,,0,0,06,0,12,,,,X20,
660856111,CASA VIDA CORP,,100 CALLE MUELLE APT 1803,SAN JUAN,PR,00901-2666,0000,03,3,1000,201912,1,15,000000000,1,01,202212,4,4,00,0,12,120544,186567,186567,L20,JUDITH MELENDEZ TORRES
660856209,REFUGIO EL NAZARENO INC,% BLANCA I VAZQUEZ,HC 66 BOX 9504,FAJARDO,PR,00738-9302,0000,03,3,1000,202601,1,15,000000000,1,01,,0,0,02,0,12,,,,P76,
660856773,PUERTO RICO CONSORTIUM FOR CLINICAL INVESTIGATION INC,% ASTRID NAVARRO,PO BOX 363475,SAN JUAN,PR,00936-3475,0000,03,3,2800,201701,1,15,000000000,1,01,202506,5,6,01,0,06,622005,1736630,1736630,H05,
660856937,UNITED FOR A CAUSE FOUNDATION CORP,,PO BOX 4022,CAROLINA,PR,00984-4022,0000,03,3,1245,202001,1,16,000000000,1,01,202512,0,0,02,0,12,0,0,0,D01,
660857114,REHACIENDO COMUNIDADES CON ESPARANZA INC,% VILMARIE RIVERA SIERRA,PO BOX 23339,SAN JUAN,PR,00931-3339,0000,03,3,1000,201707,1,15,000000000,1,01,202412,4,6,01,0,12,479000,2479491,2479491,P20,RE-ACE
660857493,COFRADIA DEL SANTISIMO CRISTO DE TODA LA NACION P Y DEL A DE LA,% BENJAMIN PEREZ CRUZ,151 C DEL CRISTO,SAN JUAN,PR,00901-1521,0000,03,3,7000,202212,1,16,000000000,1,01,202512,0,0,02,0,12,0,0,0,X01,
660857620,SAMOANA JAZZ AND ARTS OF AMERICAN SAMOA INC,% ALIITAMA SOTOA,PAGO PAGO 96799,AUSTRALIA,,00000-0000,0000,03,3,1200,202401,1,16,000000000,1,01,202312,0,0,02,0,12,0,0,0,A68,
660857825,HEALTHDOVE INC,% RONDA HERBERT,1601 DRONNINGENS GADE UNIT 13,ST THOMAS,VI,00802-6825,0000,03,3,1000,201608,1,16,000000000,1,01,202512,0,0,02,0,12,0,0,0,E70,
660858004,USPS DISTRICT 33 INC,% TERESITA COLON,PO BOX 366931,SAN JUAN,PR,00936-6931,0000,03,3,2000,202310,1,16,000000000,1,01,202512,0,0,02,0,12,0,0,0,N67,
660858124,ELOHIM-CASA DE DIOS TODOPODEROSO INTERNACIONAL INC,,PO BOX 438,FLORIDA,PR,00650-0438,0000,03,3,1000,202406,1,16,000000000,1,01,,0,0,02,0,12,,,,X21,
660858450,COLITAS DE AMOR EN JUNCOS INC,% SANDRA L MANSILLA,613 CALLE HOARE APT 4,SAN JUAN,PR,00907-3681,0000,03,3,1000,201607,1,04,000000000,1,01,202512,1,1,00,1,12,1,9200,,D20,
660858670,MUJER EMPRENDE PUERTO RICO INC,% BRAULIO NIEVES,644 AVE FERNANDEZ JUNCOS STE 301,SAN JUAN,PR,00907-3183,0000,03,3,2000,201805,1,16,000000000,1,01,202412,4,4,01,0,12,265238,138510,138510,R24,MUJER EMPRENDE LATINA
660858775,ISLA NENA COMPOSTA INCORPORADO,% ISLA NENA COMPOSTA INCORPORADO,PO BOX 86,VIEQUES,PR,00765-0086,0000,03,3,2680,201909,1,16,000000000,1,01,202512,0,0,02,0,12,0,0,0,C30,
660858818,IVANNA EUDORA KEAN HIGH SCHOOL CLASS OF 1987 INC,% ALLISON O SPENCER,7813 ESTATE BROOKMAN,ST THOMAS,VI,00802-1610,0000,03,3,1000,201611,1,15,000000000,1,01,202512,0,0,02,0,12,0,0,0,B82,IEKHS CLASS OF 1987
660859810,UNITED POSTMASTERS AND MANAGERS OF AMERICA,% KENDRICK COMULADA,13 CALLE PALM BLVD,VEGA ALTA,PR,00692-9011,0235,06,9,2000,194012,2,00,264279265,5,01,202312,0,0,02,0,12,0,0,0,,UPMA PUERTO RICO-VI
660861138,GUAM FACILITIES FOUNDATION INC,,111 CHALAN PIPITAS SUMMER TOWN EST,DEDEDO,GU,96929-0000,0000,03,3,1200,201304,1,16,000000000,1,01,202512,4,4,01,0,12,434883,361073,361073,L20,
660861162,FRIENDS OF ST CROIX EAST END MARINE PARK,,5005 ESTATE GREAT POND,CHRISTIANSTED,VI,00820-0000,0000,03,3,1200,201608,1,16,000000000,1,01,202512,0,0,02,0,12,0,0,0,C01,
660861195,GRANDES INC,,PO BOX 293,BAYAMON,PR,00960-0293,0000,03,3,1200,202402,1,15,000000000,1,01,202512,0,0,02,0,12,0,0,0,P20,
660861589,IGLESIA CASA DE ADORACION Y PUERTA DEL CIELO INC,% JOSE A CUEVAS SOTO,6 CAMINO DEL RIO,TOA ALTA,PR,00953-4756,0000,03,3,7000,202503,1,10,000000000,1,01,,0,0,06,0,12,,,,X11,
660861594,VOLUNTEER ORGANIZATION FOR ISLAND CIVIC ENGAGEMENT INC,,PO BOX 8058,ST THOMAS,VI,00801-1058,0000,04,3,3000,201705,2,00,000000000,1,01,202406,1,0,02,0,06,2941,0,0,R40,
660861637,U S VIRIGN ISLANDS BMX RACING FEDERATION INC,% FRANKLIN L HAGANS JR,2 JOHN BREWERS BAY,ST THOMAS,VI,00802-6004,0000,03,3,1200,201609,1,16,000000000,1,01,202407,0,0,02,0,07,0,0,0,N11,
660861655,HASER INC,% COLIBRI SANFIORENZO BARNHARD,PO BOX 368035,SAN JUAN,PR,00936-8035,0000,03,3,1238,201607,1,16,000000000,1,01,202412,7,6,01,0,12,5844791,2241991,2241991,S50,
660861804,VOLUNTAD PR,% ILEANA I FAS-PACHECO,AVE PONCE DE LEON 701,SAN JUAN,PR,00907-3256,0000,03,3,2000,202203,1,15,000000000,1,01,202512,0,0,02,0,12,0,0,0,A99,
660861940,FUNDACION SPOT INC,% VILMA LOPEZ MELENDEZ,1519 AVE PONCE DE LEON STE 1101,SAN JUAN,PR,00909-1722,0000,03,3,1000,202108,1,15,000000000,1,01,202512,0,0,02,0,12,0,0,0,E60,
660862103,FUNDACION PUERTORRIQUENA PARA EL MEJORAMIENTO DE LA DERMATOLOGIA,% DALIA MORALES,REPTO PARQUE CENT 516B CALLE JUAN J,SAN JUAN,PR,00918-0000,0000,03,3,1280,202506,1,16,000000000,1,01,,0,0,02,0,12,,,,H40,
660862131,ECO JMJ FITNESS INC,,PO BOX 163,SAN ANTONIO,PR,00690-0163,0000,03,3,1268,201808,1,15,000000000,1,01,202512,0,0,02,0,12,0,0,0,C60,
660862224,MINISTERIO BUEN SAMARITANO MARC MARCOS A RIVERA CORDOVA INC,% MARCOS A RIVERA SANCHEZ,PO BOX 2195,MANATI,PR,00674-2195,0000,03,3,7000,201707,1,10,000000000,1,01,202412,6,6,01,0,12,2394276,1616506,1616506,X21,
660862849,USS EMORY S LAND FAMILY READINESS G ROUP,,36 VALENCIA ST,SANTA RITA,GU,96915-1240,0000,04,3,2000,202402,2,00,000000000,5,01,202512,0,0,02,0,12,0,0,0,,
660863312,DESARROLLOS MARTIN PENA INC,,51 CALLE QUISQUEYA,SAN JUAN,PR,00917-1202,0000,03,3,1000,201804,1,15,000000000,1,01,202506,0,0,02,0,06,0,0,0,L21,
660863530,STARTING POINT INC,% JOSE I VEGA TORRES,PO BOX 6132,MAYAGUEZ,PR,00681-6132,0000,03,3,2800,201708,1,16,000000000,1,01,202512,0,0,02,0,12,0,0,0,B11,
660863819,PUERTO RICO ALZHEIMERS DISEASE AND RELATED DISORDERS INITIATIVE INC,,PO BOX 6828,CAGUAS,PR,00726-6828,0000,03,3,2800,201708,1,16,000000000,1,01,202512,0,0,02,0,12,0,0,0,G83,
660863854,AL SOL DE HOY INC,,38 SECTOR FARALLON,BARRANQUITAS,PR,00794-0000,0000,03,3,1000,202006,1,16,000000000,1,01,202012,2,3,02,0,12,19858,65800,65800,W99,
660864137,RINCON CHRISTIAN ACADEMY INC,,PO BOX 780,RINCON,PR,00677-0780,0000,03,3,2000,202203,1,11,000000000,1,01,202412,4,3,01,0,12,139940,52322,52322,B20,
660864150,CBV MANAGEMENT,% CARMEN BONET,PO BOX 801,MANATI,PR,00674-0801,0000,03,3,1000,201701,1,12,000000000,1,01,202412,4,3,02,0,12,165620,36977,36977,E20,
660864235,ESCUELA MAYAGUEZANA DE BALLET ARTES Y EDUCACION EUGENIO MARIA DE HOSTO,,PO BOX 2001,MAYAGUEZ,PR,00681-2001,0000,03,3,1200,201803,1,15,000000000,1,01,202412,4,4,01,0,12,106416,314352,314352,A20,
660864284,LUVING PAWS INC,% DAPHNE OSORIO,PO BOX 155,PUNTA STGO,PR,00741-0155,0000,03,3,4000,202307,1,15,000000000,1,01,202412,2,4,01,0,12,19816,127563,127563,D20,
660864828,DOLLAR FO DOLLAR CULTURE & HISTORY COMMITTEE INC,,9715 ESTATE THOMAS PMB 165,ST THOMAS,VI,00802-2623,0000,03,3,1200,201804,1,16,000000000,1,01,202606,0,0,02,0,06,0,0,0,A84,
660865461,CENTRO CULTURAL MULTIDICIPLINARIO DEL BARRIO JUAN MARTIN INC,% ANGEL BERRIOS,PO BOX 40,LUQUILLO,PR,00773-0040,0000,03,3,1200,201906,1,16,000000000,1,01,202412,0,0,02,0,12,0,0,0,S20,
660865691,CHICAS BY ALEJANDRA CORP,,352 CALLE SAN CLAUDIO STE 319,SAN JUAN,PR,00926-4143,0000,03,3,1200,201912,1,15,000000000,1,01,202412,0,0,02,0,12,0,0,0,S80,
660865803,FUNDACION COMUNITARIA GENESIS INC,% EVA LYNN RODRIGUEZ,URB VILLA RETIRO CALLE 13 N7,SANTA ISABEL,PR,00757-0000,0000,03,3,1280,201703,1,15,000000000,1,01,202512,0,0,02,0,12,0,0,0,P20,
660865990,ASOCIACION VILLAS DE GUAVATE INC,% SALVADOR SANTIAGO,PO BOX 372650,CAYEY,PR,00737-2650,0000,03,3,6000,201904,1,16,000000000,1,01,202512,0,0,02,0,12,0,0,0,Q33,
660866412,MOVIMIENTO SOCIAL PRO BIENESTAR ANIMAL,,360 CALLE ALONDRA,DORADO,PR,00646-9429,0000,03,3,4000,201705,1,15,000000000,2,01,202512,0,0,02,0,12,0,0,0,D20,
660866614,NATIONAL AIR TRAFFIC CONTROLLERS ASSOCIATION,,9935 AIRPORT RD,KINGSHILL,VI,00850-0023,3254,05,9,3000,199002,2,00,263000000,1,01,202512,0,0,02,0,12,0,0,0,,NATCA L0CAL STX
660866639,MUSEO DEL RECICLAJE INC,% JACQUELINE TORRES MARTIR,PO BOX 1822,HATILLO,PR,00659-8822,0000,03,3,1280,201704,1,15,000000000,1,01,202412,3,4,01,0,12,83633,181482,181482,A50,
660866644,BREAD OF LIFE CHURCH AND INTERNATIONAL MINISTRIES INC,% BRIAN K SMITH,1000 CALLE GONZALEZ 2B,SAN JUAN,PR,00925-0000,0000,03,3,7000,201703,1,16,000000000,1,01,202512,0,0,02,0,12,0,0,0,K30,IGLESIA PAN DE VIDA
660866654,SUPER HEROES 5K INC,% SOAMMY ACEVEDO,PO BOX 4515,AGUADILLA,PR,00605-4515,0000,03,3,2000,201804,1,04,000000000,1,01,202412,5,6,00,1,12,748324,1055788,,P82,
660867524,IGLESIA GNOSTICA CRISTIANA UNIVERSAL SAMAEL AUN WEOR DE PUERT,% RANDOLFO MORALES,18A CALLE ESTRELLA,SAN GERMAN,PR,00683-4019,0000,03,3,1000,201612,1,16,000000000,1,01,202412,1,1,02,0,12,1,2873,2873,X20,
660868049,ESCUELA CRISTIANA DE AUTISMO Y NINO S MENTORES DE PUERTO RICO INC,,HC 20 BOX 10953,JUNCOS,PR,00777-9610,0000,03,3,2700,202604,1,11,000000000,1,01,,0,0,13,0,12,,,,B20,
660868179,CENTRO DE DESARROLLO Y ORIENTACION A NUEVOS EMPRENDEDORES INC,% LYANN CRUZ,PO BOX 1251,FAJARDO,PR,00738-1251,0000,03,3,1200,202303,1,15,000000000,1,01,202512,0,0,02,0,12,0,0,0,S43,
660868433,CASA DE ARTE Y CULTURA DE LA PLAYA DE PONCE INC,% DIOGENES BALLESTER,11 CALLEJON EL TIRO,PONCE,PR,00716-8002,0000,03,3,1200,202104,1,15,000000000,1,01,202312,0,0,02,0,12,0,0,0,A20,
660868736,CROSS THE GOAL FOUNDATION,% CESAR ROSADO,21 ST T185 URB BELLA VISTA GARDENS,BAYAMON,PR,00957-0000,0000,03,3,1200,202307,1,15,000000000,1,01,202512,3,4,01,0,12,60518,107905,107905,E99,
660868764,PRINCE HALL VIRGIN ISLANDS FOUNDATION,% PHILIP STRAMBLER,PO BOX 502863,ST THOMAS,VI,00805-2863,0000,03,3,1200,202012,1,16,000000000,5,01,202412,0,0,02,0,12,0,0,0,Y11,
660868898,LEARN & GROW FUNDATION INC,% IRELIS PEREZ CINTRON,PO BOX 2020,BARCELONETA,PR,00617-2020,0000,03,3,1000,202002,1,16,000000000,1,01,202512,0,0,02,0,12,0,0,0,T30,
660868934,MANGROVE BOUTIQUE HOTEL AND TRAINING INSTITUTE INC,% TAMARA LANG,PO BOX 302664,ST THOMAS,VI,00803-2664,0000,03,3,2000,201611,1,16,000000000,1,01,202512,2,1,02,0,12,24915,4500,737,B30,
660869183,OCEAN AND COASTAL OBSERVING - VIRGIN ISLANDS INC,% ROY A WATLINGTON,PO BOX 308036,ST THOMAS,VI,00803-8036,0000,03,3,2000,202401,1,15,000000000,1,01,202412,2,3,01,0,12,22684,88027,88027,C32,
660869305,CNMI WEIGHTLIFTING,% JEANNE RAYPHAND,PO BOX 502020,SAIPAN,MP,96950-2020,0000,03,3,1000,201906,1,16,000000000,1,01,202512,0,0,02,0,12,0,0,0,N70,
660869307,CARIBBEAN THOROUGHBRED AFTERCARE INC,% KELLEY A STOBIE,PO BOX 43001 PMB 372,RIO GRANDE,PR,00745-6600,0000,03,3,1000,201705,1,15,000000000,1,01,202512,4,4,01,0,12,165831,498131,498131,D20,
660869589,FVH FOUNDATION,,PO BOX 693,TINIAN,MP,96952-0693,0000,03,3,1200,201802,1,15,000000000,1,01,202512,0,0,02,0,12,0,0,0,P11,TEAM KOKA
660870996,MCS FOUNDATION INC,% JOSE R APONTE AMADOR,PO BOX 193310,SAN JUAN,PR,00919-3310,0000,03,3,1000,201711,1,04,000000000,1,01,202412,2,6,00,1,12,21122,1784073,,T20,
660871157,OUR BIG FAT CARIBBEAN RESCUE INC,,PO BOX 1377,VIEQUES,PR,00765-1377,0000,03,3,4000,201704,1,16,000000000,1,01,202606,4,4,01,0,06,132028,177025,177025,D20,
660871375,DORADO BEACH FOUNDATION LLC,% DAVID TYSON,500 PLANTATION DRIVE SUITE 1,DORADO,PR,00646-1908,0000,03,3,1000,201801,1,15,000000000,1,01,202512,3,1,02,0,12,39115,6000,6000,,
660871813,ADDRESSING COMMUNITY NEEDS OF PUERTO RICO CORP,,JARDINES RIO GRANDE CALLE 68 BS 401,RIO GRANDE,PR,00745-0000,0000,03,3,1000,202106,1,15,000000000,1,01,202412,1,0,02,0,12,1,0,0,P99,
660872079,CARDINALS SPORTS DEVELOPMENT PROGRAM INC,% JUAN CARLOS BAEZ,URB PALACIOS DE VERSALLES 1750 AVE,TOA ALTA,PR,00953-0000,0000,03,3,1000,201906,1,15,000000000,1,01,202512,0,0,02,0,12,0,0,0,N60,
660872226,ST THOMAS EAST END MEDICAL CENTER FOUNDATION INC,% MOLETO A SMITH JR,4605 TUTU PARK MALL STE 207,ST THOMAS,VI,00802-1736,0000,03,3,1000,201701,1,15,000000000,1,01,202302,0,0,02,0,02,0,0,0,E12,
660872460,ASOCIACION DE RESIDENTES CAMINO PAGAN INC,,HC 3 BOX 4801,ADJUNTAS,PR,00601-9432,0000,03,3,1000,201707,1,16,000000000,1,01,202412,3,3,01,0,12,63489,51823,51823,S20,
660872498,GLOBAL CHRISTIAN OUTREACH CORPORATION,% LANCE TALKINGTON,295 PALMAS INN WAY STE 104 PMB 354,HUMACAO,PR,00791-6257,0000,03,3,1700,201701,1,04,000000000,1,01,202512,4,4,00,1,12,453623,131927,,X20,
660872707,COMITE EXALUMNOS COLEGIO SAN CARLOS INC,,PO BOX 1009,AGUADILLA,PR,00605-1009,0000,03,3,2000,202510,1,11,000000000,1,01,202512,0,0,02,0,12,0,0,0,B20,
660873399,TODU GUAM FOUNDATION LTD,% TODU GUAM FOUNDATION,125 TUN JESUS CRISOSTOMO ST STE 104,TAMUNING,GU,96913-3551,0000,03,3,1000,202601,1,15,000000000,1,01,202412,6,6,01,0,12,1247373,2132754,2132754,E99,
660873467,340 WOMENS SOCCER INC,% THERESA CALPANO,PO BOX 224273,CHRISTIANSTED,VI,00822-4273,0000,03,3,1000,201802,1,16,000000000,1,01,202512,0,0,02,0,12,0,0,0,N64,
660873579,SCHNEIDER REGIONAL MEDICAL CENTER FOUNDATION,% SCHNEIDER REGIONAL MEDICAL CENTER,9048 SUGAR EST,ST THOMAS,VI,00802-3634,0000,03,3,1000,201707,1,15,000000000,1,01,202412,6,6,01,0,12,2299532,1416133,1416133,E11,
660874425,NAVIGATORS OF THE CARIBBEAN INC,% THE NAVIGATORS OF THE CARIBBEAN,16 AVE GUARICO,VEGA BAJA,PR,00693-4013,0000,03,3,7000,201804,1,10,000000000,1,01,,0,0,06,0,12,,,,X21,
660874441,NAVIGATORS OF PUERTO RICO INC,% NAVIGATOR OF PUERTO RICO,16 AVE GUARICO,VEGA BAJA,PR,00693-4013,0000,03,3,7000,201806,1,10,000000000,1,01,,0,0,06,0,12,,,,X20,
660874579,ENGINEERS FOR TOMORROW OUTREACH,% LENA STEELE WILLIAMS,PO BOX 305814,ST THOMAS,VI,00803-5814,0000,03,3,2000,201805,1,15,000000000,1,01,202506,1,2,02,0,06,9154,17248,17248,O50,
660874636,AUDITORIUM DE AMOR KENNEDY INC,% IVAN CLEMENTE,PO BOX 364344,SAN JUAN,PR,00936-4344,0000,03,3,1000,202209,1,15,000000000,1,01,202412,6,6,01,0,12,1085096,1877139,1877139,X20,
660874833,BEST 50 S & MORE,% BEST 50 S & MORE,L7 CALLE 12,TOA BAJA,PR,00949-3227,0000,03,3,1200,201904,1,16,000000000,1,01,202412,0,0,02,0,12,0,0,0,S81,
660875287,SANTUARIO DE VIDA SANA INC,% LILIANA ROZO,PO BOX 6719,MAYAGUEZ,PR,00681-6719,0000,03,3,1000,201902,1,15,000000000,1,01,202512,0,0,02,0,12,0,0,0,P20,
660875412,FUNDACION GABRIEL RIVAT INC,% GREGORIO LINACERO,MARCELINO CHAMPAGNAT 6 CALLE,GUAYNABO,PR,00969-0000,0000,03,3,7000,201907,1,10,000000000,1,01,,0,0,06,0,06,,,,X22,
660875436,HEROES FOR PAWS,,PO BOX 80191,COROZAL,PR,00783-8191,0000,03,3,1400,201703,1,16,000000000,1,01,202512,0,0,02,0,12,0,0,0,D20,
660875558,CONTRAFUERTES INC,,154 CALLE DE LA FORTALEZA,SAN JUAN,PR,00901-1629,0000,03,3,1200,202503,1,15,000000000,1,01,202412,3,3,01,0,12,40567,74180,74180,A99,
660875611,MUMAS RENACIENDO CORP,,PO BOX 211,HATILLO,PR,00659-0211,0000,03,3,1000,201902,1,16,000000000,1,01,202512,2,1,02,0,12,12664,9594,9594,P20,
660875907,TULA SEVENTH DAY ADVENTIST CHURCH,% IAKOPO I IEROME JR,PO BOX 335,PAGO PAGO,AS,96799-0335,0000,03,3,1270,202507,1,15,000000000,5,01,,0,0,02,0,12,,,,X01,
660876597,GOLDEN RETRIEVER RESCUE OF PUERTO RICO,% EILEEN WHITLOCK MANRIQUE,2 CALLE BALDORIOTY,CAGUAS,PR,00725-2707,0000,03,3,1240,201804,1,15,000000000,1,01,202412,0,0,02,0,12,0,0,0,D20,
660876686,OLD SAN JUAN HERITAGE FOUNDATION LLC,,17 CALLE LUCILA SILVA,SAN JUAN,PR,00901-0000,0000,03,3,1200,201812,1,16,000000000,1,01,202412,0,0,02,0,12,0,0,0,A20,WILLIAM ALICEA SOLE MBR
660876703,DISABLED AMERICAN VETERANS AUXILIARY INC,% ESPERANZA COLON,GREEN HILL CALLE AUCENA D 24 G,GUAYAMA,PR,00784-0000,2473,04,9,1000,197310,2,00,908921000,5,01,202406,0,0,02,0,06,0,0,0,,9 GUAYAMA
660876726,EUREKA ENRICHMENT SERVICES,,7 CALLE COSTA AZUL,SAN JUAN,PR,00926-5944,0000,03,3,2000,201802,1,16,000000000,1,01,202412,3,4,01,0,12,35858,245617,245617,B90,
660876852,HOSPITAL MENONITA GUAYAMA INC,,PO BOX 10018,GUAYAMA,PR,00785-4018,0000,03,3,1200,202208,1,12,000000000,1,01,202503,9,9,01,0,03,234058418,175998669,101645762,E20,
660877278,MUJERES ANTE LA ADVERSIDAD INC,% ENERY ORTIZ,HC 1 BOX 29030 PMB 641,CAGUAS,PR,00725-8900,0000,03,3,2000,202207,1,16,000000000,1,01,202512,0,0,02,0,12,0,0,0,B11,
660877376,SAVE CORAL BAY INC,% DAVID SILVERMAN,9901 EMMAUS,ST JOHN,VI,00830-9587,0000,03,3,1200,202009,1,15,000000000,1,01,202512,0,0,02,0,12,0,0,0,C01,
660877611,UNIVERSITY OF PUERTO RICO FOUNDATION INC,% ING ALBA COLON,1187 FLAMBOYAN ST JARDIN BOTANICO S,SAN JUAN,PR,00926-0000,0000,03,3,2000,202008,1,13,000000000,1,01,202506,4,4,01,0,06,140913,444511,444511,B11,
660877664,VIRGIN ISLANDS PROFESSIONAL CHARTER ASSOCIATION,,5304 YACHT HAVEN GRAND STE 105,ST THOMAS,VI,00802-5032,0000,06,3,2000,201709,2,00,000000000,1,01,202412,5,5,01,0,12,625915,811678,811678,S41,
660877849,ATELIER ST THOMAS ARTS FOUNDATION INC,% ZACHARY G ZOOK,8124 SUBBASE STE 102 PMB 70,ST THOMAS,VI,00802-5884,0000,03,3,2300,202111,1,16,000000000,1,01,202512,1,4,01,0,12,406,149763,131942,A20,
660877921,COMMUNITY ORGANIZATION OF MULTIPLE SCLEROSIS & CANCER,,125 PASEO JOSE A POCHO MARTINEZ,MANATI,PR,00674-9793,0000,03,3,1200,201709,1,16,000000000,1,01,202512,0,0,02,0,12,0,0,0,B90,COMSC
660878472,TRINITY CHURCH INC,% JEFFREY HEISER,CLL 24,BAYAM N,PR,00959-0000,0000,03,3,7000,201804,1,10,000000000,1,01,,0,0,06,0,12,,,,X21,
660878824,ASOCIACION PUERTORRIQUENAPARA LA EDUCACION NINEZ EN EDAD TEMPRANA,% APENET,PO BOX 193048,SAN JUAN,PR,00919-3048,0000,03,3,2000,201706,1,16,000000000,1,01,202604,0,0,02,0,04,0,0,0,B03,
660878971,CHRISTENSEN INSTITUTE FOR COMMUNITY HEALTH AND EMPOWERMENT INC,% DONNA CHRISTIANSEN,6031 QUESTE VERDE,CHRISTIANSTED,VI,00820-0000,0000,03,3,2000,201808,1,15,000000000,1,01,202512,0,0,02,0,12,0,0,0,H05,
660878982,MARIANAS PRACTICAL SHOOTING ASSOCIATION,% CHALAN PAGO,768 SANTA CRUZ DR,CHALAN PAGO,GU,96910-5617,0000,03,3,1000,202105,1,16,000000000,5,01,202412,0,0,02,0,12,0,0,0,N71,MPSA
660879091,FUNDACION UNIDOS PARA SERVIR,% P CARLOS E GRANADOS,BO TIERRAS NUEVAS RR1 BUZON 11832,MANATI,PR,00674-0000,0000,03,3,2000,201905,1,16,000000000,1,01,202512,3,3,02,0,12,58441,27046,27046,O51,
660879854,RIBBONS FOR A CURE INC,% PETRA VICTOR,CHRISTIANSTED ST CROIX 00823,BRITISH VIRGIN ISLANDS,,00000-0000,0000,03,3,1200,201807,1,16,000000000,1,01,202512,0,0,02,0,12,0,0,0,G30,
660880065,COMISION CIUDADANA PARA LA AUDITORIA INTEGRAL DEL CREDITO PUB,% EVA PRADOS RODRIGUEZ,PO BOX 40895,SAN JUAN,PR,00940-0895,0000,03,3,2000,201811,1,16,000000000,1,01,202512,4,4,01,0,12,177684,260800,260800,M05,
660880120,2022 ACT SOCIETY INC,% ENID CONCEPCION,875 CARR 693 STE 201,DORADO,PR,00646-6711,0000,04,3,3000,202101,2,00,000000000,1,01,202512,0,0,02,0,12,0,0,0,W03,
660881001,ACOCI,% VIVIAN GODOY,62 URB LA ESMERALDA,CAGUAS,PR,00727-9316,0000,03,3,2400,202109,1,15,000000000,1,01,202512,0,0,02,0,12,0,0,0,D20,
660881019,TRUE SELF FOUNDATION INC,% MIGUEL VAZQUEZ,386 AVE DOMENECH,SAN JUAN,PR,00918-3719,0000,03,3,1000,201709,1,16,000000000,1,01,202412,5,5,01,0,12,579581,670174,670174,R26,TRUE SELF FOUNDATION
660881127,TERRA-RENOVA INC,% PIROW A MCDONOUGH,1519 AVE PONCE DE LEON STE 401,SAN JUAN,PR,00909-1713,0000,03,3,1200,202101,1,15,000000000,1,01,202512,0,0,02,0,12,0,0,0,C02,
660881155,ISME LLC,,PO BOX 50091,TOA BAJA,PR,00950-0091,0000,03,3,2000,201908,1,03,000000000,1,01,202412,3,3,00,1,12,52129,48795,,B90,
660881198,CHRISTIAN GIVING CORP,% CAROLYN BRITVEN,295 PALMAS INN WAY STE 1040 PMB 326,HUMACAO,PR,00791-6181,0000,03,3,1000,201806,1,04,000000000,1,01,202412,2,1,00,1,12,12705,1,,T22,
660881277,MAXCEN HOUSING SOCIETY PUERTO RICO BRANCH INC,,410 AVE MONTE SOL STE 14,FAJARDO,PR,00738-5102,0000,03,3,1000,201707,1,15,000000000,1,01,202512,3,3,01,0,12,99489,99489,99489,L40,
660881321,IM CIUDAD DE JUSTICIA INC,,PO BOX 2016,FAJARDO,PR,00738-2016,2046,03,9,7000,196911,1,10,001000000,5,01,,0,0,06,0,12,,,,,
660881400,INSTITUTE FOR COGNITIVE NEUROSCIENCE,% MAURICIO CONEJO,111 CALLE CECICIO URBINA APT 240,GUAYNABO,PR,00969-5958,0000,03,3,1000,201911,1,15,000000000,1,01,202412,4,4,02,0,12,453199,218693,218693,B05,
660881654,TEATRO PUBLICO INC,,COUNTRY CLUB 939 CALLE GAVIOTA,SAN JUAN,PR,00924-0000,0000,03,3,1000,202312,1,15,000000000,1,01,202512,3,4,01,0,12,48141,166998,146350,A65,
660881874,THE CHILDRENS MUSEUM OF ST CROIX INC,% KHEMA LOVING,PO BOX 26284,CHRISTIANSTED,VI,00824-2284,0000,03,3,2000,202101,1,15,000000000,1,01,202312,4,4,01,0,12,218814,145004,145004,A52,
660882447,COMUNIDAD VIVA WILLIAM FUERTES,% MARISOL LUNA,WILLIAM FUERTES 73B CALLE 3,CATANO,PR,00962-0000,0000,03,3,1245,201806,1,15,000000000,1,01,202512,0,0,02,0,12,0,0,0,P99,
660882456,MAXMATH TUTORING ONLINE PUERTO RICO BRANCH INC,,410 AVE MONTE SOL STE 14,FAJARDO,PR,00738-5102,0000,03,3,1000,201707,1,15,000000000,1,01,202512,3,3,01,0,12,96049,96049,96049,B90,
660882626,PUEBLO CRITICO,% KAMIL GERONIMO LOPEZ,URB GARCIA UBARRI,SAN JUAN,PR,00926-0000,0000,03,3,1000,202205,1,04,000000000,1,01,202412,3,3,00,1,12,96426,31134,,B90,
660883195,CENTRO DE APOYO INTEGRADO Y KINESIOLOGIA INC,% CENAIKE,1007 AVE MUNOZ RIVERA STE 1201,SAN JUAN,PR,00925-2726,0000,03,3,1000,202204,1,15,000000000,1,01,202412,3,4,01,0,12,51366,109815,109815,E60,CENTRO DE APOYO INTEGRADO Y KINESIO
660883200,HEALTH COMMUNICATIONS INSTITUTE INC,% BEATRIZ QUINONEZ VALLEJO,PO BOX 363086,SAN JUAN,PR,00936-3086,0000,03,3,1280,201708,1,16,000000000,1,01,202512,0,0,02,0,12,0,0,0,E70,
660883254,NONE SUFFER LACK,% FERNANDO LEONARD,ST THOMAS VIRGIN ISLANDS 00801,BRITISH VIRGIN ISLANDS,,00000-0000,0000,03,3,1270,202309,1,16,000000000,1,01,202512,0,0,02,0,12,0,0,0,S20,
660883350,LIBERTY CABLEVISION PUERTO RICO FOUNDATION INC,% NELSON COLON CRUZ,996 CALLE SAN ROBERTO STE 100,SAN JUAN,PR,00926-2736,0000,03,3,1000,201711,1,04,000000000,1,01,202412,4,6,00,1,12,204443,1146500,,M12,
660883494,PARTNERSHIP FOR MODERN PUERTO RICO INC,% ALBERTO BACO,PO BOX 366257,SAN JUAN,PR,00936-6257,0000,03,3,1200,202204,1,15,000000000,1,01,202506,5,5,01,0,06,761124,542799,542799,P20,
660883724,LEAP AND LEARN ACADEMY,% MACKISHA JAGRUP ST PRIX,PO BOX 3075,KINGSHILL,VI,00851-3075,0000,03,3,2000,201708,1,16,000000000,1,01,202512,4,4,01,0,12,205907,106964,106964,B21,
660883778,VIRGIN ISLANDS GOOD FOOD COALITION,% VI GOOD FOOD,PO BOX 2902,KINGSHILL,VI,00851-2902,0000,03,3,1000,202405,1,15,000000000,1,01,202412,4,5,01,0,12,384293,852216,852216,P20,
660884867,FAMILY THERAPY GROUP,% MIGDALIA VALENTIN,35 CAMINO DE LOS FLAMBOYANES URB VE,GURABO,PR,00778-0000,0000,03,3,1200,201810,1,16,000000000,1,01,202312,0,0,02,0,12,0,0,0,F30,
660884924,HOUSE OF MERCY INC,% JOSE GARCIA,23 CALLE ESPERANZA,AGUADA,PR,00602-8707,0000,03,3,1000,201806,1,15,000000000,1,01,202512,2,3,01,0,12,13084,50569,50569,Z99,
660884950,ALLIANCE YOUTH GROUP,% SHAWN BARTLEY,7012 CALQUOHOUN,KINGSHILL,VI,00850-9931,0000,03,3,1200,202001,1,15,000000000,1,01,202312,0,0,02,0,12,0,0,0,N62,
660885661,ORCHID AWARENESS & EDUCATION GROUP,% EDNA HAMILTON,CHRISTIANSTED VI 00820,BRITISH VIRGIN ISLANDS,,00000-0000,0000,03,3,2000,201908,1,16,000000000,1,01,202512,0,0,02,0,12,0,0,0,Y03,
660885818,ESTANCIA DORADA CORP,% KEYLA RODRIGUEZ,URB SAN ALFONSO,CAGUAS,PR,00725-0000,0000,03,3,1000,201801,1,04,000000000,1,01,202412,4,4,00,1,12,143527,434795,,P85,
660885958,DESCUBRIENDO EL AMOR DE DIOS INC,,1353 AVE LUIS VIGOREAUX PMB 633,GUAYNABO,PR,00966-2715,0000,03,3,1700,201902,1,10,000000000,1,01,,0,0,06,0,12,,,,X20,
660886236,FUNDACION CABECITAS DE ALGODON,% VILMARIE RIVERA,13 VILLA ENCANTADA,CIDRA,PR,00739-9562,0000,03,3,1000,202112,1,15,000000000,1,01,202509,1,1,02,0,09,200,3200,3200,P40,
660886250,PALMAS DEL MAR ANIMAL WELFARE INC,% SABRINA PARKS,20 SURFSIDE RD,HUMACAO,PR,00791-6057,0000,03,3,1000,202101,1,15,000000000,1,01,202312,4,4,01,0,12,178598,223847,223847,D20,PALMAS DEL MAR ANIMAL WELFARE
660886341,RADIO MARIA PUERTO RICO,% LUIS M COLON,URB REPARTO MONTELLANOS AB-28,CAYEY,PR,00737-0000,0000,03,3,2700,202401,1,15,000000000,1,01,,0,0,02,0,12,,,,X84,RADIO MARIA
660886370,CRUCIAN PURPLE AND GOLD FOUNDATION VIRGIN ISLANDS OF THE UNITED STATE,% KEITH O NEALE,PO BOX 1103,FREDERIKSTED,VI,00841-1103,0000,03,3,1000,202302,1,04,000000000,1,01,202512,3,3,00,1,12,43246,30946,,T21,ETA IOTA IOTA CHAPTER
660886522,BANDA ESCOLAR SUM GUAYANILLA INC,,84 CALLE JUAN ARZOLA,GUAYANILLA,PR,00656-1244,0000,03,3,2000,201804,1,15,000000000,1,01,202512,4,4,01,0,12,172380,123787,123787,A6C,
660886544,LOVE4SATOS ANIMAL RESCUE INC,% MARELI LLORENS,1353 AVE LUIS VIGOREAUX PMB 440,GUAYNABO,PR,00966-2715,0000,03,3,1240,201802,1,15,000000000,1,01,202512,3,4,01,0,12,64082,301761,301761,D20,
660886681,FUNDACION TRIPLE-S INC,% TRIPLE S MANAGEMENT CORP,PO BOX 363628,SAN JUAN,PR,00936-3628,0000,03,3,1000,202007,1,04,000000000,1,01,202512,6,4,00,1,12,4507944,495754,,M20,
660886689,FUNDACION MAREY INC,% SONIA REYES GONZALEZ,PO BOX 6281,SAN JUAN,PR,00914-6281,0000,03,3,1000,201710,1,04,000000000,1,01,202512,1,1,00,1,12,3176,2000,,M12,
660886704,CREARCONSALUD INC,% CREARCONSALUD INC,DOS PINOS TOWN HOUSES CALLE 2 B2,SAN JUAN,PR,00923-0000,0000,03,3,1280,201804,1,15,000000000,1,01,202512,0,0,02,0,12,0,0,0,B99,
660886754,GUAM TYPHOONZ SWIM CLUB,% KATELIN KELLY,188 JUAN M CRUZ DR,SANTA RITA,GU,96915-1743,0000,03,3,1000,202510,1,04,000000000,5,01,,0,0,00,1,01,,,,N67,
660886812,WAVES AHEAD CORP,% WILFRED LABIOSA,1149 AVE AMERICO MIRANDA,SAN JUAN,PR,00921-2212,0000,03,3,1000,201712,1,16,000000000,1,01,202412,5,6,01,0,12,625600,1718306,1718306,P99,
660886829,COMUNIDADES EN ACCION INC,% ANASTACIO LOZADA,HC 30 BOX 31741,SAN LORENZO,PR,00754-9774,0000,03,3,1000,202209,1,15,000000000,1,01,202412,0,0,02,0,12,0,0,0,S50,
660886861,LOVE IN MOTION FOUNDATION INC,% MONICA INES PEREZ-EGUIA,19-32 CALLE 8,BAYAMON,PR,00959-6608,0000,03,3,1200,202004,1,16,000000000,1,01,202512,2,4,01,0,12,24038,246373,246373,S99,
660886975,CODEGYM INC,% ALFREDO COLON,7043 COND PLAYA DORADA CARR 187 411,CAROLINA,PR,00979-0000,0000,03,3,2000,202303,1,04,000000000,1,01,202412,1,1,00,1,12,1,1,,B60,CODEGYM
660887086,SAN JUAN SOUND INC,,PO BOX 9023412,OLD SAN JUAN,PR,00902-3412,0000,03,3,1000,201712,1,15,000000000,1,01,202501,0,0,02,0,01,0,0,0,A68,
660887154,IMPACT CARES INC,% RASHA HARRIS,PO BOX 9196,ST THOMAS,VI,00801-2196,0000,03,3,1000,202212,1,15,000000000,1,01,202512,0,0,02,0,12,0,0,0,L20,IMPACT CARES
660887352,SOLIDUS,% MARIA E HERNANDEZ-TORRALES,PO BOX 9022375,SAN JUAN,PR,00902-2375,0000,03,3,1200,201912,1,16,000000000,1,01,202512,0,0,02,0,12,0,0,0,S20,
660887374,LOVE CITY STRONG INC,,5000 ESTATE ENIGHED PMB 435,ST JOHN,VI,00830-6120,0000,03,3,1000,201711,1,16,000000000,1,01,202512,7,7,01,0,12,6284070,7017218,7017218,M12,
660887568,AB SENIOR LIVING VILLAGE INC,% OMAR A JIMENEZ,242 VIA CAMPINA,CAGUAS,PR,00727-3098,0000,03,3,1000,201712,1,16,000000000,1,01,202506,0,0,02,0,06,0,0,0,P70,
660887634,INTERLYNXSYSTEMSORG INC,,PO BOX 127,RINCON,PR,00677-0127,0000,03,3,1000,201812,1,15,000000000,1,01,202512,0,0,02,0,12,0,0,0,M20,
660887657,FUNDACION PARKINSON PUERTO RICO INC,,MANATI MEDICAL CENTER OF 611,MANATI,PR,00674-0000,0000,03,3,1280,201712,1,15,000000000,1,01,202512,3,4,01,0,12,87228,107930,73135,G99,
660887681,GUAM PHILHARMONICA FOUNDATION INCORPORATED,% MAXIMO RONQUILLO JR,140 PORTIA PALTING LANE STE D5,TAMUNING,GU,96913-3933,0000,03,3,1200,202004,1,16,000000000,1,01,202512,4,4,01,0,12,109948,240698,240698,A60,
660887715,UNIDOS POR UTUADO INC,% C P SMITH - UNIDOS POR UTUADO,26 CALLE BETANCES,UTUADO,PR,00641-2864,0000,03,3,1000,201806,1,15,000000000,1,01,202309,3,2,02,0,09,55826,21560,21560,W01,UNIDOS POR UTUADO
660887932,NATIONAL FOSTER ALLIANCE INC,,HC 72 BOX 3455,NARANJITO,PR,00719-8711,0000,03,3,1400,202111,1,16,000000000,1,01,202512,3,3,01,0,12,28513,66075,66075,D20,
660888032,ALIMENTACION SEGURA INFANTIL ASI,,PO BOX 816,DORADO,PR,00646-0816,0000,03,3,1200,202404,1,16,000000000,1,01,202512,3,4,01,0,12,73011,106571,106571,P20,
660888097,PR EDUCATION INITIATIVE CORP,,PO BOX 10050,SAN JUAN,PR,00908-1050,0000,03,3,1200,202409,1,15,000000000,1,01,202412,4,4,01,0,12,140061,371116,371116,B90,
660888132,PUERTO RICO LIT INC,% ERIKA VELEZ,VILLA CAPARRA 16 PEDROSA STREET,GUAYNABO,PR,00966-0000,0000,03,3,1000,202112,1,15,000000000,1,01,202412,0,0,02,0,12,0,0,0,T20,
660888269,STELL MEDIA FOUNDATION OF PUERTO RICO CORP,% CINESTELL,340 PASEO DEL BOSQUE APT 1402,SAN JUAN,PR,00926-0000,0000,03,3,1200,202212,1,15,000000000,1,01,202512,0,0,02,0,12,0,0,0,A23,
660888295,FBI GUAM CITIZENS ACADEMY ALUMNI ASSOCIATION INC,% FBI GUAM CITIZENS,PO BOX 5427,HAGATNA,GU,96932-8663,0000,03,3,1000,201712,1,16,000000000,1,01,202512,0,0,02,0,12,0,0,0,I03,
660888347,HUELLAS DE SALUD INC,,101 SAN PATRICIO AVE,GUAYNABO,PR,00968-2645,0000,03,3,1000,201808,1,15,000000000,1,01,202512,0,0,02,0,12,0,0,0,M20,
660888427,KATHERINEJAMES FOUNDATION,,PMB 150 425 CARR 693,DORADO,PR,00646-4816,0000,03,3,1000,201805,1,04,000000000,1,01,202412,9,6,00,1,12,63554381,1621803,,T90,
660888522,CORPORACION PARA LA PROMOCION DE PUERTO RICO COMO DESTINO INC,,500 CALLE DE LA TANCA,SAN JUAN,PR,00901-1942,0000,03,3,2000,202006,1,15,000000000,1,01,202506,8,9,01,0,06,27582456,74034557,74034557,W02,CORPORACION PARA LA PROMOCION DE PU
660888979,EUCON EDUCATION FOUNDATION INC,,PO BOX 500087,SAIPAN,MP,96950-0087,0000,03,3,1000,202602,1,04,000000000,1,01,,0,0,00,1,06,,,,B90,EUCON EDUCATION FOUNDATION
660889196,FOR SUCH A TIME AS THIS INC,% YANIRA OCASIO,PO BOX 2103,AGUADA,PR,00602-2103,0000,03,3,1700,201801,1,15,000000000,1,01,202512,0,0,02,0,12,0,0,0,X12,
660889368,JESUS CHRIST IS THE WORD OF GOD MINISTRY INC,,HC 80 BOX 7710,DORADO,PR,00646-9553,0000,03,3,1700,201902,1,15,000000000,1,01,202512,0,0,02,0,12,0,0,0,X20,
660889494,MOCHILEANDO 100X35,% WILSON SANTIAGO,PO BOX 363015,SAN JUAN,PR,00936-3015,0000,03,3,1000,202208,1,15,000000000,1,01,202512,3,3,01,0,12,32734,58614,58614,M20,
660889664,SOMEBODY CARES PUERTO RICO CENTER,% EFRAIN SOTO,CARR 402 KM 2 9,ANASCO,PR,00610-0000,0000,03,3,1000,201803,1,15,000000000,1,01,202412,3,1,02,0,12,36301,6694,6694,M20,
660889683,VIRGIN ISLANDS TRAIL ALLIANCE,% BARBARA WALSH,PO BOX 24153,CHRISTIANSTED,VI,00824-0153,0000,03,3,1000,201907,1,15,000000000,1,01,202412,4,2,02,0,12,359973,12060,12060,N32,
660889729,RAINAN I LANGET FOUNDATION INC,% RAINAN I LANGET FOUNDATION INC,284 W CHALAN SANTO PAPA,HAGATNA,GU,96910-5154,0000,03,3,1700,202403,1,03,000000000,1,01,202512,1,3,00,1,12,5742,92074,,X22,
660889823,ABBA PATER CHURCH CORPORATION,% JOSE ANTONIO MONTIJO SOLER,PO BOX 1247,BAJADERO,PR,00616-1247,0000,03,3,1700,202204,1,10,000000000,1,01,202212,5,5,06,0,12,559628,547476,547476,X20,
660889868,PACIFIC ISLAND FOUNDATION,,PO BOX 1749,PAGO PAGO,AS,96799-1749,0000,03,3,1200,201804,1,16,000000000,1,01,202412,0,0,02,0,12,0,0,0,W99,
660889878,ROBUST POWER CORPORATION,% PATRICK J WILSON,1357 AVE ASHFORD 171,SAN JUAN,PR,00907-0000,0000,03,3,1000,201803,1,15,000000000,1,01,202506,0,0,02,0,06,0,0,0,Q33,
660889930,FUNDACION CONTIGO INC,% ARMANDO RODRIGUEZ,PO BOX 4980,CAGUAS,PR,00726-4980,0000,03,3,1200,201809,1,15,000000000,1,01,202512,0,0,02,0,12,0,0,0,M20,
660890065,FUNDACION DOCTORS CENTER HOSPITAL & DR PEDRO BLANCO LUGO CORP,% ALEJANDRO SANTIAGO LOPEZ,TORRE MEDICA 1 200 CARR 2 101,MANATI,PR,00674-0000,0000,03,3,1000,202401,1,04,000000000,1,01,202412,6,4,00,1,12,1861105,196301,,T23,
660890066,PROTECHOS INC,% EMILY ROISMAN,161 CALLE SAN JORGE STE 200,SAN JUAN,PR,00911-2176,0000,03,3,1000,201910,1,15,000000000,1,01,202412,4,5,01,0,12,398913,927397,909819,S30,PROTECHOS
660890395,FISH WITH A VET,% BARBARA PEEL,PO BOX 25327,CHRISTIANSTED,VI,00824-1327,0000,19,3,1000,202405,1,00,000000000,1,01,202212,2,1,02,0,12,20639,40,40,W30,
660890401,VI TRI,% ERIKA KELLERHALS,PO BOX 24331,CHRISTIANSTED,VI,00824-0331,0000,03,3,1000,201806,1,15,000000000,1,01,202512,0,0,02,0,12,0,0,0,N12,
660890488,LU TECH INSTITUTE INC,,PO BOX 1196,GUAYNABO,PR,00970-1196,0000,03,3,2000,202207,1,15,000000000,1,01,202506,0,0,02,0,06,0,0,0,B30,
660890505,AMBER-S FOUNDATION INC,% YETCENIA GONZALEZ,PO BOX 360671,SAN JUAN,PR,00936-0671,0000,03,3,1240,201910,1,16,000000000,1,01,202412,1,2,02,0,12,5331,10324,10324,D60,
660890750,AYUDA LEGAL PUERTO RICO INC,% ARIADNA M GODREAU,PO BOX 9022375,SAN JUAN,PR,00902-2375,0000,03,3,1000,201903,1,15,000000000,1,01,202412,6,4,01,0,12,1663015,395088,395088,M20,
660890988,EVERY NATION CHURCH GUAM INC,,PO BOX 315370,TAMUNING,GU,96931-3270,0000,03,3,1000,201908,1,10,000000000,1,01,,0,0,06,0,12,,,,X20,
660891441,MESA MULTISECTORIAL DEL BOSQUE MODELO DE PR INC,% ERNESTO VILLARINI,UPR U CARR 123 KM 522,UTUADO,PR,00641-0000,0000,03,3,1280,202004,1,16,000000000,1,01,202412,4,4,01,0,12,141533,107530,107530,C30,
660891535,INVEST PUERTO RICO INC,,200 CONV BLVD STE 301,SAN JUAN,PR,00907-0000,0000,03,3,1000,202001,1,15,000000000,1,01,202506,7,8,01,0,06,9537047,20411985,20411985,S30,
660892827,FUNDACION MARIPILI GARCIA INCORPORADO,,2025 CALLE ABERDEEN,GUAYNABO,PR,00969-4730,0000,03,3,1000,202111,1,15,000000000,1,01,202512,1,3,02,0,12,5459,43012,43012,E86,
660893113,TPMG CORP,,PO BOX 1461,TRUJILLO ALTO,PR,00977-1461,0000,03,3,1700,201809,1,16,000000000,1,01,202506,5,5,01,0,06,851559,964155,964155,,
660893460,CONNOR DENTAL CENTER OUTREACH PROGRAM,% TREVOR AC CONNOR,1916 NINTH ST,ST THOMAS,VI,00802-2640,0000,03,3,1200,201803,1,16,000000000,1,01,202512,0,0,02,0,12,0,0,0,B01,
660893564,ENDEAVOR INITIATIVE PUERTO RICO INC,,954 PONCE DE LEON STE 201A,SAN JUAN,PR,00907-3646,0000,03,3,2000,201906,1,15,000000000,1,01,202212,4,5,01,0,12,379223,624539,624539,S30,
660893670,LIMPIAR PUERTO RICO INC,% JAMI CLAYPOOLE,454 AVE HOSTOS,SAN JUAN,PR,00918-3015,0000,03,3,1000,201811,1,16,000000000,1,01,202412,4,4,01,0,12,105843,123472,123472,C99,
660893691,LIVING FOR JESUS CHRISTIAN FELLOWSHIP,% DONALD A GOTTWALD,PO BOX 504280,SAIPAN,MP,96950-4280,0000,03,3,7000,201810,1,10,000000000,1,01,,1,1,06,0,12,,,,X20,
660893833,PUERTO RICO PUBLIC AND APPLIED SOCIAL SCIENCES WORKSHOP INC,% LAURA GORBEA,8 AVE SIMON MADERA,SAN JUAN,PR,00924-2231,0000,03,3,1000,202412,1,16,000000000,1,01,202412,3,3,01,0,12,58769,65061,65061,A05,PR PASS WORKSHOP
660893868,FUNDACION LEGADO DR ALFRED D HERGER,% ALFRED D HERGER TRAVERSO,PO BOX 8607,SAN JUAN,PR,00910-0607,0000,03,3,1238,202009,1,16,000000000,1,01,202404,0,0,02,0,04,0,0,0,A20,
660894050,POR LOS NUETROS INC,% ANABELLE TORRES,285 CALLE ELEONOR ROOSEVELT,SAN JUAN,PR,00918-2816,0000,03,3,1000,201904,1,15,000000000,1,01,202412,4,4,01,0,12,123930,284475,284475,P20,
660894063,REMORA INCORPORATED,% ENACTUS UPRRP,PO BOX 1231,COROZAL,PR,00783-1231,0000,03,3,1280,201904,1,16,000000000,1,01,202412,0,0,02,0,12,0,0,0,C32,
660894240,PROJECT HOPE OUTREACH MINISTRIES,% BEVERLY GILBERT,3015 HANNAHS RST,FREDERIKSTED,VI,00840-4033,0000,03,3,1000,202406,1,15,000000000,1,01,202412,1,4,01,0,12,1,177750,177750,F32,
660894556,ISLA MONTESSORI SCHOOL INC,% ISLA MONTESSORI SCHOOL,PO BOX 5798,SAIPAN,MP,96950-5558,0000,03,3,2000,202204,1,15,000000000,1,01,,0,0,01,0,08,,,,B21,ISLA MONTESSORI SCHOOL
660895294,CENTRO PARA LA RECONSTRUCCION DEL HABITAT,% LUIS GALLARDO,PO BOX 20074,SAN JUAN,PR,00928-0074,0000,03,3,1000,201805,1,16,000000000,1,01,202501,6,7,01,0,01,3976544,9144030,9144030,S20,
660895434,ACCION VALEROSA INC,% JENITH Y RIVERA RIVERA,HC 2 BOX 7827,CIALES,PR,00638-9862,0000,03,3,1200,201904,1,16,000000000,1,01,202512,3,4,01,0,12,44489,175000,155000,N99,
660895681,DEVELOPMENT SOCIOECONOMIC SUSTAINABLE TRUST OF VIEQUES,% DESCO INC,212 CALLE ACACIA,VIEQUES,PR,00765-4058,0000,03,3,1000,202004,1,16,000000000,1,01,202512,0,0,02,0,12,0,0,0,S32,CODESU
660895965,FESTIVAL DE CINE INTERNACIONAL DE PUERTO RICO INC,% JOSE A TORRES-PEREZ,PO BOX 41211,SAN JUAN,PR,00940-1211,0000,03,3,1230,202207,1,16,000000000,1,01,202412,0,0,02,0,12,0,0,0,A20,
660896397,PASOS- PROYECTO DE AYUDA SOCIAL Y SISTEMTICO,% ORLANDO ENRIQUEZ,PO BOX 1716,CAROLINA,PR,00984-1716,0000,03,3,1000,202504,1,15,000000000,1,01,,0,0,02,0,12,,,,P50,
660896734,VICTUS PUERTO RICO INC,% JOSE SANCHEZ,4409 CALLE PEDRO CARATINI,PONCE,PR,00717-0000,0000,03,3,1000,202007,1,15,000000000,1,01,202412,4,6,01,0,12,327777,1585900,1585900,S20,
660896896,TRANSICIONES DE VIDA CORP,% MARIA DE LOS ANGELES RIVERA,1633 STA EDUVIGIS URB SAGRADO CORAZ,SAN JUAN,PR,00926-0000,0000,03,3,1200,202001,1,15,000000000,1,01,202412,0,0,02,0,12,0,0,0,P80,
660896909,FRIENDS OF THE MARIANA TRENCH,% LAURA J PETERKA,PMB 162 PPP BOX 10000,SAIPAN,MP,96950-0000,0000,03,3,2000,201810,1,16,000000000,1,01,202512,4,4,01,0,12,175074,356145,356145,C30,
660897067,PUERTO RICO YOUTH DEVELOPMENT FOUNDATION INC,% 8 ST 1 METRO PL STE 104,8 ST 1 STE 104 METRO OFF,GUAYNABO,PR,00968-0000,0000,03,3,1200,202005,1,15,000000000,1,01,202512,4,4,01,0,12,208778,183162,183162,O50,
660897142,RAIN AND ROSE CHARITABLE FUND LLC,,3207 PLANTATION VLG,DORADO,PR,00646-1959,0000,03,3,1000,201810,1,04,000000000,5,01,202412,6,6,00,1,12,1267716,1283645,,Q33,MICHAEL BASILE SOLE MBR
660897241,ACUEDUCTO SALTOS PELLEJAS INC,% JOSE A TORRES HERNANDEZ,PO BOX HC 01 BOX 5531,OROCOVIS,PR,00720-0000,0000,03,3,1000,202201,1,04,000000000,1,01,202412,4,3,00,1,12,240011,64021,,W80,
660897650,FUNDACION CASA DE SALUD VEN ROSE INC,,PO BOX 255,JAYUYA,PR,00664-0255,0000,03,3,1000,202101,1,15,000000000,1,01,202512,0,0,02,0,12,0,0,0,G30,
660897673,MAKE MUSIC HAPPEN CORPORATION,% LUIS ALVAREZ FIOL,G4 AVE SAN PATRICIO APT 1104,GUAYNABO,PR,00968-3222,0000,03,3,1200,202211,1,15,000000000,1,01,202412,4,4,01,0,12,112163,121290,121290,A68,
660897781,GLOBAL CITIZEN USA CORP,% VERENICE ATILANO,1357 ASHFORD AVENUE STE 320,SAN JUAN,PR,00907-1400,0000,03,3,1000,201806,1,15,000000000,1,01,202512,0,0,02,0,12,0,0,0,M99,GLOBAL CITIZEN USA
660897880,BUMBI CENTER FOUNDATION,,808 CALLE 37 SW,SAN JUAN,PR,00921-2427,0000,03,3,1200,202103,1,15,000000000,1,01,202412,0,0,02,0,12,0,0,0,E86,
660897893,VOLANDO POR PR,% VOLANDO POR PR INC,HC 4 BOX 42542,SAN SEBASTIAN,PR,00685-8580,0000,03,3,1260,202007,1,16,000000000,1,01,202512,0,0,02,0,12,0,0,0,P20,
660898712,KILOMETRO 0 INC,% MARIA D MARI NARVAEZ,PO BOX 362289,SAN JUAN,PR,00936-2289,0000,03,3,1200,201910,1,15,000000000,1,01,202412,4,4,01,0,12,450264,475787,475787,I20,
660898755,VIEQUES ROTARY CLUB INC,% NATALYA KAYDASH,61A ORQUIDEA STREET BO ESPERANZA,VIEQUES,PR,00765-0000,0000,03,3,1000,201805,1,16,000000000,1,01,202506,4,3,01,0,06,179753,66463,64383,S80,VIEQUES ROTARY CLUB
660898815,SONNELL FOUNDATION INC,% HERNAN BURGOS,PO BOX 1063,COROZAL,PR,00783-1063,0000,03,3,1000,202203,1,16,000000000,1,01,202512,0,0,02,0,12,0,0,0,P12,
660899052,TLC FOUNDATION,% TYLER RICE,9713 ESTATE THOMAS,ST THOMAS,VI,00802-2624,0000,03,3,1000,201910,1,16,000000000,1,01,202512,0,0,02,0,12,0,0,0,N30,BREATHE ST THOMAS
660899131,DISTILO AUTONOMO ANTONIO LUCHETTI INC,% AXEL S CARVAJAL ASENCIO,605 CALLE CONDADO OFICINA 500,SAN JUAN,PR,00907-0000,0000,03,3,1000,202405,1,16,000000000,1,01,202412,3,4,01,0,12,55024,155552,155552,T23,
660899265,CHRISTIAN HOLY CITY CHURCH IN SAIPAN ISLAND,% WANG SHAOXIA,PO BOX 504542,SAIPAN,MP,96950-4305,0000,03,3,7000,201907,1,10,000000000,1,01,,0,0,06,0,12,,,,X20,
660899423,COMPLEJO EDAD DORADA INC,% EDGARD GONZALEZ LUGO,PO BOX 1810,MOCA,PR,00676-1810,0000,03,3,1000,202602,1,16,000000000,1,01,,0,0,02,0,12,,,,S50,
660899477,MOVIMIENTO PENTECOSTAL LA LUZ DEL MUNDO INC,% MARIANO DEL RIO CARABALLO,URBANIZACION ALTAMIRA,FAJARDO,PR,00738-0000,0000,03,3,7000,202011,1,10,000000000,1,01,,0,0,06,0,06,,,,X20,
660899881,AGROEMPRESARIAS DE PUERTO RICO,% ZACHA MUNIZ,PO BOX 286,TOA ALTA,PR,00954-0286,0000,03,3,2000,202203,1,16,000000000,1,01,202512,0,0,02,0,12,0,0,0,K02,
660899991,BLUETIDE PUERTO RICO INC,% BLUETIDE PUERTO RICO INC,PO BOX 13832,SAN JUAN,PR,00908-3832,0000,03,3,1000,201807,1,16,000000000,1,01,202412,7,5,01,0,12,5386112,853357,853357,S30,
660900105,CENTRO DE APOYO MUTUO BUCARABONES UNIDO,% YEIDY M TORRES,HC 2 BOX 10711,LAS MARIAS,PR,00670-9048,0000,03,3,1230,202102,1,15,000000000,1,01,202512,0,0,02,0,12,0,0,0,S20,CAMBU
660900181,CREATOR ACADEMY INC,% EVAN ARTEAGA,1519 AVE PONCE DE LEON STE 501,SAN JUAN,PR,00909-1715,0000,03,3,2000,202603,1,15,000000000,1,01,202312,3,3,02,0,12,36896,27286,27286,B99,
660900247,VIRGIN ISLANDS HEALTHCARE FOUNDATION INC,% JAN BIJAN TAWAKOL,3004 ORANGE GROVE 2,CHRISTIANSTED,VI,00820-0000,0000,03,3,1000,201909,1,12,000000000,1,01,202412,6,5,01,0,12,1352448,799609,799609,E32,
660900369,NW BILINGUAL ACADEMY LLC,% JUAN AGOSTO,URB SANTA ANA 1A CALLE 3,VEGA ALTA,PR,00692-0000,0000,03,3,2000,202206,1,11,000000000,1,01,202512,5,6,01,0,12,827994,1727346,1727346,B20,AGNELIS LAUREANO MBR
660900408,CENTRO DE IMPACTO SOCIAL MUJERES ENTENDIDAS EN LOS TIEMPOS CORP,,PO BOX 877,MAUNABO,PR,00707-0877,0000,03,3,1200,202212,1,16,000000000,1,01,202512,0,0,02,0,12,0,0,0,S99,
660900503,AUTENTICORILLO PR INC,% FARRAH RODRIGUEZ,20 CALLE GEORGETTI,BARCELONETA,PR,00617-2782,0000,03,3,1200,201812,1,16,000000000,1,01,202512,2,2,02,0,12,12501,18589,18589,P28,
660900561,FUNDACION PARA LA CONSERVACION ADAPTATIVA INC,% JAIME YORDAN,501 CALLE SAGRADO CORAZON,PONCE,PR,00915-0000,0000,03,3,1200,201911,1,15,000000000,1,01,202512,0,0,02,0,12,0,0,0,S43,
660900665,ESCENCIA INC,% LIZA RAMOS ALFONSECA,URB VERSALLES Q15 ST 16,BAYAMON,PR,00959-0000,0000,03,3,1000,202302,1,15,000000000,1,01,202512,0,0,02,0,12,0,0,0,P20,
660900845,SFM CHARITIES INC,,PO BOX 21358,SAN JUAN,PR,00928-1358,0000,03,3,1000,201912,1,15,000000000,1,01,202412,4,5,01,0,12,334933,996237,996237,P20,
660900885,DISABLED AMERICAN VETERANS AUXILIARY INC,% JOSEFA SOTO,233 CALLE SHADDAI,ISABELA,PR,00662-2857,2473,04,9,1000,197310,1,00,908921000,5,01,202506,0,0,02,0,06,0,0,0,,21 SSGT C VELAZQUEZ
660901018,USVI BOARD OF PSYCHOLOGY EXAMINERS,% RAMONA MOSS,ST THOMAS 00802,BRITISH VIRGIN ISLANDS,,00000-0000,0000,06,3,2000,201902,2,00,000000000,1,01,202312,3,1,02,0,12,28008,4935,4935,Y03,
660901435,VIRGIN ISLANDS CENTRE FOR ARCHITECTURE CRAFTS AND BUILD,% MARY DEMA,1236 STRAND ST,CHRISTIANSTED,VI,00820-5034,0000,03,3,1000,201908,1,15,000000000,1,01,202412,6,4,01,0,12,1724893,300169,300169,T30,
660901526,VIRGIN ISLANDS MUSEUM CIVIC AND CULTURAL CENTRE ST THOMAS INC,% NADINE MARCHENA,9053 ESTATE THOMAS,ST THOMAS,VI,00802-0000,0000,03,3,1200,202003,1,16,000000000,1,01,202512,0,0,02,0,12,0,0,0,A99,
660901665,IGLESIA CASA DE LIBERACION,% JOSE ALBURQUERQUE,ST THOMAS,VIRGIN ISLANDS,,00000-0000,0000,03,3,7000,202001,1,10,000000000,1,01,,0,0,06,0,12,,,,X20,DEVANTANDO AL CAIDO
660901684,ST CROIX WALLS PROJECT,,PO BOX 5213,KINGSHILL,VI,00851-5213,0000,03,3,1000,201807,1,16,000000000,1,01,202512,0,0,02,0,12,0,0,0,A90,
660901994,COLABORATIVOPR INC,% COLABORATIVOPR,800 AVE ROBERTO H TODD,SAN JUAN,PR,00907-4808,0000,03,3,1000,202209,1,16,000000000,1,01,202506,3,4,01,0,06,53354,388939,388939,B99,
660902004,CIUDAD MUSEO INC,% KRISTAL M ROSARIO LOPEZ,RR 5 BOX 6540,ANASCO,PR,00610-9888,0000,03,3,1000,202211,1,16,000000000,1,01,202504,0,0,02,0,04,0,0,0,A20,
660902154,IGLESIA CRISTIANA PACTO DE AMOR,,PMB 123 BOX 2510,TRUJILLO ALTO,PR,00977-0000,0000,03,3,7000,202205,1,10,000000000,1,01,,0,0,06,0,12,,,,X20,
660902506,VI STARZ ALL STAR TEAM,% SHARICE ALAINE FRANCIS,PO BOX 10273,CHARLOTTE AMA,VI,00801-3273,0000,03,3,1200,202409,1,16,000000000,1,01,202512,0,0,02,0,12,0,0,0,N63,BASEBALL TEAM
660902531,BOYS & GIRLS CLUBS OF ST THOMAS ST JOHN INC,,9900 ESTATE THOMAS,ST THOMAS,VI,00802-0000,0000,03,3,1000,201907,1,15,000000000,1,01,202512,4,4,01,0,12,153742,180517,180517,O23,
660902532,MONTE AZUL INC,% ANDREW HERMANN,KM 29-01 PR 128,MARICAO,PR,00606-0000,0000,03,3,1000,201807,1,04,000000000,1,25,202412,4,5,00,1,12,322618,762694,,O53,
660902624,ST JANCO,,PO BOX 136,ST JOHN,VI,00831-0136,0000,03,3,1230,202202,1,16,000000000,1,01,202512,0,0,02,0,12,0,0,0,A99,ST JOHN HERITAGE COLLECTIVE
660902710,AMOR Y VIDA INC,% ALEXANDER LOPEZ,CORREO STA JUANITA UU-1 C39 STE 133,BAYAMON,PR,00956-0000,0000,03,3,1200,202307,1,15,000000000,1,01,202412,0,0,02,0,12,0,0,0,K30,
660902757,COALICION LEGAL PARA PUERTO RICO INC,% JORGE M RUIZ MONTILLA,250 MUNOZ RIVERA AVENUE PISO 6,SAN JUAN,PR,00918-1806,0000,03,3,1200,201809,1,16,000000000,1,01,202412,3,3,02,0,12,43759,32970,32970,I01,
660902900,BIOECONOMY PUERTO RICO INC,,1225 AVE PONCE DE LEON STE 1102,SAN JUAN,PR,00907-3945,0000,03,3,1000,201906,1,15,000000000,1,01,202412,0,0,02,0,12,0,0,0,Q32,
660903050,PUERTO RICO HARD ENDURO CORP,% EDWIN PLAZA,PO BOX 133,AGUADA,PR,00602-0133,0000,03,3,1000,201910,1,16,000000000,1,01,202512,1,0,02,0,12,3133,0,0,N12,
660903066,NSSA PUERTO RICO CONFERENCE INC,% NSSA PUERTO RICO,102 CALLE LEMAY,AGUADILLA,PR,00603-1518,0000,03,3,2000,202411,1,15,000000000,1,01,202512,0,0,02,0,12,0,0,0,N67,
660903091,THE ADVC CORP,% NESMAR A HERNANDEZ,A18 CALLE 3,CAROLINA,PR,00987-7402,0000,03,3,4000,201904,1,16,000000000,1,01,202412,1,4,01,0,12,1224,139040,139040,D20,
660903235,RENACER SOCIAL CORP,% JAVIER BURES,URB MONTE PRIMAVERA 3,CIDRA,PR,00739-0000,0000,03,3,1250,201907,1,16,000000000,1,01,202512,3,4,01,0,12,76772,128438,128438,P46,RENACER SOCIAL
660904023,BORINCANA FOUNDATION INC,,151 CALLE SAN FRANCISCO STE 200,SAN JUAN,PR,00901-1660,0000,03,3,2000,201910,1,15,000000000,1,01,202412,5,5,01,0,12,608633,926796,926796,C35,
660904286,CORAL REEF ACADEMY INC,,7 FLAG DRIVE,CHRISTIANSTED,VI,00820-0000,0000,03,3,2000,201904,1,11,000000000,1,01,202512,3,6,01,0,12,29571,1104759,1104759,B28,
660904321,COOPERATIVA HIDROELECTRICA DE LA MONTANA,% CP SMITH,26 CALLE BETANCES,UTUADO,PR,00641-2864,0000,12,3,4000,202012,2,00,000000000,1,01,202309,5,4,01,0,09,732179,310246,310246,Y22,
660904470,PRODUCTORES DE CAFE DE PUERTO RICO INC,,PO BOX 945,ADJUNTAS,PR,00601-0945,0000,03,3,1000,202408,1,15,000000000,1,01,202412,4,6,01,0,12,139465,1001649,1001649,P20,
660904538,TALLER ARTISTICO CAGUAS,,PASEO GAUTIER BENITEZ 6 ESQ JIMENEZ,CAGUAS,PR,00725-0000,0000,03,3,1000,202511,1,16,000000000,1,01,,0,0,01,0,12,,,,A99,
660904800,BREAKING WAVE THEATRE COMPANY,% JAMES L AEVERMANN,PO BOX 21963,BARRIGADA,GU,96921-1963,0000,03,3,2000,201912,1,15,000000000,1,01,202412,2,3,01,0,12,21677,58563,58563,A60,
660905065,FRIENDS OF THE MUSEUM OF AMERICAN SAMOA,% NA,PAGO PAGO 96799,AUSTRALIA,,00000-0000,0000,03,3,1200,202001,1,16,000000000,1,01,202412,0,0,02,0,12,0,0,0,A50,
660905170,CAUSA LOCAL CORPORATION,,151 CALLE SAN FRANCISCO STE 200,SAN JUAN,PR,00901-1660,0000,03,3,1000,202304,1,15,000000000,1,01,202512,3,4,01,0,12,95205,363698,363698,S43,
660905242,PUERTO RICAN INSTITUTE INC,,1889 FRANCISCO QUINDOS FAIR VIEW,SAN JUAN,PR,00926-0000,0000,03,3,1200,201808,1,16,000000000,1,01,202412,0,0,02,0,12,0,0,0,,
660905467,ELLAS HOPE INC,,1003 ESTATE ROSS STE 8,ST THOMAS,VI,00802-6725,0000,03,3,1280,201808,1,15,000000000,1,01,202512,0,0,02,0,12,0,0,0,G12,
660905513,ELIM CASA DE OASIS,% LUIS E LANZO,136 FOREST PLANTATION,CANOVANAS,PR,00729-0000,0000,03,3,7000,202405,1,10,000000000,1,01,,0,0,06,0,12,,,,X20,
660906297,CORAZON AZUL INC,% VANESSA VILLEGAS,F27 CALLE 4,BAYAMON,PR,00957-0000,0000,03,3,1200,202208,1,16,000000000,1,01,202512,0,0,02,0,12,0,0,0,P20,
660906300,AL RAIE SALEH SHRINERS INC,,PO BOX 361120,SAN JUAN,PR,00936-1120,0000,03,3,1000,202603,1,16,000000000,1,01,202512,0,0,02,0,12,0,0,0,Y40,
660906428,ASSEMBLY OF GOD GUAM GENERAL COUNCIL,% GENERAL COUNCIL,TAMUNING,GUAM,,00000-0000,0000,03,3,7000,201911,1,10,000000000,1,01,,0,0,06,0,12,,,,X20,
660906637,MARIST BROTHERS CRUSADERS ALUMNI ASSOCIATION,,PO BOX 2292,PAGO PAGO,AS,96799-2292,0000,03,3,1200,202510,1,16,000000000,1,01,,0,0,02,0,12,,,,B84,
660906671,SAILING ASSOCIATION OF AMERICAN SAMOA INC,% ERIKA RADEWAGEN,PAGO PAGO 96799,AUSTRALIA,,00000-0000,0000,03,3,1000,201809,1,16,000000000,1,01,202512,0,0,02,0,12,0,0,0,N60,
660907038,COLECTIVO EL ANCON DE LOIZA INCORPORADO,% MARIA CORTIJO,401AMERICOMIRANDA110ACONDLOSROBLES,SAN JUAN,PR,00927-0000,0000,03,3,1000,202204,1,15,000000000,1,01,202412,4,3,01,0,12,468771,66500,66500,A80,COLECTIVO EL ANCON EL ANCON
660907166,HORSES OF HOPE-CABALLOS DE ESPERANZA INC,,8052 CALLE GUTIERREZ PEREZ,ISABELA,PR,00662-6430,0000,03,3,1200,201809,1,16,000000000,1,01,202412,3,4,01,0,12,77076,111649,111649,,
660907194,ELCUADRADO GRIS THE GRAY SQUARE INC,,455 CALLE TITO RODRIGUEZ,SAN JUAN,PR,00915-3618,0000,03,3,1200,202408,1,15,000000000,1,01,202512,0,0,02,0,12,0,0,0,A99,
660907269,TBL FOUNDATION PR,% JEFF PALMER,270 MUNOZ RIVERA AVE 9TH FLOOR,SAN JUAN,PR,00918-0000,0000,03,3,1000,202509,1,16,000000000,1,01,202112,1,0,02,0,12,1,0,0,S30,
660907360,PERSPECTIVE EDUCATION SERVICES,% BEATRIZ LOPEZ,CARR 351 K4 H2 INT BO RIO CANAS,MAYAGUEZ,PR,00680-0000,0000,03,3,2000,201909,1,16,000000000,1,01,202512,0,0,02,0,12,0,0,0,B99,
660907443,PUERTO RICO CENTRO DE ARTES Y TECNO LOGIA CORP,% RAUL APONTE,PO BOX 13626,SAN JUAN,PR,00908-3626,0000,03,3,2000,202206,1,11,000000000,1,01,202506,8,6,01,0,06,11530194,2157001,2157001,A25,
660907524,VIRGIN ISLANDS BAR FOUNDATION,% HINDA CARBON,PO BOX 224108,CHRISTIANSTED,VI,00822-4108,0000,03,3,2000,202302,1,15,000000000,1,01,202512,0,0,02,0,12,0,0,0,I03,
660907539,COMITE CIUDADANOS PROCUEVAS DE AGUAS BUENAS,,BO MULAS SEC MINILLAS CARR 174,HORMIGUEROS,PR,00660-0000,0000,03,3,1000,201809,1,16,000000000,1,01,202601,0,0,02,0,01,0,0,0,S20,
660907881,ASOCIACION DE AMIGOS DEL FROTIN DE SAN JERONIMO INC,,1515 CALLE LOPEZ LANDRON,SAN JUAN,PR,00911-1936,0000,03,3,2000,201907,1,04,000000000,1,01,202312,1,1,00,1,12,5034,98,,A54,AMIGOS DEL FROTIN DE SAN JERONIMO
660907982,MUSEO DE LOS SANTOS,,1673 AVE PONCE DE LEON,SAN JUAN,PR,00909-1831,0000,03,3,2000,201811,1,16,000000000,1,01,202512,4,4,01,0,12,454951,455130,455130,A50,
660908328,PUERTO RICO OPTIMIST ASSOCIATION INC,% DAGMAR FERNANDEZ,VILLA NEVAREZ 1065 CALLE 3,SAN JUAN,PR,00927-0000,0000,03,3,1000,202404,1,16,000000000,1,01,202512,0,0,02,0,12,0,0,0,N67,PROA
660908414,ADOPTA AHORA INC,% SYLVIA VILLAFANE,726 HOARE ST ESQ LAS PALMAS,SAN JUAN,PR,00907-0000,0000,03,3,1000,202204,1,15,000000000,1,01,202512,4,4,01,0,12,144468,312460,312460,P31,
660908643,ASCENSION LIVITY INC,% LINDIWE SEWER,PO BOX 307146,ST THOMAS,VI,00803-7146,0000,03,3,1000,201811,1,15,000000000,1,01,202512,0,0,02,0,12,0,0,0,O51,
660908801,HOGAR AMOR Y PAZ 1 INC,,25 CALLE DUARTE,MAYAGUEZ,PR,00682-1132,0000,03,3,1000,202605,1,16,000000000,1,01,,0,0,02,0,12,,,,P20,
660908802,LAS HUELLAS DEL ANGEL INC,% LAURA LOPEZ,88 CALLE MAYAGUEZ,SAN JUAN,PR,00917-5116,0000,03,3,1200,201812,1,15,000000000,1,01,202312,0,0,02,0,12,0,0,0,S99,
660908874,KOG FOUNDATION INC,% KRYSTALIA CARRILLO,PO BOX 305333,ST THOMAS,VI,00803-5333,0000,03,3,1000,202302,1,16,000000000,1,01,202512,0,0,02,0,12,0,0,0,T31,
660908899,ERES,% JACQUELINE PIERLUISI,PO BOX 6244,SAN JUAN,PR,00914-6244,0000,03,3,1000,201904,1,16,000000000,1,01,202401,0,0,02,0,01,0,0,0,A25,
660909128,MICRONESIA CLIMATE CHANGE ALLIANCE INC,% MARIA HERNANDEZ,285 FARENHOLT AVENUE,TAMUNING,GU,96913-3223,0000,03,3,1000,202411,1,15,000000000,1,01,202412,5,5,01,0,12,583269,735249,735249,P99,
660909761,OBESITY AWAKENING MOVEMENT,% LELEAGAATUTUILA SISI SPITZENBERG,PAGO PAGO 96799,AUSTRALIA,,00000-0000,0000,03,3,1000,202506,1,16,000000000,1,01,202509,0,0,02,0,09,0,0,0,E70,
660910238,TALLER COMUNIDAD LA GOYCO INC,% NUMEROS ASOCIADOS LLC,1763 CALLE LOIZA,SAN JUAN,PR,00911-1812,0000,03,3,1200,201903,1,15,000000000,1,01,202412,6,6,01,0,12,3487062,1006203,1006203,S20,
660910290,FUNDACION AMIGOS DEL MUSEO DE HISTORIA ANTROPOLOGIA Y ARTE,,3 VILLA DEL PARQUE APT 3D,SAN JUAN,PR,00909-3304,0000,03,3,1238,202102,1,16,000000000,1,01,202606,0,0,02,0,06,0,0,0,A11,
660910567,FUNDACION BUCARABON INC,% JACQUELINE PEREZ,PO BOX 312,MARICAO,PR,00606-0312,0000,03,3,2000,201812,1,16,000000000,1,01,202412,4,4,01,0,12,136374,230394,230394,S32,
660910795,INSTITUTO SAN JOSE CORP,,PO BOX 3257,BAYAMON,PR,00958-0257,0000,03,3,1000,202512,1,15,000000000,1,01,,0,0,01,0,12,,,,X20,
660911031,IGLESIA CRISTIANA PALABRA DE AGUA VIVA INTERNACIONAL INCORPORADO,,G4 CALLE TIO LEOPO,CAGUAS,PR,00725-7406,0000,03,3,7000,201910,1,10,000000000,1,01,,0,0,06,0,12,,,,X21,
660911147,ASOCIACION DE COMMUNIDADES UNIDAS TOMANDO ACCION SOLIDARIA INC,% WALDEMIRO VELEZ,PO BOX 52,TOA BAJA,PR,00951-0052,0000,03,3,1000,202009,1,15,000000000,1,01,202412,5,5,01,0,12,634318,576973,576973,M20,ACUTAS
660911184,PROYECTO 85 INC,% CECILLE BLONDET PASSALACQUA,867 AVE MUNOZ RIVERA STE D101 # 3,SAN JUAN,PR,00925-2127,0000,03,3,1200,201908,1,15,000000000,1,01,202412,0,0,02,0,12,0,0,0,B99,PROYECTO 85
660911223,IGLESIA DE DIOS INC BO PASTO SECO,% IGLESIA DE DIOS INC,HC 4 BOX 4411,LAS PIEDRAS,PR,00771-9524,0000,03,3,7000,201907,1,10,000000000,1,01,,0,0,06,0,12,,,,X20,
660911234,FUNDACION NINOS SONRIENDO INC,% JANNETTE LOPEZ PEREZ,118 CALLE VICTOR GONZALEZ,MOCA,PR,00676-5031,0000,03,3,1000,202201,1,16,000000000,1,01,202512,2,3,01,0,12,13137,66621,66621,P20,FUNDACION NINOS SONRIENDO
660911714,FACEA CORPORATION,% JOSE RAUL RIOS,JARDINES DE CAPARRA AB17 CALLE 10,BAYAMON,PR,00959-0000,0000,03,3,2780,201910,1,16,000000000,1,01,202512,0,0,02,0,12,0,0,0,A25,FACEA FOUNDATION
660911915,OCEANIA COMMUNITY DEVELOPMENT NETWORK,% EDNA NOGA,PO BOX 313,PAGO PAGO,AS,96799-0313,0000,03,3,1200,202211,1,16,000000000,1,01,202412,0,0,02,0,12,0,0,0,B90,OCEANIA CDN
660911980,CIENCIA PUERTO RICO INC,% GIOVANNA GUERRERO-MEDINA,PO BOX 195289,SAN JUAN,PR,00919-5289,0000,03,3,2800,202203,1,15,000000000,1,01,202412,5,5,01,0,12,864820,600345,600345,S99,CIENCIAPR
660912044,COMEDORES SOCIALES DE PUERTO RICO INC,% GEOVANNI ROBERTO,PO BOX 3181,CAGUAS,PR,00726-3181,0000,03,3,1000,202111,1,15,000000000,1,01,202512,6,5,01,0,12,1505578,715315,715315,K31,
660912835,SALVA RINCON INCORPORADO,% ANDRES ROMEU,PO BOX 989,RINCON,PR,00677-0989,0000,03,3,2800,201910,1,16,000000000,1,01,202512,4,4,01,0,12,116773,153746,153746,C01,
660913862,MOVIMIENTO AL RESCATE DE MI ESCUELA INC,,LEVITTOWN HY33 C ANTONIO EGIPCIACO,TOA BAJA,PR,00949-0000,0000,03,3,1000,202412,1,15,000000000,1,01,,0,0,02,0,12,,,,P28,
660914382,MIND & BODY AWARENESS FOUNDATION INC,% JESUS RABELL,564 RAMON GANDIA ST BALDRICH,SAN JUAN,PR,00918-0000,0000,03,3,1200,201903,1,04,000000000,1,01,202412,1,1,00,1,12,105,1200,,T12,
660914546,CASA DE REFUGIO EN MEDIO DE LA TEMPESTAD,% ESPERANZA DE AMOR Y FE,HC 60 BOX 42725,SAN LORENZO,PR,00754-9073,0000,03,3,7000,202410,1,04,000000000,1,01,,0,0,00,1,12,,,,X11,
660914563,K & Z SERVICIOS DE CONSEJERIA MULTIPLE,% KEILA ANGULO,PO BOX 1363,LUQUILLO,PR,00773-1363,0000,03,3,1700,202306,1,16,000000000,1,01,202512,1,4,01,0,12,7297,113860,113860,P20,
660914722,VIRGIN ISLANDS POWER BOAT RACING ASSOCIATION INC,% VI POWER BOAT RACING ASSOCIATION,PO BOX 503026,ST THOMAS,VI,00805-3026,0000,03,3,1200,201911,1,15,000000000,1,01,202512,2,3,01,0,12,21123,75333,75333,N50,
660914734,EDUCATION FOUNDATION INC,,PO BOX 7004,PONCE,PR,00732-7004,0000,03,3,1200,202506,1,15,000000000,1,01,202506,1,0,02,0,06,1,0,0,B82,
660915243,ARISE CHURCH INC,,10931 PR 6,SAN JUAN,PR,00926-0000,0000,03,3,7000,202002,1,10,000000000,1,01,,0,0,06,0,12,,,,X20,
660915379,AYUDA UNA PATITA,% KATIA SANCHEZ SOTO,HC 2 BOX 8479,YABUCOA,PR,00767-9597,0000,03,3,1240,202301,1,15,000000000,1,01,202512,0,0,02,0,12,0,0,0,D99,
660915409,GUAM SEVENTH-DAY ADVENTIST CLINIC INC,% DONALD LLOYD JR,388 YPAO RD,TAMUNING,GU,96913-3701,1071,03,9,7000,194704,1,10,211029000,1,01,,0,0,06,0,12,,,,,
660915525,GUAM SEVENTH-DAY ADVENTIST HOLDING CORPORATION,% DONALD LLOYD JR,388 YPAO RD,TAMUNING,GU,96913-3701,1071,03,9,7000,194704,1,10,211029000,1,01,,0,0,06,0,12,,,,,
660915625,DEPARTAMENTO DE LA COMIDA DE PUERTO RICO,% MIRGERY MEDINA,PO BOX 6856,CAGUAS,PR,00726-6856,0000,03,3,1000,202002,1,15,000000000,1,01,202412,4,4,01,0,12,262525,455921,455921,P20,
660915769,YOUTH FOR CHRIST PR INC,% XAVIER BADILLO,PO BOX 1833,ISABELA,PR,00662-1833,0000,03,3,7000,201903,1,16,000000000,1,01,202412,6,5,01,0,12,1023863,508138,508138,O55,
660915999,PAE MA LE AULI,,PO BOX 6511,PAGO PAGO,AS,96799-6284,0000,03,3,1000,202302,1,16,000000000,1,01,202412,0,0,02,0,12,0,0,0,P01,
660916171,SORDOS UNIDOS DE PUERTO RICO INC,% ADRIANA M RIVERA GUINAND,PO BOX 526,MERCEDITA,PR,00715-0526,0000,03,3,2000,202105,1,15,000000000,1,01,202412,0,0,02,0,12,0,0,0,A20,
660916280,INSTITUTE FOR SOCIAL CHANGE,% EUGENE FARRELL,PO BOX 303183,ST THOMAS,VI,00803-3183,0000,03,3,1000,202308,1,15,000000000,1,01,202412,0,0,02,0,12,0,0,0,O50,
660916426,IGLESIA LUTERANA MISIONERA INC,,PO BOX 9024118,SAN JUAN,PR,00902-4118,0000,03,3,7000,202410,1,10,000000000,1,01,,0,0,06,0,12,,,,X21,
660916763,FUNDACION EDUCAMOS CON AMOR INC,% GLORIVEE AVILES RIVERA,PO BOX 80136,COROZAL,PR,00783-8136,0000,03,3,2700,202109,1,15,000000000,1,01,202512,2,3,01,0,12,24140,84052,84052,P20,
660916992,GRUPO TORTUGUERO 7 QUILLAS SAN JUAN INC,% HILDA M BENITEZ,PO BOX 8017,SAN JUAN,PR,00910-0017,0000,03,3,1240,202102,1,16,000000000,1,01,202512,0,0,02,0,12,0,0,0,D31,
660917000,SUMMERVAL VI CULTURE SEEKERS INC,% CHRISTINA LEE,PO BOX 791,ST THOMAS,VI,00804-0791,0000,03,3,1000,202511,1,16,000000000,1,01,,0,0,02,0,12,,,,A23,
660917116,CARIBBEAN PREPAREDNESS AND RESPONSE CPR INC,% JOSE L RODRIGUEZ,CARR 185 KM 1 7,CANOVANAS,PR,00729-0000,0000,03,3,1000,201905,1,16,000000000,1,01,202412,0,0,02,0,12,0,0,0,P60,
660917165,IGLESIA DEFENSORES DE LA FE DE BARRAZAS INC,% JONATAN BIRRIEL,PMB 119 390 CARR 853,CAROLINA,PR,00987-8836,0000,03,3,1257,202509,1,15,000000000,1,01,202512,0,0,02,0,12,0,0,0,X20,
660917215,ALLIANCE FOR AGRICULTURE CORP,% MIGUEL MARXUACH,PO BOX 2181,OROCOVIS,PR,00720-2181,0000,03,3,1000,201906,1,16,000000000,1,01,202412,4,5,01,0,12,274556,551301,551301,K02,
660917490,MERCY FOR SATOS INC,,HC 3 BOX 8592,BARRANQUITAS,PR,00794-8672,0000,03,3,1400,201904,1,16,000000000,1,01,202512,0,0,02,0,12,0,0,0,D20,MERCY FOR SATOS
660917833,DFG COMMUNITY IMPACT FOUNDATION OF THE VIRGIN ISLANDS,,PO BOX 9124,ST THOMAS,VI,00801-2124,0000,03,3,1000,202504,1,16,000000000,1,01,202501,0,0,02,0,01,0,0,0,B80,
660917941,AMERICAN SAMOA ECONOMIC COUNCIL,% CARE OF JOHN WASKO,4099 NUUULI,PAGO PAGO,AS,96799-0000,0000,03,3,1800,202509,1,15,000000000,1,01,,0,0,02,0,12,,,,J20,
660918040,FETE-AH-HOLIC CARNIVAL TROUPE INC,% HORACE PEETS,7812 ESTATE TUTU VLY,CHARLOTTE AMA,VI,00802-1960,0000,03,3,1000,202511,1,16,000000000,1,01,,0,0,02,0,06,,,,A20,
660918146,CARIBBEAN CANINE ACADEMY,% CHERYL A DELOACH RIVERA,3 CALLE GLADIOLA,CAROLINA,PR,00987-2200,0000,03,3,1200,202001,1,16,000000000,1,01,202412,3,4,01,0,12,63386,321491,321491,D61,
660918192,SANTUARIO DE GATOS PROVERBIOS 12-10,,HC 2 BOX 8960,AIBONITO,PR,00705-9613,0000,03,3,1400,201912,1,16,000000000,1,01,202512,0,0,02,0,12,0,0,0,D20,AKA AS PROVERBS 12-10 CAT SANCTUARY
660918357,ECOS DE VIDA,,COND ARCOS DE SUCHVILLE C/3 APT 313,GUAYNABO,PR,00966-0000,0000,03,3,3800,202309,1,15,000000000,1,01,202412,1,2,02,0,12,3399,11540,11540,B90,
660918626,BRIGADAS COMUNITARIAS INC,% TAMARIS HIDALGO,PO BOX 191359,SAN JUAN,PR,00919-1359,0000,03,3,1000,202001,1,15,000000000,1,01,202512,0,0,02,0,12,0,0,0,S20,
660918832,ASOCIACION DE ESTUDIANTES DE CONTABILIDAD,% ANIBAL BAEZ-AEC,15 AVE UNIVERSIDAD STE 1501,SAN JUAN,PR,00925-2535,0000,03,3,2000,202210,1,16,000000000,5,01,202412,0,0,02,0,12,0,0,0,B03,AEC
660918837,CENTRO TRANSFORMACION SOCIAL,% IVAN A CHARDON,1048 LAS PALMAS 309,SAN JUAN,PR,00907-0000,0000,03,3,2000,202204,1,16,000000000,1,01,202412,0,0,02,0,12,0,0,0,W99,
660918842,FUNDACION VERDE AGUACATE INC,,1094 URB SANTA RITA CALLE RAMIREZ P,SAN JUAN,PR,00925-0000,0000,03,3,1200,202312,1,15,000000000,1,01,202512,0,0,02,0,12,0,0,0,A99,
660919116,ONE S O U L INC,% JONATAN DOMENECH LUNA,WILLAIM FUERTES 73B CALLE 3,CATANO,PR,00962-0000,0000,03,3,1250,202108,1,15,000000000,1,01,202512,0,0,02,0,12,0,0,0,P28,
660919191,FUNDACION SOY UNICA SOY LIBRE INC,% YAMILY ORTIZ,BOSQUES DE LA SIERRA F3 COQUI MELOD,CAGUAS,PR,00725-0000,0000,03,3,1000,202202,1,15,000000000,1,01,202512,0,0,02,0,12,0,0,0,S19,FUNDACION SOY UNICA SOY LIBRE
660919539,SEMBRANDO SENTIDO INC,% ISSEL M MASSES FERRER,PO BOX 9023191,SAN JUAN,PR,00902-3191,0000,03,3,1000,202006,1,15,000000000,1,01,202412,4,4,01,0,12,213631,460511,460511,Q32,
660919603,DISABLED AMERICAN VETERANS AUXILIARY INC,% MARTHA LAMBOY,PO BOX 284,CATANO,PR,00963-0000,2473,04,9,1000,197310,1,00,908921000,5,01,202306,0,0,02,0,06,0,0,0,,16 CSM J RODRIGUEZ UNIT
660919654,LIVEWIRE SPORTS INC,,PO BOX 302973,CHARLOTTE AMA,VI,00803-2973,0000,03,3,2000,202006,1,15,000000000,1,01,202512,0,0,02,0,12,0,0,0,N99,
660919725,VI VYBE INC,,PO BOX 304215,ST THOMAS,VI,00803-4215,0000,03,3,1200,201904,1,15,000000000,1,01,202512,0,0,02,0,12,0,0,0,A20,
660919823,SOCIAL HOLDING FOUNDATION CORP,,1835 PONCE DE LEON AVE SUITE 211,SAN JUAN,PR,00909-0000,0000,03,3,1000,202410,1,23,000000000,1,01,202406,8,6,01,0,06,10012760,4504356,4504356,O11,
660920200,LOVES ANIMAL RESCUE,,PO BOX 1052,SAINT JUST,PR,00978-1052,0000,03,3,1400,201905,1,15,000000000,1,01,202402,0,0,02,0,02,0,0,0,D03,
660920244,EDWIN MANUEL DEL VALLE RODRIGUEZ INC,% ARACELI RODRIGUEZ FIGUEROA,4 CALLE 1,LAS PIEDRAS,PR,00771-3109,0000,03,3,1200,202509,1,15,000000000,1,01,202512,0,0,02,0,12,0,0,0,P11,
660920285,A TI MUJER IMPARABLE INC,% MARISEL NIEVES,PO BOX 3667,SAN SEBASTIAN,PR,00685-7012,0000,03,3,1000,201906,1,16,000000000,1,01,202512,0,0,02,0,12,0,0,0,P99,
660920517,ARTE Y CULTURA DEL CARIBE INC,% ALVARO CALDERON,PO BOX 9020479,SAN JUAN,PR,00902-0479,0000,03,3,1230,202107,1,15,000000000,1,01,202412,0,0,02,0,12,0,0,0,A20,
660920607,AFFORDABLE HOUSING FUND FOR PUERTO RICO INC,,1607 AVE PONCE DE LEON,SAN JUAN,PR,00909-1820,0000,03,3,1000,202004,1,15,000000000,1,01,202412,4,4,01,0,12,217726,218655,218655,L12,
660920674,FUNDACION JEDA GROUP INC,% DIXIE M ACOSTA,66 CALLE LORENZA BIZO,PONCE,PR,00716-7426,0000,03,3,1000,201905,1,04,000000000,1,01,202512,1,1,00,1,12,1,1,,M20,
660920801,5 SENTIDOS PR CORP,,SAN JUAN 00926,PUERTO RICO,,00000-0000,0000,03,3,1200,202510,1,15,000000000,5,01,202312,2,3,01,0,12,15593,82187,66513,B12,
660920957,LIFE INTERNATIONAL INC,% P O BOX 438 FLORIDA PR 00650,CARR 682 KM 105 FACTOR 2,ARECIBO,PR,00618-0000,0000,03,3,1200,202406,1,16,000000000,1,01,202412,0,0,02,0,12,0,0,0,A99,
660921071,WILDFLOWER FOUNDATION,% LISBETH GONZALEZ,CALLE ATOCHA ESQUINA VICTORIA NUMER,PONCE,PR,00730-0000,6267,03,9,2000,201704,1,11,000000000,1,01,202506,4,2,02,0,06,339378,21995,21995,B28,FLOR DE LOTO MONTESSORI CORP
660921144,LAND HEART PROJECT PUERTO RICO CORP,,HC 3 BOX 14387,YAUCO,PR,00698-9644,0000,03,3,1000,202003,1,15,000000000,1,01,202312,0,0,02,0,12,0,0,0,K20,LAND HEART PROJECT
660921163,INITIATIVE FOR CIVIC ADDRESS SYSTEMS ASSESSMENT IN PUERTO RICO,% ICASAPR,PO BOX 366902,SAN JUAN,PR,00936-6902,0000,03,3,1000,201908,1,15,000000000,1,01,202512,0,0,02,0,12,0,0,0,S05,
660921541,IGLESIA CRISTIANA GENESARET INC,,34 AVE E RAMOS ANTONINI,GUAYNABO,PR,00965-5128,0000,03,3,7000,202603,1,15,000000000,1,01,,0,0,02,0,12,,,,X21,
660921599,FUNDACION PERIODISMO SIGLO XXI CORP,% PERIODISMO SIGLO 21 CORP,451 CALLE JOSE A CANALS,SAN JUAN,PR,00918-2724,0000,03,3,3000,202002,1,16,000000000,1,01,202512,0,0,02,0,12,0,0,0,A34,
660921684,SERVICIOS EDUCATIVOS EBENEZER INC,% IRMA I RIVERA RIVERA,JARD DE CASABLANCA,TOA ALTA,PR,00953-0000,0000,03,3,2000,202109,1,16,000000000,1,01,202512,3,4,01,0,12,61542,131656,131656,B90,
660921687,CONGRESSMAN ROBERT GARCIA LEGACY FUND INC,% JANE GARCIA,310 DE DIEGO AVENUE,SAN JUAN,PR,00909-1712,0000,03,3,2000,201911,1,15,000000000,1,01,202312,0,0,02,0,12,0,0,0,B82,
660921700,LRVI FC,% ERIC ORAM,PO BOX 9031,ST THOMAS,VI,00801-2031,0000,03,3,1200,202201,1,16,000000000,1,01,202512,4,5,01,0,12,348642,665568,665568,N64,
660921851,A NEW LIFE MENS CENTER INC,% MICHAEL R BLACKER,HC 1 BOX 10644,COAMO,PR,00769-9714,0000,03,3,7000,201908,1,16,000000000,1,01,202512,3,3,01,0,12,69854,91761,91761,F20,
660921905,CASA DE LOS DEPORTES DE NAGUABO INC,,EXT DIPLO CALLE 16 M33,NAGUABO,PR,00718-0000,0000,03,3,1000,202509,1,16,000000000,1,01,,0,0,02,0,12,,,,N40,
660922699,ENTRE EL PUEBLO,% WILFREDO GUZMAN,PO BOX 207,CHRISTIANSTED,VI,00821-0207,0000,03,3,2000,202105,1,15,000000000,1,01,202412,0,0,02,0,12,0,0,0,B90,
660922778,CREE INC,% JEAN C COLON,25775 CARR 113,QUEBRADILLAS,PR,00678-7323,0000,03,3,1500,202404,1,04,000000000,1,01,202412,4,5,00,1,12,280514,662780,,P32,
660923275,CHANGEMAKER FOUNDATION INC,% MARIELY RIVERA,352 CALLE SAN CLAUDIO STE 1 PMB 250,SAN JUAN,PR,00926-4144,0000,03,3,1000,202006,1,15,000000000,1,01,202312,3,4,01,0,12,28872,168727,168727,W70,CHANGEMAKER FOUNDATION
660923292,VETRANOS COMBATIENTES DE ARROYO INC,% NELSON MELENDZ GONZALEZ,14 CALLE ESPERANZA,ARROYO,PR,00714-0000,0000,19,3,1000,202006,1,00,000000000,1,01,202505,0,0,02,0,05,0,0,0,W30,
660923330,OFICINA DE AREA DE PR,% MERRI HALLOCK,PO BOX 1304,BAYAMON,PR,00960-1304,0000,03,3,1230,202401,1,16,000000000,1,01,202412,3,3,01,0,12,53782,50567,50567,F20,ALCOHOLICOS ANONIMOS DE PR
660923587,FUNDACION PROTECTORA DE LA CATEDRAL METROPOLITANA DE SAN JUAN,,CALLE DEL CRISTO 151,SAN JUAN,PR,00901-1521,0000,03,3,1000,202005,1,03,000000000,1,01,202412,4,2,00,1,12,111162,10960,,X12,
660923658,RESCATISTAS DE RIO PIEDRAS INC,% YAMARIS LUGO,VILLA CARIBE 263,CAGUAS,PR,00725-0000,0000,03,3,2400,202209,1,16,000000000,1,01,202407,0,0,02,0,07,0,0,0,D20,
660923989,ACCION SOCIAL LUTERANA SIN FRONTERAS,,PO BOX 9024118,SAN JUAN,PR,00902-4118,0000,03,3,1000,201906,1,16,000000000,1,01,202312,1,1,02,0,12,1642,3685,3685,P20,
660924040,AURORA ANGEL NETWORK,% ERNESTO E FUENTES,PO BOX 9023596,SAN JUAN,PR,00902-3596,0000,03,3,1000,201906,1,16,000000000,1,01,202512,2,0,02,0,12,21290,0,0,Y12,
660924121,KOREAN FOUNDATION OF PUERTO RICO CORP,% SUYON YI,1052 ASHFORD AVENUE APT 14B,SAN JUAN,PR,00907-1258,0000,03,3,1200,201907,1,15,000000000,1,01,202412,0,0,02,0,12,0,0,0,S20,
660924847,PARCELERAS AFROCARIBENAS POR LA TRANSFORMACION BARRIAL INC,,PO BOX 1321,SAINT JUST,PR,00978-1321,0000,03,3,1000,201908,1,16,000000000,1,01,202412,5,4,01,0,12,844676,451215,451215,K02,
660924902,IN THE ZONE ATHLETIC CLUB INC,% MARK DANIEL,9160 ESTATE THOMAS PMB 226,ST THOMAS,VI,00802-3641,0000,03,3,1200,202405,1,15,000000000,1,01,,0,0,02,0,07,,,,N99,
660925088,PUERTO RICOS INITIATIVE FOR STEM MINDS,,HC 4 BOX 7980,AGUAS BUENAS,PR,00703-8859,0000,03,3,2000,201911,1,15,000000000,1,01,202507,0,0,02,0,07,0,0,0,B80,
660925308,SOY LINO FINO,% ROSA M CEPEDA,72 CALLE BETANCES,CANOVANAS,PR,00729-3296,0000,03,3,2000,202405,1,11,000000000,1,01,202412,0,0,02,0,12,0,0,0,B20,
660925847,CORAL WORLD OCEAN AND REEF INITIATIVE INC,,6450 COKI PT,ST THOMAS,VI,00802-1805,0000,03,3,2000,202004,1,15,000000000,1,01,202409,4,6,01,0,09,134524,1319515,1319515,C05,REEF - USVI
660926772,FUNDACION ALTRUISTA BIENVENIDO DE JESUS INC,% GLORIA E DEJESUS-CORREA,C-26 V-82 URB RIO GRANDE ESTATES,RIO GRANDE ESTATES,PR,00745-0000,0000,03,3,1200,202204,1,15,000000000,1,01,202512,0,0,02,0,12,0,0,0,P20,
660926813,PIRATAS ALIADOS SIRVIENDO EN LA EMERGENCIA-PASE CORP,,357 CALLE LAS CUEVITAS,QUEBRADILLAS,PR,00678-2547,0000,03,3,1260,202007,1,16,000000000,1,01,202412,0,0,02,0,12,0,0,0,M20,
660927287,ESPACIOS ABIERTOS PUERTO RICO INC,% ATAVEYRA MEDINA HERNANDEZ,867 AVE MUNOZ RIVERA STE D101,SAN JUAN,PR,00925-2127,0000,03,3,1200,202006,1,15,000000000,1,01,202412,5,5,01,0,12,668717,720262,720262,W24,
660927477,FUNDACION MIMI,% JESSICA HERNANDEZ SANCHEZ,7 RES HATO GRANDE APT 25,SAN LORENZO,PR,00754-4107,0000,03,3,1400,201912,1,16,000000000,1,01,202512,0,0,02,0,12,0,0,0,D20,
660927690,FEDERACION DE ARTESANOS EN PUERTO RICO,,HC 5 BOX 4840,LAS PIEDRAS,PR,00771-9638,0000,03,3,1000,202411,1,16,000000000,1,01,202512,0,0,02,0,12,0,0,0,A40,
660927716,YS KIM FOUNDATION INC,% CHARLES M KIM,6100 RED HOOK QUARTER 2 SUITE A3-1,ST THOMAS,VI,00802-0000,0000,03,3,1000,202011,1,04,000000000,1,01,202512,8,7,00,1,12,12994856,8612313,,T20,
660928101,INSTITUTO DE TRANSFORMACION SOCIAL DE PR,% DRA NORMA IRIS GARCIA MARTINEZ,PO BOX 2684,RIO GRANDE,PR,00745-2684,0000,03,3,1200,202606,1,16,000000000,1,01,,0,0,02,0,12,,,,P80,
660928241,MOLECULAR SCIENCES RESEARCH CENTER INC,% ANA R GUADALUPE,1390 AVE PONCE DE LEON,SAN JUAN,PR,00926-2613,0000,03,3,2000,202211,1,13,000000000,1,01,202506,7,6,01,0,06,7699668,2534045,2534045,U99,
660928372,LEE CONMIGO INC,% GIANLEE MARQUEZ HERNANDEZ,1353 AVE LUIS VIGOREAUX PMB 810,GUAYNABO,PR,00966-2715,0000,03,3,1000,201912,1,16,000000000,1,01,202412,4,4,01,0,12,481076,491227,491227,O50,
660929143,HOGAR HOMELESS & KITCHEN LAS MERCEDITAS CORP,% MERCEDES APELLANIZ,1-2 BORINQUEN 365,CATANO,PR,00962-0000,0000,03,3,1250,202301,1,15,000000000,1,01,202512,0,0,02,0,12,0,0,0,P85,MERCEDES APELLANIZ
660930067,CENTER FOR EDUCATIONAL GROWTH INC,,PO BOX 1548,FREDERIKSTED,VI,00841-1548,0000,03,3,1200,201909,1,16,000000000,1,01,202412,3,4,01,0,12,79685,161716,161716,B11,
660930210,FUNDACION ANTILLES INC,% MARIA AMELIA RUIZ-GONZALEZ,PO BOX 9023752,SAN JUAN,PR,00902-3752,0000,03,3,1000,202205,1,15,000000000,1,01,202412,4,4,01,0,12,129864,227255,227255,B90,FUNDACION ANTILLES
660930438,FUNDACION PROYECTO VIDA INC,% AURORA BONILLA,21 LOMAS DE CAMPO ALEGRE,HUMACAO,PR,00791-3749,0000,03,3,1200,202209,1,15,000000000,1,01,202512,0,0,02,0,12,0,0,0,S20,
660930628,SLICE OF GOOD CORP,% SALVADOR GOMEZ,APT 1493 CALLE LUCHETTI,SAN JUAN,PR,00907-0000,0000,03,3,1000,201909,1,15,000000000,1,01,202512,2,1,02,0,12,16316,502,502,M20,
660930663,SAHARA PROJECT CORP,% CORNELIUS PRIOR,PO BOX 12030,ST THOMAS,VI,00801-5030,0000,03,3,1000,202005,1,15,000000000,1,01,202412,3,1,02,0,12,50858,32,32,C30,
660931082,SAIPAN CARES FOR ANIMALS CNMI,% ELIZABETH PLISCOU,PO BOX 10001 PMB 1022,SAIPAN,MP,96950-8901,0000,03,3,1000,202505,1,16,000000000,1,01,202412,3,4,01,0,12,48707,166953,166953,D40,
660931154,IGLESIA PRESBITERIANA COMUNION INC,,PO BOX 6617,CAGUAS,PR,00726-6617,0000,03,3,7000,202208,1,10,000000000,1,01,,0,0,06,0,12,,,,X21,IGLESIA COMUNION
660931220,QUEBRADILLAS 100 INC,,357 CALLE LAS CUEVITAS,QUEBRADILLAS,PR,00678-2547,0000,03,3,1260,202006,1,16,000000000,1,01,202412,0,0,02,0,12,0,0,0,A20,
660931262,FUNDACION DE MUJERES EN PUERTO RICO,,PO BOX 361308,SAN JUAN,PR,00936-1308,0000,03,3,1000,201911,1,16,000000000,1,01,202506,6,6,01,0,06,1093703,1045283,1045283,T30,
660931439,RAICES Y ACCION INC,,PO BOX 366252,SAN JUAN,PR,00936-6252,0000,03,3,1200,201912,1,15,000000000,1,01,202506,0,0,02,0,06,0,0,0,B90,
660931736,ESTERILIZA TU CALLE INC,% MARILYN MORALES,511 CALLE MARIA LLOVET,SAN JUAN,PR,00918-3355,0000,03,3,1400,202003,1,16,000000000,1,01,202512,1,3,02,0,12,3836,37099,37099,D20,
660931934,IAVI,% IVETTE CARMONA,P47 CALLE RENO,BAYAMON,PR,00956-4826,0000,03,3,2000,202203,1,16,000000000,1,01,202512,1,1,02,0,12,1415,400,400,P82,
660932394,IGLESIA WESLEYANA DE LEVITTOWN,% BENJAMIN GALARCE SANCHEZ,PO BOX 51454,TOA BAJA,PR,00950-1454,2079,03,9,7200,197005,1,10,601030000,5,01,,0,0,06,0,06,,,,,
660932407,FONDO BECAS ESTUDIANTILES INC,,PO BOX 314,AGUADILLA,PR,00605-0314,0000,03,3,2000,202410,1,16,000000000,1,01,202512,0,0,02,0,12,0,0,0,B82,
660932719,FUNDACION CORAZON ELASTICO INC,% JORGE LATORRE,I35 CALLE SULTANA DEL W,BAYAMON,PR,00959-4948,0000,03,3,1000,202309,1,15,000000000,1,01,202412,3,4,01,0,12,44557,127748,127748,,
660933237,BEJUCO,% ROWAN ST CLAIR,PO BOX 367362,SAN JUAN,PR,00936-7362,0000,03,3,1200,201912,1,16,000000000,1,01,202412,4,4,01,0,12,157338,196822,196822,S20,
660933241,IGLESIA WESLEYANA DE DORADO,% FELIX DE LOS SANTOS MEDRANO,415 CALLE S,DORADO,PR,00646-5011,2079,03,9,7200,197005,1,10,601030000,5,01,,0,0,06,0,06,,,,,
660933243,IGLESIA WESLEYANA DE VEGA ALTA,% VICTOR BARREIRO MAYSONET,HC 46 BOX 5448,DORADO,PR,00646-9612,2079,03,9,7200,197005,1,10,601030000,5,01,,0,0,06,0,06,,,,,
660933244,IGLESIA WESLEYANA DE MARISMILLA,% GUILLERMO PEREZ ZABALETA,PO BOX 537,DORADO,PR,00646-0537,2079,03,9,7200,197005,1,10,601030000,5,01,,0,0,06,0,06,,,,,
660933247,IGLESIA WESLEYANA DE PONCE,% WANDA GUZMAN VERA,2109 CALLE COLORADO,PONCE,PR,00728-1824,2079,03,9,7200,197005,1,10,601030000,5,01,,0,0,06,0,06,,,,,
660933248,IGLESIA WESLEYANA DE HUMACO,% LEONCIO MARTE PERALTA,VILLA HUMACAO H 18 CALLE 6,HUMACO,PR,00791-0000,2079,03,9,7200,197005,1,10,601030000,5,01,,0,0,06,0,06,,,,,
660933250,IGLESIA WESLEYANA DE AGUAS BUENAS,% ROBERTO BAEZ GOMEZ,PO BOX 934,AGUAS BUENAS,PR,00703-0934,2079,03,9,7200,197005,1,10,601030000,5,01,,0,0,06,0,06,,,,,
660933288,RIO DE VIDA INTERNACIONAL,,HUMACAO,PUERTO RICO,,00000-0000,0000,03,3,7000,202105,1,10,000000000,1,01,,0,0,06,0,12,,,,X20,
660933383,LEADERS BRANCH,% KENDRA ROACH,PO BOX 12056,ST THOMAS,VI,00801-5056,0000,03,3,1200,202102,1,03,000000000,1,01,202412,4,4,00,1,12,117119,130000,,T20,
660933451,ORGANIZACION SOLIDARIDAD HUMANITARIA INC,% LUCIA SANTANA BENITEZ,PO BOX 11723,SAN JUAN,PR,00922-1723,0000,03,3,1000,202111,1,16,000000000,1,01,202512,0,0,02,0,12,0,0,0,P20,
660933524,SEAT INNOVATION AND ENTREPRENEURSHIP CENTER INC,% JENNIFER M SEQUEIRA,5093 DRONNINGENS GADE STE 5,ST THOMAS,VI,00802-6828,0000,03,3,2000,202005,1,15,000000000,1,01,202512,3,3,01,0,12,37245,63981,63981,S43,
660933627,FUNDACION GOOD BUNNY INC,% BENITO MARTINEZ,PO BOX 8570,SAN JUAN,PR,00910-0570,0000,03,3,1000,202105,1,04,000000000,1,01,202412,5,6,00,1,12,551173,1640894,,T99,
660933674,OHALA ADOPTIONS INCORPORATED,,122 CONCEPTION RD,BARRIGADA,GU,96913-1363,0000,03,3,1000,202010,1,16,000000000,1,01,202312,0,0,02,0,12,0,0,0,,
660933692,USVI EQUESTRIAN EQUINE THERAPY PROJECT INC,% CAROLYN SMITH,PO BOX 538,CHARLOTTE AMA,VI,00804-0538,0000,03,3,2000,202301,1,16,000000000,1,01,202312,0,0,02,0,12,0,0,0,D20,
660934382,CARIBBEAN VOLUNTEER SERVICES,% LAURIE CHRISTIAN,FREDERIKSTED VIRGIN ISLANDS 00841,BRITISH VIRGIN ISLANDS,,00000-0000,0000,03,3,1000,202011,1,16,000000000,1,01,202412,0,0,02,0,12,0,0,0,F99,
660934520,ASOCIACION DE RESEDENTES VILLAS DE ORO CAGUAS PR INC,% JOSE VARGAS,HC 7 BOX 34199,CAGUAS,PR,00727-9365,0000,03,3,1000,202006,1,16,000000000,1,01,202512,2,3,02,0,12,15669,27189,27189,W80,
660934587,INSTITUTO DE LIBERTAD ECONOMICA PARA PUERTO RICO INC,% JORGE L RODRIGUEZ,PO BOX 363232,SAN JUAN,PR,00936-3232,0000,03,3,1000,202006,1,15,000000000,1,01,202412,4,4,01,0,12,214876,365317,365317,P20,
660935887,PUERTO RICO RUGBY FOOTBALL UNION,% RUGBY PUERTO RICO,PO BOX 363192,SAN JUAN,PR,00936-3192,0000,03,3,1000,202205,1,16,000000000,1,01,202512,0,0,02,0,12,0,0,0,N60,RUGBY PUERTO RICO
660935960,ACADEMIA VIEQUES TENIS INC,,E52 CALLE PROGRESO,VIEQUES,PR,00765-0000,0000,03,3,2000,202509,1,16,000000000,1,01,,0,0,02,0,12,,,,N66,
660936261,SISTER AS AGENTS OF CHANGE INC,,PO BOX 302292,ST THOMAS,VI,00803-2292,0000,03,3,1000,202110,1,15,000000000,1,01,202512,0,0,02,0,12,0,0,0,P99,
660936262,COORDINADORA MORIVIVI INC,% RAMFIS J PEREZ,PO BOX 361329,SAN JUAN,PR,00936-1329,0000,03,3,1000,202405,1,15,000000000,1,01,202512,4,5,01,0,12,115322,903218,903218,P20,MORIVIVI
660936327,FUNDACION SALUD COMUNITARIA GCP INC,% GUILLERMINA CASTRO,1530 AVE EDUARDO RUBERTE,PONCE,PR,00716-0604,0000,03,3,2000,202202,1,15,000000000,1,01,202512,0,0,02,0,12,0,0,0,E11,
660936558,RED DE RADIOCOMUNICACIONES PARA EMERGENCIAS EN ARECIBO INC,% WIGBERTO RIVERA,PO BOX 230,BAJADERO,PR,00616-0230,0000,03,3,1000,202108,1,15,000000000,1,01,202507,0,0,02,0,07,0,0,0,M20,
660937173,NATURES EDUCATIONAL LABORATORY OF AMERICAN SAMOA INC,% NATASHA TUATOO-BARTLEY,PO BOX 1254,PAGO PAGO,AS,96799-1254,0000,03,3,1200,202012,1,15,000000000,1,01,202512,0,0,02,0,12,0,0,0,C60,
660937286,COOPERATIVA DE DEPORTES,,PO BOX 10427,PONCE,PR,00732-0427,0000,03,3,1200,202603,1,16,000000000,1,01,202512,0,0,02,0,12,0,0,0,B90,
660937678,FUNDACION RIMAS INC,,644 AVE FERNANDEZ JUNCOS,SAN JUAN,PR,00907-3103,0000,03,3,1200,202209,1,15,000000000,1,01,202412,4,6,01,0,12,427038,1067950,1067950,P20,
660938154,HOSPITAL MENONITA HUMACAO INC,,PO BOX 8630,HUMACAO,PR,00792-8630,0000,03,3,1200,202209,1,12,000000000,1,01,202503,9,9,01,0,03,86860298,106596306,63231553,E20,
660938334,COMMUNITY BUILDERS INC,% RICHARD BRINEGAR,1479 AVE ASHFORD 420,SAN JUAN,PR,00907-0000,0000,03,3,1000,202001,1,16,000000000,1,01,202512,4,4,01,0,12,107679,112547,112547,C50,
660938533,ILLUMINATED LIFE SCHOOL INC,,954 AVE PONCE DE LEON PMB 10389 20,SAN JUAN,PR,00907-0000,0000,03,3,2000,202004,1,15,000000000,1,01,202512,4,3,01,0,12,214432,80500,80500,B02,
660938550,MATUA LODGE 272,,PO BOX 290167,YIGO,GU,96929-3032,0000,03,3,1000,202012,1,15,000000000,5,01,202512,0,0,02,0,12,0,0,0,Z99,
660938647,PINCELADAS EN ORO INC,% JORGE L TORRES,HC 1 BOX 5280,OROCOVIS,PR,00720-9221,0000,03,3,1000,202104,1,04,000000000,1,01,202512,1,2,00,1,12,422,16725,,A20,
660938848,FIDEICOMISO DE TIERRAS COMUNITARIAS PARA LA AGRICULTURA SOSTENIBLE,% LUISA ROSADO,PO BOX 193641,SAN JUAN,PR,00919-3641,0000,03,3,1200,202002,1,15,000000000,2,01,202412,4,4,01,0,12,456127,219644,219644,K25,
660939050,GLOBAL RESPONSE GROUP,% JUAN DONIS,327 CALLE RAFAEL CEPEDA,SAN JUAN,PR,00915-2323,0000,03,3,1256,202002,1,16,000000000,1,01,202312,0,0,02,0,12,0,0,0,M99,PMS
660939459,WOMEN IN AVIATION INTERNATIONAL GUAM CHAPTER,% PEARLA CORDERO,192 CHALAN PRENSEPAT,DEDEDO,GU,96929-5738,0000,03,3,1200,202002,1,16,000000000,5,01,202309,0,0,02,0,09,0,0,0,B99,
660939965,FIELDS OF JOY FOUNDATION INC,% CARLOS COBIAN,PMB 140 1357 ASHFORD AVE,SAN JUAN,PR,00907-1400,0000,03,3,2000,202006,1,15,000000000,1,01,202412,4,4,01,0,12,181157,336857,336857,B80,
660940068,PEOPLE ART FOUNDATION CORPORATION,% HECTOR M PERALES ALLENDE,MF37 AVE LAS BAHIAS,CATANO,PR,00962-6749,0000,03,3,2000,202402,1,15,000000000,1,01,202512,0,0,02,0,12,0,0,0,A20,
660940686,PITON VIPERS INC,,PO BOX 2642,FREDERIKSTED,VI,00841-2642,0000,03,3,1000,202409,1,15,000000000,1,01,,0,0,02,0,12,,,,N99,
660940904,PUERTO RICO DREAM CENTER INC,,PO BOX 2268,BAYAMON,PR,00960-2268,0000,03,3,1250,202312,1,15,000000000,1,01,202512,0,0,02,0,12,0,0,0,P40,
660941565,VIRGIN ISLANDS SOFTBALL FEDERATION INC,% ELROY HILL,PO BOX 683,ST JOHN,VI,00831-0683,0000,03,3,1000,202402,1,04,000000000,1,01,202412,3,4,00,1,12,33907,149401,,N63,
660941633,COMMON PATH,% EDDIE AGUIAR,401 AVE AMERICO MIRANDA APT 1009B,SAN JUAN,PR,00927-4675,0000,03,3,1230,202104,1,15,000000000,1,01,202512,0,0,02,0,12,0,0,0,A31,
660941662,EL LOBI INC,,621 CALLE ERNESTO CERRA LOCAL 1A,SAN JUAN,PR,00907-0000,0000,03,3,1200,202401,1,15,000000000,1,01,202512,0,0,02,0,12,0,0,0,A40,EL LOBI
660941792,CABO ROJO BLOOMING ECONOMIES INC,% LUIS MERCADO LUGO,106 URB SAN ANTONIO F4,SABANA GRANDE,PR,00637-0000,0000,03,3,1000,202007,1,15,000000000,1,01,202412,3,4,01,0,12,26362,111276,111276,P20,
660941864,MADRE FAJONA,,EL CONQUISTADOR H61 CALLE,TRUJILLO ALTO,PR,00976-0000,0000,03,3,1240,202309,1,15,000000000,1,01,202403,0,0,02,0,03,0,0,0,B90,
660942064,RUFF START STX INC,% KATIE NELSON,625 SRAND STREET SUITE 1,FREDERIKSTED,VI,00840-0000,0000,03,3,4000,202006,1,15,000000000,1,01,202412,4,5,01,0,12,468133,539945,539945,D20,
660942233,GUAM CONSERVATORY OF ARTS INC,% EUGENE BORDALLO,PO BOX 8959,TAMUNING,GU,96931-8959,0000,03,3,1000,202402,1,15,000000000,1,01,202512,4,4,01,0,12,470867,196897,196897,A6E,GUAM CONSERVATORY
660943464,ENVIROLE INC,% VANESSA LUGO,3092 AVE EMILIO FAGOT,PONCE,PR,00716-4117,0000,03,3,1000,202006,1,16,000000000,1,01,202312,0,0,02,0,12,0,0,0,B05,
660943479,LIGA DE CIUDADES DE PUERTO RICO,,1404 CALLE SALVADOR PRATTS,SAN JUAN,PR,00907-3025,0000,03,3,1000,202111,1,15,000000000,1,01,202412,4,6,01,0,12,244147,1591823,1591823,S01,LA LIGA
660943858,CENTRO DE ECONOMIA CREATIVA INC,% JAVIER HERNANDEZ ACOSTA,PO BOX 13041,SAN JUAN,PR,00908-3041,0000,03,3,1000,202009,1,16,000000000,1,01,202412,7,6,01,0,12,5058257,4110134,4110134,S02,
660944027,1 LOVE SATO ADOPTIONS INC,,642 CALLE GOLFO DE ALASKA,DORADO,PR,00646-4522,0000,03,3,1250,202006,1,16,000000000,1,01,202312,0,0,02,0,12,0,0,0,D20,
660944054,MINISTERIO MANOS DE AMOR INC,,828 AVE HOSTOS STE 102,MAYAGUEZ,PR,00682-1536,0000,03,3,1200,202502,1,16,000000000,1,01,202512,0,0,02,0,12,0,0,0,B60,
660944480,CHRISTOPHER JAMES FOEOLETINI LEDOUX FOUNDATION,% TRUDE LEDOUX-SUNIA,2108 PAGO PAGO ROAD,PAGO PAGO,AS,96799-0000,0000,03,3,1000,202006,1,16,000000000,1,01,202412,0,0,02,0,12,0,0,0,E01,FOEOLETINI FOUNDATION
660944530,VINE AND BRANCHES CHRISTIAN MINISTRIES INC,,PO BOX 5043,AGUADILLA,PR,00605-5043,0000,03,3,1700,202103,1,15,000000000,1,01,202412,0,0,02,0,12,0,0,0,X20,
660944688,ST THOMAS YACHT CLUB FOUNDATION,,6224 ESTATE NAZARETH,CHARLOTTE AMA,VI,00802-1104,0000,03,3,1200,202004,1,16,000000000,1,01,202412,0,0,02,0,12,0,0,0,N50,
660944996,RUTA ARTESANAL BORICUA INC,% JOHANNA ROCIO DEL MAR FLORES,200 ST 535 APT 614,CAROLINA,PR,00985-0000,0000,03,3,1200,202106,1,16,000000000,1,01,202512,0,0,02,0,12,0,0,0,A23,
660945045,DISABLED AMERICAN VETERANS,% EDGARDO VEGA,PO BOX 3221,GUAYAMA,PR,00785-3221,0557,04,9,1000,194201,1,00,000000000,1,01,202512,0,0,02,0,12,0,0,0,P50,23 CIRIACO MADERA PVT
660945140,PROYECTO GIRASOL CAMINA RESPIRA VIVE INC,% ANA H VELAZQUEZ-DELGADO,HC 2 BOX 31070,CAGUAS,PR,00727-9496,0000,03,3,1000,202205,1,15,000000000,1,01,202512,0,0,02,0,12,0,0,0,P20,
660945403,ANGELS KING HOUSE ASSISTANCE INC,% ANGELES SANTONI CRUZ,COND GRANADA APT 10A,SAN JUAN,PR,00917-2420,0000,03,3,1200,202201,1,16,000000000,1,01,202512,1,1,02,0,12,2188,9000,9000,P20,AKHA
660945483,PLAZA DE SERVICIOS INC,% NILSA LOPEZ RIVERA,PO BOX 2824,ARECIBO,PR,00613-2824,0000,03,3,1000,202304,1,16,000000000,1,01,202506,0,0,02,0,06,0,0,0,S20,
660945565,MARIANAS ALLIANCE OF NON-GOVERNMENTAL ORGANIZATIONS,% EMMA PEREZ,PO BOX 500631,SAIPAN,MP,96950-0631,0000,03,3,1000,202107,1,15,000000000,1,01,202412,4,4,01,0,12,200260,167421,167421,P20,MANGO CNMI
660945845,PROYECTO PLENITUD INC,,HM 13 C VICTORIANO JUAREZ LEVITTOWN,TOA BAJA,PR,00949-0000,0000,03,3,1000,202409,1,15,000000000,1,01,202512,2,2,02,0,12,23702,10307,10307,P81,
660945943,AMERICAN HARP SOCIETY,% ELISA TORRES,61 CALLE NOGAL,TOA ALTA,PR,00953-3725,3037,03,9,2000,197704,1,15,059119000,5,01,202508,0,0,02,0,08,0,0,0,,PUERTO RICO CHAPTER
660945975,LEGAL PRODUCT CORPORATION,% LCDO EMMANUEL VAZQUEZ,2920 PONCE BY PASS SUITE 201,PONCE,PR,00728-0000,0000,03,3,2000,202006,1,16,000000000,1,01,202412,0,0,02,0,12,0,0,0,B02,
660946578,ID SHALIAH INC,% FRANCISCO J VALEDON,HC 4 BOX 8600,CANOVANAS,PR,00729-9918,0000,03,3,1000,202103,1,15,000000000,1,01,202512,0,0,02,0,12,0,0,0,W99,
660946705,ALIGN COMMUNITY,,CHRISTIANSTED 00821,BRITISH VIRGIN ISLANDS,,00000-0000,0000,03,3,1200,202304,1,16,000000000,1,01,202412,3,4,01,0,12,74433,284276,284276,T31,
660946744,CASA VEGANA LLC,,1500 CALLE ESPERANZA,SAN JUAN,PR,00920-4741,0000,03,3,1000,202412,1,15,000000000,1,01,202412,2,3,02,0,12,21472,46679,46679,K30,
660946865,JOEY SOTO MINISTRY CORPORATION,% JOSE F SOTO,PO BOX 981,ISABELA,PR,00662-0981,0000,03,3,1700,202407,1,16,000000000,1,01,202512,0,0,02,0,12,0,0,0,X20,
660947211,ALIANZA ESTRATEGICA PARA LA INNOVACION SOCIO EDUCATIVO COPR,% LUCY I TORRES,1100 CALLE CARMEN BUZELLO,SAN JUAN,PR,00924-2429,0000,03,3,1000,202108,1,16,000000000,1,01,202512,1,1,02,0,12,6966,3500,3500,A20,
660947860,INSTITUTO DE FORMACION IGNACIANA INC,% JUAN D BERRIOS,297 CALLE SALERNO,SAN JUAN,PR,00921-4314,0000,03,3,2700,202602,1,16,000000000,1,01,,0,0,02,0,12,,,,X20,
660947887,ABRACADABRA SUCCESS ACADEMY,,PO BOX 303576,CHARLOTTE AMA,VI,00803-3576,0000,03,3,1200,202102,1,16,000000000,1,01,202412,0,0,02,0,12,0,0,0,O50,
660948170,CIENCIA EN TUS MANOS INC,% MARCOS JAVIER RAMOS BENITEZ,C23 CALLE 1,CEIBA,PR,00735-3163,0000,03,3,8000,202112,1,16,000000000,1,01,202512,0,0,02,0,12,0,0,0,U20,
660948185,FUNDACION SEMILLAS DE ESPERANZA,% SHARON J RIVERA -RUIZ,73908 CALLE GUARAGUAO,ISABELA,PR,00662-4646,0000,03,3,1700,202602,1,15,000000000,1,01,202512,0,0,02,0,12,0,0,0,P20,
660948377,UNIVERSIDAD TEOLOGICA ECHAM,% DANNY SANTIAGO TORRES,PO BOX 43002 PMB 417,RIO GRANDE,PR,00745-6601,0000,03,3,2000,202507,1,11,000000000,1,01,202512,4,4,01,0,12,252975,161950,161950,X99,
660948433,APOYO LEGAL AL EMPRENDIMIENTO COMUNITARIO INC,% RICARDO DIAZ-SOTO ESQ,PO BOX 2000,CAGUAS,PR,00726-2000,0000,03,3,1000,202007,1,16,000000000,1,01,202412,4,6,01,0,12,326369,1582974,1582974,I80,ALECI
660948519,INCUBADORA DE PEQUENAS EMPRESAS DE CANOVANAS INC,% CHARLIE SERRANO JIMENEZ,1225 AVENIDA PONCE DE LEON,SAN JUAN,PR,00907-3907,0000,03,3,1000,202009,1,15,000000000,1,01,202312,0,0,02,0,12,0,0,0,S31,CENTRO TECNOLOGICO DE VIVIENDA SOST
660948699,GUAM BEEKEEPERS ASSOCIATION,% CNAS OLYMPIA TERRAL,111 E SUNSET BLVD,BARRIGADA,GU,96913-1535,0000,03,3,2000,202105,1,16,000000000,1,01,202512,0,0,02,0,12,0,0,0,,
660948777,RUTA CRITICA INC,,120 CAMINO DE LAS BROMELIAS,GURABO,PR,00778-5221,0000,03,3,1200,202106,1,16,000000000,1,01,202512,0,0,02,0,12,0,0,0,B99,
660948823,GAUDIUM ET SPES,% RAUL VIDAL,53 CALLE PALMERAS STE 601,SAN JUAN,PR,00901-2410,0000,03,3,1000,202012,1,15,000000000,1,01,202412,6,6,01,0,12,1110354,1693193,1693193,T12,
660948903,GO LEAD FOUNDATION INC,% WANDA G MIRANDA,URB TINTILLO GARDENS B19 CALLE 1,GUAYNABO,PR,00966-0000,0000,03,3,1000,202008,1,16,000000000,1,01,202512,0,0,02,0,12,0,0,0,S03,
660949358,BORINQUEN ASC,,81 HOOK RD,AGUADILLA,PR,00603-1242,0000,03,3,1200,202007,1,16,000000000,5,01,202405,0,0,02,0,05,0,0,0,W12,
660950345,IGLESIA FUENTE DE LUZ INC,% PMB 726,PO BOX 1810 PMB 726,MAYAGUEZ,PR,00681-1810,0000,03,3,7000,202207,1,10,000000000,1,01,,0,0,06,0,12,,,,X20,IGLESIA FUENTE DE LUZ
660950770,GIVING INC,,PO BOX 277,MAYAGUEZ,PR,00681-0277,0000,03,3,1500,202103,1,16,000000000,1,01,202512,0,0,02,0,12,0,0,0,T50,
660950990,WOMEN IN AVIATION INTERNATIONAL,% CARINYD J ESCUDERO MELENDEZ,OO33 CLL MONTE SANTO,MANATI,PR,00674-0000,4259,03,9,1000,200312,1,16,000000000,1,01,202509,0,0,02,0,09,0,0,0,B99,PUERTO RICO CHAPTER
660951239,VINCULO ANIMAL PR,% SAHIR PUJOLS,D30 CALLE CAOBA,TOA BAJA,PR,00949-4417,0000,03,3,1238,202309,1,15,000000000,1,01,202512,0,0,02,0,12,0,0,0,D01,
660951499,LOP ENTERTAINMENT INC,,PO BOX 303583,CHARLOTTE AMA,VI,00803-3583,0000,03,3,1200,202111,1,16,000000000,5,01,202404,0,0,02,0,04,0,0,0,N50,
660951536,CONSORCIO DE SALUD Y BIENESTAR DE PUERTO RICO CORP,% KATHIA MERCADO,URB SANTA CRUZ B7 CALLE SANTA CRUZ,BAYAMON,PR,00960-0000,0000,03,3,1000,202406,4,15,000000000,1,01,202512,0,0,02,0,12,0,0,0,P20,
660951798,RA12 INC,,PO BOX 801469,COTO LAUREL,PR,00780-1469,0000,03,3,1000,202401,1,16,000000000,1,01,202412,0,0,02,0,12,0,0,0,N63,
660951963,ST CLAIR INSTITUTE INC,% JESSICA WHYTE,9150 ESTATE THOMAS STE 210,ST THOMAS,VI,00802-2400,0000,03,3,1000,202311,1,15,000000000,1,01,202512,0,0,02,0,12,0,0,0,F32,
660952111,FLOATING COCONUTS OUTRIGGER CANOE CLUB,% FLOATING COCONUTS OCC,PAGO PAGO 96799,AUSTRALIA,,00000-0000,0000,03,3,1000,202010,1,16,000000000,5,01,202412,0,0,02,0,12,0,0,0,N60,
660952486,VIRGIN ISLANDS MARTIAL ARTS DEVELOPMENT ASSOCIATION INC,% JERRY OTTO,9800 BUCCANEER MALL STE 6 # 2,ST THOMAS,VI,00802-2409,0000,03,3,1000,202310,1,15,000000000,1,01,202512,1,1,02,0,12,1282,4085,4085,N99,
660952571,SAELUA MEDICAL CORPORATION,% JILLA PIROOZMANDI,PO BOX 5799,PAGO PAGO,AS,96799-5799,0000,03,3,1200,202106,1,12,000000000,1,01,202512,0,0,02,0,12,0,0,0,E30,
660953218,ASOCIACION DE RESIDENTES DE LA MARGARITA,% WANDA RIOS,D 2 CALLE C URB LA MARGARITA,SALINAS,PR,00751-0000,0000,03,3,1000,202112,1,15,000000000,1,01,202512,4,4,01,0,12,223310,279965,279965,S22,
660953894,PRAVAN FOUNDATION INC,,1511 AVENIDA PONCE DE LEON SUITE 3,SAN JUAN,PR,00909-5001,0000,03,3,2000,202311,1,15,000000000,1,01,202412,4,4,01,0,12,122765,126602,125261,F80,
660954435,PACIFIC ROOTS OPEN MIC,% TRACI POROTESANO,PO BOX 3682,PAGO PAGO,AS,96799-3682,0000,03,3,1230,202503,1,15,000000000,1,01,,0,0,02,0,09,,,,O50,
660954707,SAILVI INC,% SCOT MCCHAIN,5030 ANCHOR WAY STE 13,CHRISTIANSTED,VI,00820-4692,0000,03,3,2000,202212,1,16,000000000,1,01,202412,2,1,02,0,12,22481,961,961,O50,
660954841,ROLL OUT PTSD,% MICHAEL LEDFORD,PO BOX 1913,AGUADILLA,PR,00605-1913,0000,03,3,1000,202206,1,15,000000000,1,01,202601,0,0,02,0,01,0,0,0,P20,
660955190,PINONES APRENDE Y EMPRENDE CORP,% TANISHA D GASPAR CLEMENTE,HC 2 BOX 7553,LOIZA,PR,00772-9656,0000,03,3,2000,202303,1,16,000000000,1,01,202412,0,0,02,0,12,0,0,0,B90,
660955673,FUND PASOS DE ORO INC,% FUND PASOS DE ORO INC,HC 2 BOX 8817,OROCOVIS,PR,00720-9488,0000,03,3,1000,202111,1,16,000000000,1,01,202512,0,0,02,0,12,0,0,0,W99,
660955750,BROWNIE BLONDIE RESCUE HOSPITAL INC,,PO BOX 1134,CAGUAS,PR,00726-1134,0000,03,3,1400,202404,1,16,000000000,1,01,202412,0,0,02,0,12,0,0,0,D40,
660956354,PERCEPTION RESTORATION FOUNDATION INC,% MICHAEL SOBECK,1311 AVE PONCE DE LEON,SAN JUAN,PR,00907-4037,0000,03,3,1000,202104,1,15,000000000,1,01,202512,1,1,02,0,12,158,670,670,H80,
660957456,PRECISION MEDICINE FOUNDATION INC,% YARIBED RODRIGUEZ,CARR 809 KM 5 2 BO CEDRO ARRIBA,NARANJITO,PR,00719-0000,0000,03,3,1280,202206,1,15,000000000,1,01,202512,0,0,02,0,12,0,0,0,E60,
660957649,YTEENS VI INC,% DONNALIE EDWARDS-CABEY,PO BOX 83,ST THOMAS,VI,00804-0083,0000,03,3,1000,202309,1,15,000000000,1,01,202512,2,2,02,0,12,21892,10877,10877,O50,
660957969,PARTNERS FOR STRINGS,% PARTNERS FOR STRINGS INC,PO BOX 304574,ST THOMAS,VI,00803-4574,0000,03,3,1237,202103,1,16,000000000,1,01,202412,1,3,01,0,12,6618,51825,51825,A69,
660958008,OHALA FOUNDATION,% PHILLIP T LONG,PO BOX 520800,TINIAN,MP,96952-0800,0000,03,3,1000,202101,1,16,000000000,1,01,202512,0,0,02,0,12,0,0,0,K31,
660958021,SCIENTIFIC DEVELOPMENT INSTITUTE OF PUERTO RICO,% JULIO CAY,52 CALLE HATILLO,SAN JUAN,PR,00918-4422,0000,03,3,2800,202202,1,16,000000000,1,01,202512,0,0,02,0,12,0,0,0,A03,
660958238,SAFE CHILD COALITION INC,% MARGARITA TORRES MILLAN,PO BOX 13162,SAN JUAN,PR,00908-3162,0000,03,3,1200,202104,1,16,000000000,1,01,202512,4,4,01,0,12,189093,106705,106705,I73,
660958595,CENTRO INTEGRAL DE LACTANCIA CORPORATION,,RR 2 BOX 3357,TOA ALTA,PR,00953-8963,0000,03,3,1000,202311,1,15,000000000,1,01,202512,0,0,02,0,12,0,0,0,P20,
660958600,LEVANTANDO DOT ORG INC,% JENNIFER MORROW,295 PALMAS INN WAY STE 104 PMB 191,HUMACAO,PR,00791-6257,0000,03,3,1000,202512,1,15,000000000,1,01,202512,4,3,01,0,12,106033,63155,61577,K20,LEVANTANDO DOT ORG
660959511,PUERTO RICO 5G ZONE INC,% GAIL NOLAN,1225 AVENIDA PONCE DE LEON PH780,SAN JUAN,PR,00907-3907,0000,03,3,8000,202503,1,16,000000000,1,01,202412,0,0,02,0,12,0,0,0,U40,
660959648,CONEXION DE VIDA INTERNACIONAL INC,,VILLAS DE CAMBALACHE 138 CASA M-24,RIO GRANDE,PR,00745-0000,0000,03,3,7000,202110,1,10,000000000,1,01,202412,0,0,06,0,12,0,0,0,X20,
660959663,FLADEMPUR CORPORACION,% ILEANA S LATORRE RODRIGUEZ,251 CALLE SAN JUSTO APT 2A,SAN JUAN,PR,00901-1971,0000,03,3,1200,202506,1,16,000000000,1,01,202512,0,0,02,0,12,0,0,0,B03,
660959763,ANGELES DEL CENTRO INC,% ANGELES DEL CENTRO INC,CARR 558 KM 1 INT,BARRANQUITAS,PR,00794-0000,0000,03,3,1000,202108,1,16,000000000,1,01,202512,0,0,02,0,12,0,0,0,W99,
660959962,LION HAVEN ST CROIX COMMUNITY CENTER INC,% JUSTIN SMITH,3104 ESTATE ORANGE GRV,CHRISTIANSTED,VI,00820-4303,0000,03,3,2000,202104,1,15,000000000,1,01,202512,0,0,02,0,12,0,0,0,B90,
660960067,ST CROIX EDUCATIONAL ADMINISTRATORS ASSOCIATION INC,% RODNEY MOOREHEAD,2D LA GRANDE PRINCESS,CHRISTIANSTED,VI,00820-0000,0000,03,3,1200,202101,1,16,000000000,1,01,202412,2,3,01,0,12,22377,68007,68007,B90,
660960349,TASI TO TABLE INCORPORATED,% WAYNOLD PANGELINAN,PO BOX 10005 PMB 1541,SAIPAN,MP,96950-8905,0000,03,3,1200,202107,1,16,000000000,1,01,202412,2,3,02,0,12,21556,42394,42394,B11,
660960465,VIRGIN ISLANDS DIABETES CENTER OF EXCELLENCE INC,% JULIA SHEEN,4100 SION FARM SHOPPING CENTER STE,CHRISTIANSTED,VI,00820-0000,0000,03,3,2000,202409,1,15,000000000,1,01,202412,6,5,01,0,12,1667768,541276,541276,E32,
660960546,TIBERIADES INC,,2216 CALLE IGUALDAD,PONCE,PR,00717-2316,0000,03,3,1000,202201,1,15,000000000,1,01,202512,0,0,02,0,12,0,0,0,P20,
660960695,SAVE A FRIEND PR,% MARLA FARREN,PO BOX 1452,LUQUILLO,PR,00773-1452,0000,03,3,1400,202102,1,16,000000000,1,01,202412,3,3,02,0,12,34431,72893,0,D20,
660960867,ENGINE-4 FOUNDATION,% JOSE TORRES,PO BOX 1406,BAYAMON,PR,00960-1406,0000,03,3,8000,202306,1,16,000000000,1,01,202512,2,1,02,0,12,13433,5,5,U40,ENGINE-4 FOUNDATION
660960997,SOCIEDAD PUERTORRIQUENA DE HISTORIA DE LA FARMACIA INC,% LCDA GLADYS MONTANEZ,COND PLAZA INMACULADA II APT 808,SAN JUAN,PR,00908-0000,0000,03,3,1200,202303,1,15,000000000,1,01,202512,0,0,02,0,12,0,0,0,A80,
660961165,CASA TEREQUES,% BELISA L ALVAREZ SANCHEZ,2060 CALLE LOIZA,SAN JUAN,PR,00911-1738,0000,03,3,1000,202103,1,16,000000000,1,01,202506,0,0,02,0,06,0,0,0,S20,
660961266,LAURIES LEGACY INC,% ELMA V BRATHWAITE,PO BOX 302902,ST THOMAS,VI,00803-2902,0000,03,3,1000,202410,1,15,000000000,1,01,,0,0,02,0,12,,,,G30,
660961410,HEALTH CARE INTEGRATED PROGRAM SERVICES INC,,PO BOX 220,HUMACAO,PR,00792-0220,0000,03,3,1200,202305,1,12,000000000,1,01,202412,6,7,01,0,12,1992641,5436353,5436353,E30,
660961549,IGC USVI FOUNDATION INC,% PAUL TALBERT,4605 TUTU PARK MALL STE 133 PMB 429,ST THOMAS,VI,00802-2005,0000,03,3,1200,202104,1,03,000000000,1,01,202511,1,1,00,1,11,1260,7600,,T23,
660961685,COCO PUERTO RICO INC,,64 AVE JUAN HERNANDEZ ORTIZ,ISABELA,PR,00662-0000,0000,03,3,1000,202107,1,16,000000000,1,01,202512,3,3,01,0,12,52828,89612,89612,A20,COCOPR
660962172,VI CRAWL INC,% KHALARNI RIVERS,PO BOX 308473,ST THOMAS,VI,00803-8473,0000,03,3,1230,202310,1,16,000000000,1,01,202512,0,0,02,0,12,0,0,0,B03,
660962253,FUNDACION LA MOTITA BLANCA INC,% FRANK W VELEZ,107 ESTANCIAS DE SANTA MARIA,MANATI,PR,00674-4267,0000,03,3,1700,202104,1,16,000000000,1,01,202512,0,0,02,0,12,0,0,0,X20,
660962378,PETERS SONS INC,% SYLVIA VILLAFANE,726 CALLE HOARE,SAN JUAN,PR,00907-4404,0000,03,3,1000,202208,1,15,000000000,1,01,202512,0,0,02,0,12,0,0,0,A99,
660962486,FUNDACION SALUDABLES PUERTO RICO,,5859 AVE ISLA VERDE APT 1805-2,CAROLINA,PR,00979-0000,0000,03,3,1000,202311,1,04,000000000,1,01,,0,0,00,1,06,,,,T21,
660962549,NUTRIENDO PR INC,,1413 AVENIDA PONCE DE LEON STE 301,SAN JUAN,PR,00907-4023,0000,03,3,1000,202407,1,16,000000000,1,01,202512,6,4,01,0,12,4922481,242464,238275,K99,
660962664,CENTRO MADRE TERESA DE CALCUTA INC,% MARINY VASQUEZ MALDONADO,PO BOX 665,NAGUABO,PR,00718-0665,0000,03,3,1000,202406,1,15,000000000,1,01,202412,2,3,01,0,12,13090,93203,93203,K30,
660962696,KIDS 4 GREEN CULEBRA INC,% MITZY PEREZ MORALES,PO BOX 500,CULEBRA,PR,00775-0500,0000,03,3,1200,202203,1,15,000000000,1,01,202512,0,0,02,0,12,0,0,0,P20,
660962726,AMAS HOUSING DEVELOPMENT AND REHABILITATION SERVICES,,204 ENTRE RIOS VILLA ENRAMADA,TRUJILLO ALTO,PR,00976-0000,0000,03,3,1000,202403,1,15,000000000,1,01,202512,0,0,02,0,12,0,0,0,L24,
660963647,PLATFORM FOR SOCIAL IMPACT,% JOSE GUADALUPE OR EDUARDO CARRERA,1666 AVE PONCE DE LEON,SAN JUAN,PR,00909-1865,0000,03,3,1000,202109,1,15,000000000,1,01,202506,7,6,01,0,06,6470509,2375069,2375069,S31,
660964257,MISION DE VIDA LIFE MISSION CORP,% ROSSANA LOPEZ,PO BOX 262165,SAN JUAN,PR,00926-2653,0000,03,3,1000,202104,1,15,000000000,1,01,202512,0,0,02,0,12,0,0,0,P75,
660964285,BILL ME FOUNDATION INC,,PO BOX 800965,COTO LAUREL,PR,00780-0965,0000,03,3,1000,202207,1,15,000000000,1,01,202512,0,0,02,0,12,0,0,0,E80,
660965517,CENTRO DE CONSERVACION Y RESTAURACION DE PUERTO RICO INC,% HECTOR BERDECIA HERNANDEZ,PO BOX 79195,CAROLINA,PR,00984-9195,0000,03,3,1200,202307,1,15,000000000,1,01,202506,5,5,01,0,06,508262,645039,645039,A40,
660965933,MIRACLE OF PRAISE AG,% MARCY FAASIU TUIFATU,982419 LEONE ROAD,PAGO PAGO,AS,96799-0000,0000,03,3,7000,202510,1,16,000000000,1,01,,0,0,02,0,12,,,,X20,
660966025,MINISTERIO SOCIAL TRAYENDO ESPERANZA,% REV MARTA E FIGUEROA GONZALEZ,HC 20 BOX 11252,JUNCOS,PR,00777-9641,0000,03,3,1257,202312,1,15,000000000,1,01,202512,0,0,02,0,12,0,0,0,X20,
660966286,NUOVO INC,% OVAIDA L PEDRAZA RAMIREZ,G 9 STREET G JARDINES DE CAGUAS,CAGUAS,PR,00739-0000,0000,03,3,1000,202107,1,15,000000000,1,01,202412,0,0,02,0,12,0,0,0,P70,
660966473,PUERTO RICO FILM FESTIVAL CORP,,URB BORINQUEN ST ANTONIA SAEZ Q34,CABO ROJO,,00000-0000,0000,03,3,2000,202504,1,16,000000000,1,01,,0,0,02,0,12,,,,A31,
660966490,PLATAFORMA EJE INC,% MARIA C CEBALLOS VINAS,9 CALLE ALPIERRE,GUAYNABO,PR,00969-6318,0000,03,3,1200,202105,1,15,000000000,1,01,202412,1,4,01,0,12,8271,342888,342888,A20,
660967580,OBRAS DEL PAIS INCORPORADO,% YAMIL I TORRES,R10 CALLE ELEGANCIA,PONCE,PR,00730-1673,0000,03,3,1230,202306,1,15,000000000,1,01,202512,0,0,02,0,12,0,0,0,A20,
660967941,MAIL FROM HEAVEN COMMUNITY AND ECONOMIC DEVELOPMENT CORP,% MARELYN GONZALEZ ROSADO,URB EXT LA FE 22366 CALLE SAN TOMAS,JUANA DIAZ,PR,00795-0000,0000,03,3,1280,202211,1,15,000000000,1,01,202512,0,0,02,0,12,0,0,0,S30,
660968716,ST THOMAS RASTAFARI COLLECTIVE,% HECTITO ALEMU FRANCIS,PO BOX 307146,ST THOMAS,VI,00803-7146,0000,03,3,1000,202110,1,15,000000000,1,01,202512,0,0,02,0,12,0,0,0,A23,
660968945,GUAM ASSOCIATION FOR TECHNICAL EDUCATION INC,% HERBERT JOHNSTON,506 MARINER AVE,BARRIGADA,GU,96913-1608,0000,03,3,1200,202105,1,15,000000000,1,01,202412,0,0,02,0,12,0,0,0,T03,
660969259,TOA BAJA CLB INC,% ISABEL OLIVERI - PLANIFICACION,16 CALLE RAFAEL ARRIETA,TOA BAJA,PR,00949-2436,0000,03,3,1000,202105,1,15,000000000,1,01,202412,0,0,02,0,12,0,0,0,L25,
660970190,MAR EDUCADOS INC,,1213 CALLE MARIANO ABRIL,SAN JUAN,PR,00924-4325,0000,03,3,2000,202202,1,16,000000000,1,01,202512,0,0,02,0,12,0,0,0,B90,
660970322,PROYECTO ALELI INC,% CRISTINA M CANALS SILANDER,PO BOX 1185,GUANICA,PR,00653-1185,0000,03,3,1200,202202,1,15,000000000,1,01,202512,0,0,02,0,12,0,0,0,P80,PROYECTO ALELI
660970417,REEFS UNKNOWN INC,,8168 CROWN BAY MARINA 505-448,CHARLOTTE AMALIE,VI,00802-5819,0000,03,3,2000,202111,1,15,000000000,1,01,202412,6,5,01,0,12,1493656,507852,507852,U21,
660970644,CONSERVATION OPPORTUNITY INC,% FABIOLA BEATRIZ TORRES-TOLEDO,PO BOX 1127,HATILLO,PR,00659-1127,0000,03,3,1280,202303,1,15,000000000,1,01,202412,0,0,02,0,12,0,0,0,C99,
660970885,EVOLVE SPORTS ASSOCIATION,,PO BOX 6611,PAGO PAGO,AS,96799-6286,0000,03,3,1200,202207,1,04,000000000,1,01,202412,1,2,00,1,12,1,10100,,N70,
660971182,ELEVATE WI,,6149 ANNAS RETREAT,ST THOMAS,VI,00802-1991,0000,03,3,1238,202401,1,16,000000000,1,01,202512,1,3,01,0,12,6627,61265,59743,A99,LYSTRA OMAR EWEN SOLE MBR
660971204,FONDO DE INVERSION COMUNITARIA,% PUERTO RICO COMMUNITY FOUNDATION,PO BOX 70362,SAN JUAN,PR,00936-8362,0000,03,3,1000,202205,1,15,000000000,1,01,202412,1,0,02,0,12,1,0,0,S31,
660971269,FUNDACION COMUNITARIA DE PUERTO RICO SERVICIOS,% PUERTO RICO COMMUNITY FOUNDATION,PO BOX 70362,SAN JUAN,PR,00936-8362,0000,03,3,1000,202309,1,15,000000000,1,01,202412,1,0,02,0,12,1,0,0,S31,FCPR SERVICIOS
660971530,RED NACIONAL DE ALBERGUES DE VIOLENCIA DE GENERO CORPORACION,% CORALY LEON MORALES,PO BOX 362018,SAN JUAN,PR,00936-2018,0000,03,3,1000,202210,1,15,000000000,1,01,202512,3,4,01,0,12,78007,286054,286054,P43,
660971933,OUR COMMON WEALTH 670,% KATHY YUKNAVAGE,PO BOX 7602,SAIPAN,MP,96950-7602,0000,03,3,1200,202109,1,15,000000000,1,01,202512,0,0,02,0,12,0,0,0,,
660971936,LOVE A GATO,% LUIS R CASADO PAGAN,PO BOX 50119,TOA BAJA,PR,00950-0119,0000,03,3,1400,202306,1,15,000000000,1,01,202412,0,0,02,0,12,0,0,0,D20,
660972210,HOOVES ON THE GROUND INC,% CARE OF BETTY GILREATH,HC 2 BOX 11201,VIEQUES,PR,00765-9424,0000,03,3,1000,202111,1,16,000000000,1,01,202503,2,3,01,0,03,21607,50261,50261,D20,PEZUNAS EN EL SUELO
660972313,4-H MARIANAS,,SAIPAN MP 96950,NORTHERN MARIANA ISLAN,,00000-0000,0000,03,3,1000,202508,1,15,000000000,1,01,,0,0,02,0,12,,,,O50,
660972456,HOPE FAITH MIRACLES FOR SATO S OF PR INC,,CALLE CAPITAN DE MAR 27 CAP D MAR,VEGA ALTA,PR,00692-0000,0000,03,3,4000,202201,1,15,000000000,1,01,202412,3,4,01,0,12,56135,248525,248525,D20,
660972911,CABECITAS DE ORO INC,,61 JOSE PILAR GONZALEZ,ADJUNTAS,PR,00601-0000,0000,03,3,1000,202409,1,03,000000000,1,01,202512,1,5,00,1,12,1,582799,,P75,
660972945,PERSONAL SUCCESS NETWORK,,PO BOX 302851,ST THOMAS,VI,00803-2851,0000,03,3,2000,202502,1,16,000000000,1,01,,0,0,02,0,06,,,,B90,
660973208,PARADISE HOMES A NON-PROFIT CORPORATION,% COLIN THOMPSON,PMB 583 BOX 10000,SAIPAN,MP,96950-0000,0000,03,3,1000,202108,1,04,000000000,1,01,202312,1,1,00,1,12,1,1,,L21,
660973263,FATHERS IN THE COMMUNITY,,MUTUAL HOMES,FREDERIKSTED,VI,00840-4143,0000,03,3,1000,202311,1,15,000000000,1,01,202312,0,0,02,0,12,0,0,0,O01,
660974330,HUELLAS EDUCATIONAL AND COMMUNITY SERVICES FOUNDATION INC,% MARGARITA GINEL,PO B0X 607071 PMB 518,BAYAMON,PR,00960-0000,0000,03,3,1000,202108,1,15,000000000,1,01,202512,4,4,01,0,12,134814,121443,121443,P20,
660974631,ESCAMBRON CONSERVANCY INC,,25 AVE MUNOZ RIVERA APT 903,SAN JUAN,PR,00901-2478,0000,03,3,1000,202201,1,16,000000000,1,01,202512,0,0,02,0,12,0,0,0,C30,
660974710,SAMOAN PARTNERSHIP FOR EQUITY AND RESEARCH,% SPEAR,PAGO PAGO 96799,AUSTRALIA,,00000-0000,0000,03,3,1000,202209,1,16,000000000,1,01,202412,0,0,02,0,12,0,0,0,E05,SPEAR
660974745,PUERTO RICO BLOCKCHAIN TRADE ASSOCIATION CORP,,1064 PONCE DE LEON STE 507,SAN JUAN,PR,00907-3719,0000,03,3,1200,202402,1,15,000000000,1,01,202312,4,4,01,0,12,102916,267573,267573,S99,
660974755,GUAM ADVENTIST ACADEMY,,1200 AGUILAR RD,YONA,GU,96915-4901,1071,03,9,7000,194704,1,10,211029000,5,01,,0,0,06,0,12,,,,,
660975260,DJS TRAINING FACILITY INC,% DIANA E JAMES,PO BOX 7194,CHRISTIANSTED,VI,00823-7194,0000,03,3,1000,202109,1,15,000000000,1,01,202412,4,3,02,0,12,158302,37051,37051,O50,
660975377,CENTRO CULTURAL MARINA ARZOLA DE GUAYANILLA,,URB SANTA ELENA II CALLE JAZMIN D3,GUAYANILLA,PR,00656-0000,0000,03,3,1200,202507,1,15,000000000,1,01,,0,0,02,0,12,,,,A23,
660975524,AMERICAN LEGION,% MICHAEL NATHANIEL,2002 OLD HOSPITAL GROUNDS,CHRISTIANSTED,VI,00820-4647,0925,19,9,1000,194603,1,00,907908000,5,01,202512,0,0,02,0,12,0,0,0,,85 MYRON G DANIELSON POST
660975538,MINISTERIO DERRIBANDO GIGANTES INC,% WILFREDO MARTINEZ,BO MOGOTE EVARISTO HERNANDEZ 526,CAYEY,PR,00736-0000,0000,03,3,1270,202304,1,04,000000000,1,01,202401,1,1,00,1,01,1,1,,K11,
660975623,THIRD SECTOR CONNECT INC,% JACQUELINA RODRIGUEZ,PO BOX 50553,TOA BAJA,PR,00950-0553,0000,03,3,1200,202111,1,15,000000000,1,01,202512,1,0,02,0,12,1,0,0,S99,THIRD SECTOR CONNECT
660975633,TE AMO PR CORP,% JAVIER DENARDO,151 CALLE DE SAN FRANCISCO STE 200,SAN JUAN,PR,00901-1660,0000,03,3,1000,202407,1,15,000000000,1,01,202412,5,4,01,0,12,515396,458122,458122,P60,
660976108,NA2 DANCE THEATER CORP,,713 CALLE ESTADO APT G2,SAN JUAN,PR,00907-4329,0000,03,3,1200,202603,1,16,000000000,1,01,,0,0,02,0,12,,,,A62,
660976131,MISSION SERVICES LLC,,RIACHUELO RO-95 CALLE PLAZA NORTE,TRUJILLO ALTO,PR,00976-0000,0000,03,3,1000,202111,1,16,000000000,1,01,202312,0,0,02,0,12,0,0,0,F30,
660976151,ARTE Y MANA INC,% YARISA HELFELD,COND EL MONTE SUR APT 506,SAN JUAN,PR,00918-4210,0000,03,3,1000,202110,1,16,000000000,1,01,202412,4,4,01,0,12,353852,419663,419663,A90,
660976407,ABBIE S NEW SCHOOL INC,% THERESA BISCHOFF,PO BOX 456,CULEBRA,PR,00775-0456,0000,03,3,2000,202312,1,11,000000000,1,01,202506,3,3,01,0,06,32249,91480,91480,B20,ABBIE S SCHOOL
660976460,INGENIEROS DE ESPERANZA INC,% MIGDALIA PEREZ MONTALVO,HC 1 BOX 10715,TOA BAJA,PR,00949-9799,0000,03,3,1000,202501,1,15,000000000,1,01,202512,0,0,02,0,12,0,0,0,P20,
660976701,COMUNIDAD ALIENTO INC,,BAYAMON 00965,PUERTO RICO,,00000-0000,0000,03,3,7000,202505,1,10,000000000,1,01,,0,0,06,0,12,,,,X20,
660976735,TSG FOUNDATION INC,,9160 ESTATE THOMAS 165,ST THOMAS,VI,00802-3641,0000,03,3,1000,202109,1,16,000000000,1,01,202412,2,1,02,0,12,10218,7268,7268,W12,
660977046,PRODUCCIONES AJI CORP,% SARIANNE ACOSTA,13 EXT SAN RAMON,SAN GERMAN,PR,00683-4602,0000,03,3,1000,202206,1,15,000000000,1,01,202512,0,0,02,0,12,0,0,0,A60,
660977203,AHORA INC,,B5 CALLE ILUSION,GURABO,PR,00778-0000,0000,03,3,1280,202205,1,16,000000000,1,01,202512,3,4,01,0,12,30676,129952,129952,S99,
660977626,BUILDING FORWARD FOUNDATION CORP,% RAFAEL PELUYERA SANTIAGO,HC 2 BOX 7301,LOIZA,PR,00772-9650,0000,03,3,1000,202505,1,16,000000000,1,01,,0,0,02,0,12,,,,L25,
660977649,DESARROLLOS CRH INC,% LUIS GALLARDO,59 CALLE JIMENEZ SICARDO,CAGUAS,PR,00725-3529,0000,03,3,1000,202202,1,16,000000000,1,01,202512,0,0,02,0,12,0,0,0,L20,
660977717,PUBLICA ESPACIO INC,,PO BOX 8254,SAN JUAN,PR,00910-0254,0000,03,3,1000,202111,1,15,000000000,1,01,202412,2,4,01,0,12,15459,307625,307625,P99,
660977985,CARIB CHRISTIAN MINISTRIES INC,% EFRAIN RAMIREZ,PO BOX 250470,AGUADILLA,PR,00604-0470,0000,03,3,1700,202203,1,10,000000000,1,01,202412,5,6,06,0,12,630776,1410863,1410863,X20,
660978040,CREPS,,91 CALLE AMBAR,SAN JUAN,PR,00926-7066,0000,03,3,2000,202506,1,04,000000000,1,01,,0,0,00,1,12,,,,B90,
660978273,PROFESSIONAL VOLUNTEER FIRE-MED COMP 2,% PROFESSIONAL VOLUNTEER FIRE MED,PO BOX 34352,FORT BUCHANAN,PR,00934-0352,0000,03,3,1000,202108,1,16,000000000,1,01,202510,0,0,02,0,10,0,0,0,M23,
660978324,VIVENS ORG,,138 AVE WINSTON CHURCHILL PMB 627,SAN JUAN,PR,00926-6013,0000,03,3,1257,202201,1,15,000000000,1,01,202512,0,0,02,0,12,0,0,0,P62,VIVENS
660978448,MARION ELMER LIKI REED II FOUNDATION,% ALEXSANDRA REED SESEPASARA,PO BOX 96,PAGO PAGO,AS,96799-0096,0000,03,3,1200,202109,1,04,000000000,1,01,202312,2,2,00,1,12,16500,24000,,S01,
660978519,JUSTICIA SOCIAL PR CORP,% JUAN MEDINA ROMAN,873 CALLE PABLO SAEZ,SAN JUAN,PR,00924-3415,0000,03,3,1258,202112,1,16,000000000,1,01,202512,0,0,02,0,12,0,0,0,T30,FUNDACION JUSTICIA SOCIAL PR
660978718,FUNDACION GESTOS POSITIVOS ECONO INC,,PO BOX 4819,CAROLINA,PR,00984-4819,0000,03,3,1000,202203,1,15,000000000,1,01,202502,4,5,01,0,02,112668,521131,292524,E60,
660979183,NUVO RECOVERY SERVICES INC,% WILLIAM THELUSMA,PO BOX 2714,KINGSHILL,VI,00851-2714,0000,03,3,1230,202109,1,16,000000000,1,01,202512,0,0,02,0,12,0,0,0,A03,
660979240,FLAME OF FIRE MINISTRIES,,70 CALLE CRONOS,ARECIBO,PR,00612-0000,0000,03,3,7000,202203,1,10,000000000,1,01,,0,0,06,0,12,,,,X20,
660979280,INTERNATIONAL SOCIETY OF TROPICAL FORESTERS,% SHEILA WARD,1057 CALLE 8,SAN JUAN,PR,00927-5221,0000,03,3,1280,202201,1,15,000000000,1,01,202512,0,0,02,0,12,0,0,0,C03,
660979282,ROZ FOUNDATION INC,,HC 7 BOX 34284,CAGUAS,PR,00727-9367,0000,03,3,1200,202209,1,15,000000000,1,01,202512,1,0,02,0,12,7710,0,0,B90,
660980064,FUTURE IS HERE INC,% CARLA MAE SEWER,1303 CRUZ BAY,ST JOHN,VI,00830-6113,0000,03,3,2000,202508,1,15,000000000,1,01,,0,0,02,0,12,,,,B21,
660980202,ALIANZA POR LA SALUD INC,,33 CALLE BOLIVIA,HATO REY,PR,00917-2000,0000,03,3,1200,202606,1,04,000000000,1,01,,0,0,00,1,12,,,,E86,
660980459,CLUB PIRU THE ANIMATION FOUNDATION CORP,,RR 6 BOX 9594,SAN JUAN,PR,00926-9425,0000,03,3,2300,202502,1,04,000000000,1,01,,0,0,00,1,12,,,,A20,CLUB PIRU
660980871,FOLAUGA OLE TATAU AGANUU MALAGA FAASAMOA,,PAGO PAGO 96799,AUSTRALIA,,00000-0000,0000,03,3,2000,202111,1,16,000000000,1,01,202412,0,0,02,0,12,0,0,0,A23,FAASAMOAARTS
660981183,BONESY COLLECTIVE LLC,% CHRISTINA M LEWIS,ELBAL TERRACE 171 SAN JORGE ST,SAN JUAN,PR,00911-0000,0000,03,3,1000,202206,1,15,000000000,1,01,202412,0,0,02,0,12,0,0,0,A20,
660981239,PARA SERVIRLE PR CORPORATION,% JESUS ARROYO,61 CALLE TAFT APT 501,SAN JUAN,PR,00911-1285,0000,03,3,1000,202212,1,15,000000000,1,01,202512,0,0,02,0,12,0,0,0,T50,
660981265,BARRIO GATO INC,,URB PUERTO NUEVO CALLE 8 NO,SAN JUAN,PR,00920-0000,0000,03,3,4000,202203,1,15,000000000,1,01,202412,0,0,02,0,12,0,0,0,D20,
660981374,WILD ISLAND BOTANICALS INC,,PO BOX 967,CAMUY,PR,00627-0967,0000,03,3,2800,202109,1,16,000000000,1,01,202512,0,0,02,0,12,0,0,0,B60,WILD ISLAND BOTANICALS
660981595,BOXING BULLIES INC,% JAKE PAUL,1064 AVE PONCE DE LEON STE 507,SAN JUAN,PR,00907-3719,0000,03,3,1257,202109,1,15,000000000,1,01,202412,4,4,01,0,12,181461,435229,435229,O50,
660982677,PRUTEHI GUAHAN INC,,PO BOX 326321,HAGATNA,GU,96932-6005,0000,03,3,1000,202510,1,15,000000000,1,01,202509,3,4,01,0,09,67715,140450,140450,P20,
660982894,VIMENTI LLC,,PO BOX 31341,SAN JUAN,PR,00929-2341,0000,03,3,2000,202211,1,11,000000000,1,01,202506,6,6,01,0,06,1790506,2583343,2583343,B20,EDUARDO CARRERA SOLE MBR
660982947,MINISTERIO RESCATANDO VIDAS EN LA COMUNIDAD INC,% LUZ M GONZALEZ AVILES,HC 3 BOX 32209,AGUADA,PR,00602-9729,0000,03,3,1000,202408,1,15,000000000,1,01,202505,0,0,02,0,05,0,0,0,P12,
660983315,HEADING FOR HOME FOUNDATION INC,% ANTONIO CRUZ-RODRIGUEZ,33 BOLIVIA ST SUITE 7-A,SAN JUAN,PR,00917-2000,0000,03,3,1000,202305,1,15,000000000,1,01,202512,4,4,01,0,12,286928,304171,304171,N63,
660983412,WESTERN PACIFIC MARITIME ACADEMY INC A NON-PROFIT CORPORATION,% MICHAEL W BACHER,PO BOX 10001 PMB 718,SAIPAN,MP,96950-8901,0000,03,3,2000,202411,1,15,000000000,2,01,202412,4,4,01,0,12,114590,289803,289803,B30,
660983799,FINCA HEKITI INCORPORATED,% FINCA HEKITI,PO BOX 1798,RINCON,PR,00677-1798,0000,03,3,2000,202110,1,15,000000000,1,01,202312,0,0,02,0,12,0,0,0,C36,FINCA HEKITI
660983815,TODOS TOGETHER INC,,C9 CALLE LIRIO DEL MAR,DORADO,PR,00646-2126,0000,03,3,1250,202202,1,16,000000000,1,01,202412,4,4,01,0,12,291298,332666,332666,P30,
660983851,TRANSITIONAL STAY INC,% MONA L BARNES,PO BOX 7795,CHRISTIANSTED,VI,00823-7795,0000,03,3,1000,202410,1,15,000000000,1,01,202512,0,0,02,0,12,0,0,0,L41,
660984148,CARIBBEAN REGENERATIVE COMMUNITY DEVELOPMENT,,PO BOX 1215,SABANA GRANDE,PR,00637-1215,0000,03,3,1280,202202,1,15,000000000,1,01,202412,6,6,01,0,12,1133042,2005499,2005499,C30,
660984550,AMIGOS DEL PARQUE LUIS MUNOZ RIVERA INC,% LUCILLA FULLER MARVEL,450 AVE DE LA CONSTITUCION 12B,SAN JUAN,PR,00901-0000,0000,03,3,1000,202508,1,15,000000000,1,01,,0,0,02,0,12,,,,W99,
660985624,AMIGOS DE CHARCO FRIO INC,,1654 CALLE TULIPAN STE 100,SAN JUAN,PR,00927-6242,0000,03,3,1280,202112,1,16,000000000,1,01,202512,0,0,02,0,12,0,0,0,C30,AMIGOS DE CHARCO FRIO
660985974,PROYECTO CABACHUELAS INC,,PO BOX 2255,MOROVIS,PR,00687-4255,0000,03,3,1000,202305,1,15,000000000,1,01,,0,0,01,0,12,,,,C30,
660986036,COMMONWEALTH OF THE NORTHERN MARIANA ISLAND GROWERS ASSOCIATION,% ZAJI ZAJRADHARA,PO BOX 506141,SAIPAN,MP,96950-4331,0000,03,3,1235,202110,1,16,000000000,1,01,202503,0,0,02,0,03,0,0,0,Z99,CNMI GROWERS ASSOCIATION
660987607,CONOCIMIENTO DIGITAL EN TUS MANOS CODEM,% MELANIE COLON DE JESUS,PO BOX 30518,SAN JUAN,PR,00929-1518,0000,03,3,2000,202303,1,16,000000000,1,01,202512,0,0,02,0,12,0,0,0,B60,
660988198,AMARAJAVADAR,,PO BOX 1689,DORADO,PR,00646-1689,0000,03,3,1250,202208,1,15,000000000,1,01,202512,0,0,02,0,12,0,0,0,G84,
660988440,FUNDACION GENESIS INC,% SANTIAGO RAMIREZ,536 AVE ARTERIAL B APT 2206,SAN JUAN,PR,00918-0000,0000,03,3,2800,202212,1,16,000000000,1,01,202512,0,0,02,0,12,0,0,0,C60,
660988458,COMMUNITY AND FAMILY DEVELOPMENT CENTER INC,% MARVIN SUAREZ RODRIGUEZ,1750 SECTOR CUBA,MAYAGUEZ,PR,00682-0000,0000,03,3,1250,202203,1,15,000000000,1,01,202512,0,0,02,0,12,0,0,0,S20,
660988624,SILVER SUNRISE HOUSING FOUNDATION INC,,104 URB CAGUAS REAL,CAGUAS,PR,00725-9050,0000,03,3,1000,202202,1,15,000000000,1,01,202312,0,0,02,0,12,0,0,0,L22,
660989179,CORAL NURSERY OF PUERTO RICO INC,,500 OCEAN DR APT 535,HUMACAO,PR,00791-6341,0000,03,3,1000,202208,1,15,000000000,1,01,202412,4,4,01,0,12,429189,110887,110887,C30,
660989494,FUNDACION PEPO MEDINA INC,,39 CALLE BOU,COROZAL,PR,00783-2002,0000,03,3,1200,202412,1,15,000000000,1,01,,0,0,02,0,12,,,,V11,
660989584,ABIDE NON-DENOMINATIONAL CHURCH OF SAIPAN,% JOOYOON DELOS REYES,PO BOX 502672,SAIPAN,MP,96950-2672,0000,03,3,7000,202206,1,10,000000000,1,01,,0,0,06,0,12,,,,X20,
660989831,SOCIEDAD PUERTORRIQUENA DE GENEALOGIA,,PO BOX 362019,SAN JUAN,PR,00936-2019,0000,03,3,1230,202112,1,15,000000000,1,01,202512,0,0,02,0,12,0,0,0,A80,
660989844,ASIA PACIFIC EDUCATION SERVICES,% RICHARD PENG,PO BOX 231,SAIPAN,MP,96950-6003,0000,03,3,1200,202406,1,16,000000000,1,01,202512,0,0,02,0,12,0,0,0,B99,
660989865,MONTANA EXPLORA PUERTO RICO,% LUIS ENRIQUE LOPEZ,PO BOX 706,RIO BLANCO,PR,00744-0706,0000,03,3,2000,202202,1,16,000000000,1,01,202512,3,3,01,0,12,53320,68088,68088,B90,
660990382,A PUERTO RICAN DREAM INC,,103 CALLE ESTEBAN PADILLA,ARECIBO,PR,00612-4761,0000,03,3,1000,202501,1,15,000000000,1,01,202412,3,3,01,0,12,28822,95386,95386,S20,
660990616,FINAFINAU,,321 FAGATOGO RD,PAGO PAGO,AS,96799-0000,0000,03,3,2000,202509,1,16,000000000,1,01,,0,0,02,0,06,,,,C60,
660990716,BARRACUDAS AND CARIBS SCHOLARSHIP FUND INCORPORATED,,PO BOX 4299,KINGSHILL,VI,00851-4299,0000,03,3,1000,202202,1,16,000000000,1,01,202512,0,0,02,0,12,0,0,0,B82,
660990967,EFATA MINISTERIO SORDOS & SENAS INC,,PO BOX 24,TOA ALTA,PR,00954-0024,0000,03,3,1000,202203,1,16,000000000,1,01,202412,0,0,02,0,12,0,0,0,P87,
660991342,PUERTO RICO LEADS LAS AMERICAS INC,,URB LOS INGENIEROS 520 CALLE JOSE R,SAN JUAN,PR,00918-0000,0000,03,3,1260,202603,1,15,000000000,1,01,202512,0,0,02,0,12,0,0,0,B99,
660991852,COMMUNITY CARE PLUS INC,,PO BOX 10678,ST THOMAS,VI,00801-3678,0000,03,3,1000,202410,1,15,000000000,1,01,,0,0,02,0,12,,,,P20,
660992017,FONDO BENEFICO 1923 INC,% JOSE VICENTE GARCIA,1612 PONCE DE LEON AVE,SAN JUAN,PR,00909-1833,0000,03,3,1000,202308,1,16,000000000,1,01,202412,0,0,02,0,12,0,0,0,T50,
660992288,GRUPO NEXOS INC,% MARIZAIDA SANCHEZ CESAREO,501 PERSEO ST COND CENTRO ALTAMIRA,SAN JUAN,PR,00920-0000,0000,03,3,1800,202204,1,16,000000000,1,01,202412,7,8,01,0,12,5705774,11360792,11360792,V05,
660992463,LONG LIVE DULA FOUNDATION,% DAHLIA DANIEL,3C-31 ESTATE FORTUNA,ST THOMAS,VI,00802-0000,0000,03,3,1200,202203,1,15,000000000,1,01,202406,0,0,02,0,06,0,0,0,B12,
660992789,MCCONNELL VALDES FOUNDATION INC,% ARTURO GARCIA SOLA,270 MUNOZ RIVERA AVE 7TH FLOOR,SAN JUAN,PR,00918-0000,0000,03,3,1200,202403,1,15,000000000,1,01,202505,0,0,02,0,05,0,0,0,T30,
660993108,ARTE-SUELO-SER,% CARE OF ZOELIE RIVERA-OCASIO,HC 3 BOX 9681,GURABO,PR,00778-9780,0000,03,3,1280,202307,1,15,000000000,1,01,202412,0,0,02,0,12,0,0,0,C34,
660993504,CARIBBEAN VETERINARY RESCUE FOUNDATION,% BENARDO VALLEJO,PO BOX 2141,JUNCOS,PR,00777-2141,0000,03,3,8000,202306,1,15,000000000,1,01,202512,0,0,02,0,12,0,0,0,D40,
660993526,SAIL FOR REEFS INC,,2306 LAUREL ST,SAN JUAN,PR,00913-4618,0000,03,3,1280,202202,1,16,000000000,1,01,202412,3,4,01,0,12,74882,104765,104765,C30,
660993563,HOCONUCO RENACE INC,% CARLOS E TORRES VIADA,110 CALLE EDUARDO RIERA,MAYAGUEZ,PR,00680-3747,0000,03,3,1000,202507,1,16,000000000,1,01,,0,0,02,0,12,,,,S99,HOCONUCO RENACE
660993647,YOUTH STEPPING UP INC,,CHRISTIANSTED 00822,BRITISH VIRGIN ISLANDS,,00000-0000,0000,03,3,1270,202307,1,15,000000000,1,01,202412,0,0,02,0,12,0,0,0,O55,
660993907,NEW DAWN PUERTO RICO MINISTRY,% GREGORIO RUIZ,HC 1 BOX 4362,RINCON,PR,00677-8741,0000,03,3,1000,202206,1,15,000000000,1,01,202512,2,3,02,0,12,20862,31543,31543,M20,
660993920,RIGH HAND COUNCIL CORP,,PO BOX 9417,CAROLINA,PR,00988-9417,0000,03,3,1270,202410,1,13,000000000,1,01,,0,0,02,0,12,,,,X99,
660994071,I KUTTURA TA,% DAVID TYDINGCO,1115 CHALAN ANTIGO,TALOFOFO,GU,96915-0000,0000,03,3,2000,202307,1,15,000000000,1,01,202512,3,3,02,0,12,27696,25005,25005,A23,
660994129,OYE,,407 CALLE DEL PARQUE 4TH FLOOR,SAN JUAN,PR,00912-0000,0000,03,3,1000,202402,1,15,000000000,1,01,202412,3,3,01,0,12,76827,62268,62268,T30,
660994325,BLUE WAVE SPORTS INC,% HECTOR FERNANDEZ,401 CALLE CARVAJAL,GUAYNABO,PR,00969-3484,0000,03,3,1000,202506,1,16,000000000,1,01,,0,0,02,0,12,,,,N65,BLUE WAVE SPORTS
660994600,MINISTERIO EVANGELISTICO RESCATANDO LAS ALMAS PARA EL REINO DE CRISTO,% JOSE L RODRIGUEZ,HC 1 BOX 4806,CAMUY,PR,00627-9285,0000,03,3,1700,202406,1,15,000000000,1,01,202412,0,0,02,0,12,0,0,0,X20,
660994857,MINISTERIOS DE FE Y ESPERANZA INC,% MINISTERIOS DE FE Y ESPERANZA INC,PO BOX 548,SAINT JUST,PR,00978-0548,0000,03,3,1270,202211,1,15,000000000,1,01,202512,0,0,02,0,12,0,0,0,X20,
660995209,COLECTIVO EDUCAR-T Y MAS,,PO BOX 361138,SAN JUAN,PR,00936-1138,0000,03,3,1200,202403,1,16,000000000,1,01,202412,0,0,02,0,12,0,0,0,R26,
660995375,OBSERVATORIO DE EQUIDAD DE GENERO DE PUERTO RICO,,EL VELADO 406 CALLE CAPITAN,SAN JUAN,PR,00919-0000,0000,03,3,2300,202503,1,15,000000000,1,01,,0,0,02,0,12,,,,R30,
660995476,UNITED STATES VIRGIN ISLANDS CHESS ASSOCIATION,% GAIL WIDMER,PO BOX 10195,CHARLOTTE AMA,VI,00801-3195,0000,03,3,2000,202502,1,16,000000000,1,01,202512,0,0,02,0,12,0,0,0,B90,
660996264,TECH MY SCHOOL,% ROBERT COBBS,PO BOX 1986,LUQUILLO,PR,00773-1986,0000,03,3,2000,202203,1,16,000000000,1,01,202412,5,5,01,0,12,754036,926108,926108,B90,
660996297,ENTRE OLAS Y ARENAS,,HC 3 BOX 14067,AGUAS BUENAS,PR,00703-8300,0000,03,3,1230,202207,1,16,000000000,1,01,202510,0,0,02,0,10,0,0,0,A23,
660996652,COMISION NACIONAL HOSTOS 180 INC,% ROBERTO MORI-GONZALEZ,60 AVE WINSTON CHURCHILL APT 204,SAN JUAN,PR,00926-6710,0000,03,3,3000,202409,1,16,000000000,1,01,202412,0,0,02,0,12,0,0,0,A20,
660997152,ROOTS FOR CHANGE INC,,1225 AVE PONCE DE LEON STE 904,SAN JUAN,PR,00907-3915,0000,03,3,1000,202501,1,16,000000000,1,01,202112,1,0,02,0,12,1,0,0,C30,
660997362,OUR COMMUNITY SALUTES - US VIRGIN ISLANDS,,PO BOX 3511,KINGSHILL,VI,00851-3511,0000,03,3,1000,202210,1,15,000000000,1,01,202512,0,0,02,0,12,0,0,0,O20,
660997395,PENTECOSTAL MISSIONARY CHURCH OF CHRIST 4TH WATCH,% STEPHANIE GAJORENA,PMB 504 W MARINE CORPS DR,DEDEDO,GU,96929-0000,0000,03,3,1700,202502,1,10,000000000,1,01,,0,0,06,0,12,,,,X21,
660998501,FRIENDS OF CINEMA PUERTO RICO INC,% ULRICH THIENEL,6 ISABELA BEACH CT APT 633,ISABELA,PR,00662-2427,0000,03,3,1000,202509,1,15,000000000,1,01,202512,1,3,01,0,12,6554,59461,59461,A31,
660998521,VACUNANDO Y ESTERILIZANDO CALLEJERITOS DE MI RUTA CORPORACIO,,POR BOX 611,DORADO,PR,00646-0000,0000,03,3,4000,202203,1,15,000000000,1,01,202412,0,0,02,0,12,0,0,0,D20,
660998542,RESCATANDO HUELLITAS DESAMPARADAS,% YAMIL RIVERA,RR 6 BOX 7207,TOA ALTA,PR,00953-9332,0000,03,3,4000,202202,1,15,000000000,1,01,202412,0,0,02,0,12,0,0,0,D20,
660998728,TAUTUA,,PO BOX 1270,PAGO PAGO,AS,96799-1270,0000,03,3,1200,202204,1,16,000000000,1,01,202412,4,4,01,0,12,127181,183999,183999,F60,
660999212,RTPARK COMMUNITY IMPACT FUND INC,,64 W PALM DR,KINGSHILL,VI,00850-9704,0000,03,3,1000,202203,1,16,000000000,1,01,202412,6,3,02,0,12,4768387,47108,47108,A12,
660999617,GENERAL DANIEL CHAPPIE JAMES JR DRONE ACADEMY INC,% RONALD WILLIAMS,117 CALLE REAL,BAYAMON,PR,00956-9243,0000,03,3,2000,202203,1,16,000000000,1,01,202312,0,0,02,0,12,0,0,0,J22,
660999683,WALKER CENTER CORPORATION,% BEVERLY MELIUS,15628 LOWER CAROLINA,ST JOHN,VI,00830-9521,0000,03,3,1200,202203,1,15,000000000,1,01,202512,4,1,02,0,12,371036,4600,4600,S20,
660999750,THE PATO PROJECT FOUNDATION CORPORATION,% COMPRMETIDOS AMERICAN INTL PLAZA,250 MUNOZ RIVERA AVE SUITE 406,SAN JUAN,PR,00918-1816,0000,03,3,1230,202203,1,04,000000000,1,01,202512,1,1,00,1,12,5217,1709,,W05,
660999881,TRIPLE H RANCH INC,% TRIPLE H RANCH INC,6501 RED HOOK PLAZA,SAINT THOMAS,VI,00802-1373,0000,03,3,1200,202205,1,16,000000000,1,01,202512,2,3,01,0,12,21337,61423,61423,,
661000705,NAVAL HOSPITAL CIVCON COMMUNITY,% RN AIZZA GRACE SANTOS - GENSURG,PO BOX 5004,HAGATNA,GU,96932-8656,0000,03,3,1000,202204,1,16,000000000,5,01,202512,0,0,02,0,12,0,0,0,P20,
661000814,INETNON KUTTURAN NATIBUN MARIANAS - KKOOR ARAMASAL MARIANAS,% FRANCES M SABLAN,PO BOX 500631,SAIPAN,MP,96950-0631,0000,03,3,2300,202303,1,15,000000000,1,01,202512,0,0,02,0,12,0,0,0,A20,
661000967,FONDO CRH INC,% LUIS GALLARDO,PO BOX 20074,SAN JUAN,PR,00928-0074,0000,03,3,1000,202203,1,16,000000000,1,01,202512,0,0,02,0,12,0,0,0,L25,
661001106,TANO TASI YAN TODU,% JONITA KERR,PO BOX 25369,BARRIGADA,GU,96921-5369,0000,03,3,2800,202204,1,15,000000000,1,01,202412,5,3,01,0,12,568092,89516,89516,C30,
661001392,ANGELS OF MERCY AVIATION INC,% RONALD WILLIAMS-GARCIA,117 CALLE REAL,BAYAMON,PR,00956-9243,0000,03,3,1200,202209,1,15,000000000,1,01,202512,0,0,02,0,12,0,0,0,M23,
661001450,IGLESIA RESTAURACION PUERTO RICO INC,,184 AVE CALIMANO UNIT 350,MAUNABO,PR,00707-2250,0000,03,3,7000,202208,1,10,000000000,1,01,,0,0,06,0,12,,,,X20,
661001571,VIRGIN ISLANDS BOARD SPORTS FEDERATION INC,,9715 ESTATE THOMAS PMB 131,ST THOMAS,VI,00802-2623,0000,03,3,1000,202204,1,15,000000000,1,01,202512,1,5,01,0,12,7783,637458,637458,O50,VIRGIN ISLANDS SURFING FEDERATION
661001730,FUNDACION CREEMOS EN TI CORP,% BRYAN NEGRON,JJ13 CALLE 22,BAYAMON,PR,00956-4618,0000,03,3,1200,202207,1,15,000000000,1,01,202412,4,5,01,0,12,365624,504204,504204,F22,
661001912,TERRERO FOUNDATION INC,,2003 CARR 506 PLAZA SAN CRISTOBAL,COTO LAUREL,PR,00780-2929,0000,03,3,1000,202203,1,16,000000000,1,01,202412,0,0,02,0,12,0,0,0,A20,
661001930,TRAMIL INC,% JANNETTE GAVILLAN-SUAREZ,145 HOSTOS AVE EL MONTE SUR TH G410,SAN JUAN,PR,00918-0000,0000,03,3,2800,202309,1,15,000000000,1,01,202512,0,0,02,0,12,0,0,0,E60,TRAMIL
661002009,NUU FOUNDATION INCORPORATED,% TAUVAGA D HOCHING,PAGO PAGO AS 96799,AMERICAN SAMOA,,00000-0000,0000,03,3,1000,202212,1,15,000000000,1,01,202412,0,0,02,0,12,0,0,0,,
661002098,CADENZA 10 CORPORATION,% ELIZABETH DIEZ,1511 CALLE LAS MARIAS,SAN JUAN,PR,00911-1627,0000,03,3,2000,202210,1,15,000000000,1,01,202512,0,0,02,0,12,0,0,0,B90,
661002803,RAW BASKETBALL INC,% ELLIOT LOEWENSTEIN,6501 RED HOOK PLAZA STE 201-904,ST THOMAS,VI,00802-1373,0000,03,3,1000,202307,1,15,000000000,1,01,202512,0,0,02,0,12,0,0,0,N62,
661003125,LAS HIJAS DEL REY INC,,HC 02 BOX 12842,CAGUAS,PR,00727-0000,0000,03,3,1000,202406,1,16,000000000,1,01,,0,0,02,0,12,,,,T50,
661004190,CENTRO EL OASIS FORTALECIENDO AL CAIDO,% MARIA RODRIGUEZ,215-22 CALLE 505,CAROLINA,PR,00985-3041,0000,03,3,1257,202304,1,15,000000000,1,01,202512,0,0,02,0,12,0,0,0,K31,
661004256,CORPORACION EDUCATIVA AGROEMPRESARIAL INC,% ANGEL J VELEZ,18 CALLE YAGRUMO,ARECIBO,PR,00612-3557,0000,03,3,1280,202205,1,15,000000000,1,01,202312,1,0,02,0,12,1798,0,0,B60,CEAE
661004524,LA CASA DE LA PLENA TITO MATOS INC,% MARIANA REYES,1763 CALLE LOIZA,SAN JUAN,PR,00911-1812,0000,03,3,1200,202206,1,15,000000000,1,01,202412,3,4,01,0,12,28683,104107,104107,A20,
661004683,FUNDACION RAFAEL DELGADO MARQUEZ INC,,1511 AVE PONCE DE LEON,SAN JUAN,PR,00909-5001,0000,03,3,1000,202205,1,16,000000000,1,01,202412,0,0,02,0,12,0,0,0,B82,
661004759,MOCIVEA,,PO BOX 422,GARROCHALES,PR,00652-0422,0000,03,3,1260,202305,1,15,000000000,1,01,202512,1,1,02,0,12,2983,1146,1146,C32,
661004999,RUN SAIPAN,% RONALD SNYDER,PO BOX 503121,SAIPAN,MP,96950-3121,0000,03,3,1000,202205,1,16,000000000,1,01,202412,0,0,02,0,12,0,0,0,N60,
661005516,PACIFIC ISLANDS NUTRITION IN ACTION - PINA,% JESSICA DELOS REYES WILLSEY,PMB 532 BOX 10000,SAIPAN,MP,96950-0000,0000,03,3,1200,202204,1,16,000000000,1,01,202412,0,0,02,0,12,0,0,0,,
661005780,OVERCOMING ADVERSITIES,% YALANIS VELEZ GONZALEZ,62 E CALLE ERNESTO RAMOS ANTONINI,MAYAGUEZ,PR,00680-0000,0000,03,3,1200,202204,1,16,000000000,1,01,202412,0,0,02,0,12,0,0,0,B99,
661006116,L ARCANO INC,% RAQUEL SANTIAGO,PO BOX 143322,ARECIBO,PR,00614-3322,0000,03,3,1000,202206,1,15,000000000,1,01,202512,0,0,02,0,12,0,0,0,A60,
661006200,SAINT THOMAS CRICKET ASSOCIATION,% NYBY V DOUGLAS,1-143-58 ESTATE WINTBERG,SAINT THOMAS,VI,00802-0000,0000,03,3,1000,202305,1,15,000000000,5,01,202409,4,5,01,0,09,490449,521240,,N70,
661006217,SOUTHERN PUERTO RICO ECONOMIC DEVELOPMENT DISTRICT INC,% JUAN C MENDEZ,PO BOX 623,MERCEDITA,PR,00715-0623,0000,03,3,1000,202205,1,15,000000000,1,01,202512,2,3,01,0,12,21809,57068,57068,S30,
661006350,FUNDACION EDUCATIVA ASORE INC,% KENNETH RIVERA - AR,1498 AVE ROOSEVELT,GUAYNABO,PR,00968-0000,0000,03,3,1200,202302,1,15,000000000,1,01,202412,4,4,01,0,12,117345,149297,84146,K12,
661006428,GHATCHUUR REFALUWASCH- IMPROVEMENT OF REFALUWASCH INC,,PO BOX 506203,SAIPAN,MP,96950-4332,0000,03,3,2300,202304,1,15,000000000,1,01,202312,0,0,02,0,12,0,0,0,A20,GRIRI
661006734,LUNAS PROJECT INC,,1662 CALLE SANTA INES,SAN JUAN,PR,00921-4326,0000,03,3,1270,202503,1,04,000000000,1,01,,0,0,00,1,12,,,,P40,
661007141,RED REGIONAL DE APOYO MUTUO CORPORACION,% JESSICA SANTOS,572 CALLE FERRARA,SAN JUAN,PR,00924-4047,0000,03,3,1200,202206,1,15,000000000,1,01,202312,0,0,02,0,12,0,0,0,S02,
661007193,LEGAL ADVOCACY FOR ROTA,,PMB 917 BOX 10001,SAIPAN,MP,96950-0000,0000,03,3,1000,202204,1,16,000000000,1,01,202412,0,0,02,0,12,0,0,0,I80,
661007340,CHURCH OF THE LIVING GOD PILLAR AND GROUND OF THE TRUTH THE LIGHT OF,,301 E SAN ANTONIO AVE,DEDEDO,GU,96929-5444,0000,03,3,7000,202209,1,10,000000000,1,01,,0,0,06,0,03,,,,X20,
661007500,COOPERATIVA DE ENERGIA LA MARGARITA-ABEYNO COOP,% WANDA RIOS,URB LA MARGARITA CALLE C D 2,SALINAS,PR,00751-0000,0000,12,3,4000,202404,2,00,000000000,1,01,202512,3,0,02,0,12,72332,0,0,C35,ABEYNO COOP
661007800,FRATELLI COMMUNITY INC,% MILAGROS T REYES MORA,PO BOX 8549,CAGUAS,PR,00726-8549,0000,03,3,1270,202206,1,15,000000000,1,01,202512,0,0,02,0,12,0,0,0,P99,
661009055,BAKE THEIR DAY,% DEANE JESSEE JONES,PO BOX 6066,TAMUNING,GU,96931-6066,0000,03,3,1000,202205,1,16,000000000,1,01,202512,0,0,02,0,12,0,0,0,O50,
661009180,ARCHIVO HISTORICO DE VIEQUES INC,,PO BOX 867,VIEQUES,PR,00765-0867,0000,03,3,1200,202309,1,15,000000000,1,01,202412,0,0,02,0,12,0,0,0,A82,
661009453,EDITORIAL LA CHIRINGA INC,% HILDA MELENDEZ MARTINEZ,628 CALLE ALMENDRO LOS COLOBOS PARK,CAROLINA,PR,00987-0000,0000,03,3,2300,202206,1,16,000000000,1,01,202412,0,0,02,0,12,0,0,0,A90,
661010693,MI PATRIA PR,% RAYMOND COLLAZO,PO BOX 2594,ISABELA,PR,00662-9594,0000,03,3,1200,202206,1,16,000000000,1,01,202504,4,4,01,0,04,170728,270393,270393,R60,MI PATRIA
661010719,NORTHERN MARIANA ISLANDS BASKETBALL FEDERATION,% JOSEPH P VILLACRUSIS,SAIPAN MP 96950,MAURITIUS,,00000-0000,0000,03,3,1000,202212,1,15,000000000,1,01,202303,0,0,02,0,03,0,0,0,N62,
661010875,A LA CENA INC,% RAFAEL RUIZ MEDEROS,PARQ MONTEBELLO C2 CALLE 4,TRUJILLO ALTO,PR,00976-0000,0000,03,3,2000,202411,1,15,000000000,1,01,,0,0,02,0,12,,,,A25,
661011367,CENTRO DE RESTAURACION DE LA FAMILIA INC,% ROSA J ARCHIBALD,2306 AVE BORINQUEN,SAN JUAN,PR,00915-4443,0000,03,3,1000,202208,1,04,000000000,1,01,202412,1,1,00,1,12,1,1,,X20,
661011670,FOSTERING LOVE INC,% DARIAN HAIRSTON,6501 RED HOOK PLAZA SUIT 201 1036,ST THOMAS,VI,00802-1373,0000,03,3,1000,202206,1,15,000000000,1,01,202512,1,1,02,0,12,8039,5987,5987,P40,
661011695,CENTRO DE RESILIENCIA GRANEROS DEL CIELO INC,% MARIA TORRES,PO BOX 6757,BAYAMON,PR,00960-5757,0000,03,3,1000,202210,1,15,000000000,1,01,202512,0,0,02,0,12,0,0,0,M20,
661012256,MARIANAS INSTITUTE OF TECHNOLOGY,,SAIPAN 96950,MAURITIUS,,00000-0000,0000,03,3,1230,202210,1,15,000000000,1,01,202512,0,0,02,0,12,0,0,0,B02,
661012538,EL SUENO DE ALANA INC,,1529 AVE JESUS T PINERO,SAN JUAN,PR,00920-5404,0000,03,3,1000,202303,1,16,000000000,1,01,202412,0,0,02,0,12,0,0,0,P40,
661012559,SOUTH COAST SATO RESCUE CORPORATION,% SEPTEMBER JAZZBORNI,PO BOX 22,GUAYAMA,PR,00785-0022,0000,03,3,2400,202209,1,16,000000000,1,01,202512,0,0,02,0,12,0,0,0,D20,
661012637,CONSORCIO DEL SUR - CONSUR,% CARLOS R JIRAU VELEZ,441 CALLE FERROCARRIL STE 209-210,PONCE,PR,00717-1102,0000,03,3,1000,202603,1,03,000000000,5,01,,0,0,00,1,12,,,,T23,
661012797,ESPACIO SALUD INCORPORATED,% ARIEL TOMEY IMBERT,15 AVE MUNOZ RIVERA STE 2010,SAN JUAN,PR,00901-2509,0000,03,3,1200,202603,1,16,000000000,1,01,202512,1,0,02,0,12,1,0,0,B90,
661012841,VIRGIN ISLANDS JUSTICE INITIATIVE INC,,PO BOX 746,ST THOMAS,VI,00804-0746,0000,03,3,1000,202303,1,15,000000000,1,01,202412,1,3,02,0,12,4097,35477,35477,I80,
661013252,ROOTED,% AVEMAOE PEKO,4167 PAGO WAY,PAGO PAGO,AS,96799-0000,0000,03,3,1280,202506,1,15,000000000,5,01,,0,0,02,0,12,,,,K99,
661013457,SURF PLAY AND HEAL PEDIATRICS FOUNDATION INC,,PO BOX 12336,SAN JUAN,PR,00914-0336,0000,03,3,1000,202207,1,15,000000000,1,01,202512,0,0,02,0,12,0,0,0,Q33,
661013574,WORLDNETS SYNERGY FOUNDATION INC,% MARIA DE LOS A VIRELLA,90 CARR 165 STE 201,GUAYNABO,PR,00968-8059,0000,03,3,1000,202209,1,15,000000000,1,01,202503,1,4,01,0,03,4964,150000,150000,S20,
661014101,D J POPS PROMOTION INC,% MIGUEL A SANTOS JR,1220 ESTATE WHIM,FREDERIKSTED,VI,00840-0000,0000,03,3,1200,202603,1,15,000000000,1,01,,0,0,02,0,12,,,,A68,
661014130,ST CROIX SCIENCE TEACHERS ASSOCIATION INC,% ROSA W WHITE CROMWELL,PO BOX 2755,KINGSHILL,VI,00851-2755,0000,03,3,1200,202207,1,16,000000000,1,01,202512,0,0,02,0,12,0,0,0,B90,
661014331,GIRLS IN CIVIL INC,,34 CALLE 4,GUAYAMA,PR,00784-5921,0000,03,3,1000,202606,1,15,000000000,1,01,,0,0,02,0,12,,,,J20,
661014722,RADICAL CHANGES CORP,,PO BOX 5147,SAN SEBASTIAN,PR,00685-5147,0000,03,3,1200,202207,1,15,000000000,1,01,202412,0,0,02,0,12,0,0,0,E01,
661014767,AMERICAN LEGION,,227 CALLE MENDEZ VIGO,DORADO,PR,00646-4905,0925,19,9,1000,194603,1,00,907908000,5,01,202512,0,0,02,0,12,0,0,0,,0045 AMERICAN LEGION DORADO POST
661014833,LEAD COLLABORATIVE PR INC,% LORRAINE LAGO,655 AVE ROBERTO H TODD PMB 195,SAN JUAN,PR,00907-3975,0000,03,3,1200,202208,1,15,000000000,1,01,202506,4,5,01,0,06,289683,864289,864289,B99,
661014897,LOBOS LIBRES INC,,24 CALLE MAR DE CHINA APT 1,CAROLINA,PR,00979-6374,0000,03,3,1200,202509,1,15,000000000,1,01,,0,0,02,0,12,,,,L80,
661015083,CASA TALLABOENA DE FORMACION COMUNITARIA Y RESILIENCIA INC,,HC 3 BOX 15516,PENUELAS,PR,00624-9713,0000,03,3,1200,202210,1,15,000000000,1,01,202512,1,4,01,0,12,795,120408,120408,S20,
661015245,IMPACTIVO HEALTH TRANSFORMATION FOUNDATION INC,% MARIA LEVIS,6 MARIANO RAMIREZ BAGES 1 A LAGUNA,SAN JUAN,PR,00907-0000,0000,03,3,1800,202312,1,15,000000000,1,01,202412,0,0,02,0,12,0,0,0,G05,
661015337,GRACE CHRISTIAN ASSEMBLY KAGMAN,% LAILA LACSAMANA PORTUGUEZ,SAIPAN,GUAM,,00000-0000,0000,03,3,7000,202403,1,10,000000000,1,01,,0,0,06,0,12,,,,X20,
661015367,DIALOGO SOCIAL PUERTO RICO INC,% IVONNE LOZADA,1200 CARR 849 APT I 302,SAN JUAN,PR,00924-4563,0000,03,3,1200,202207,1,16,000000000,1,01,202412,0,0,02,0,12,0,0,0,W05,
661015587,CASA DE LA MUSICA EN CAYEY INC,% ANDRES YAMBO,PO BOX 6400,CAYEY,PR,00737-6400,0000,03,3,2000,202208,1,15,000000000,1,01,202312,0,0,02,0,12,0,0,0,A20,
661016443,MOVIMIENTO DE IGLESIA PENTECOSTAL LA CONQUISTA FINAL INTERNACIONAL,,L42 CALLE 10,ARECIBO,PR,00612-2558,0000,03,3,7000,202303,1,10,000000000,1,01,,0,0,06,0,12,,,,X20,
661016892,PUERTO RICO ICE HOCKEY ASSOCIATION INC,% SCOTT VARGAS,PARQUE REAL,GUAYNABO,PR,00969-0000,0000,03,3,1000,202303,1,16,000000000,1,01,202312,3,3,02,0,12,37455,29955,29955,N68,
661016945,CARIBBEAN ROBOTICS ACADEMY,,JARDINES DEL CARIBE CALLE 49 YY43,PONCE,PR,00728-0000,0000,03,3,2000,202508,1,16,000000000,1,01,202512,0,0,02,0,12,0,0,0,B90,
661017081,VILLA PONCE HOUSING ELDERLY INC,,CASTELLANA ST FINAL URB LA RAMBLA,PONCE,PR,00716-0000,0000,03,3,1000,202605,1,16,000000000,1,01,,0,0,01,0,06,,,,P75,
661017522,VISIONAIR-E INC,% ANA SANCHEZ COLBERG,100 SAMARITANO SUCHVILLE PK G106,GUAYNABO,PR,00966-0000,0000,03,3,2000,202309,1,16,000000000,1,01,202512,1,3,01,0,12,5973,70293,70293,A20,
661017656,MOVIMIENTO ANANSE INC,% GLORIANN S ANTONETTY LEBRON,VIA 56 3JS 11 VILLA FONT,CAROLINA,PR,00983-0000,0000,03,3,1000,202211,1,15,000000000,1,01,202412,4,4,01,0,12,366156,487980,487980,R30,GLORIANN S ANTONETTY MBR
661017772,AMELIA EARHART SAIPAN MEMORIAL MONUMENT INC,% MANUEL F BORJA,PO BOX 500336,SAIPAN,MP,96950-0336,0000,03,3,1000,202303,1,16,000000000,1,01,202512,0,0,02,0,12,0,0,0,A80,
661017819,CHARLOTTE AMALIE HIGH SCHOOL CLASS OF 1983 INC,% MELINA BUNCOME,PO BOX 305824,ST THOMAS,VI,00803-5824,0000,03,3,1200,202303,1,16,000000000,1,01,202506,0,0,02,0,06,0,0,0,B84,
661018154,FUNDACION RAMA DORADA,% PAMELA CASTILLO,PLACID COURT 73 APT 10C,SAN JUAN,PR,00907-0000,0000,03,3,1000,202303,1,16,000000000,1,01,202312,0,0,02,0,12,0,0,0,K25,
661018324,MUSEO DE HISTORIA NATURAL Y CONSERVACION DE PUERTO RICO INC,% MARIBEL RAMIREZ TOLEDO,PO BOX 25,AGUADILLA,PR,00605-0025,0000,03,3,2800,202305,1,16,000000000,1,01,202412,2,3,01,0,12,13059,83606,83606,A56,
661018435,AMERICAN FEDERATION OF STATE COUNTY & MUNICIPAL EMPLOYEES,% AIRIS CASTILLO RAMOS,BSN 3RD FLOOR CARR 1 KM 18-9,RIO PIEDRAS BO TORTUGU,PR,00926-0000,1381,05,9,3000,195708,2,00,263264279,5,01,202512,0,0,02,0,12,0,0,0,,SPJ UDTOP LOCAL 3889
661018540,LUNIDIOS INC,% ANGELICA MARIA MARTINEZ GONZALEZ,PO BOX 407,LAJAS,PR,00667-0407,0000,03,3,1270,202304,1,16,000000000,1,01,202412,1,1,02,0,12,2400,6220,0,S20,LUNIDIOS
661018646,AMERICAN FEDERATION OF STATE COUNTY & MUNICIPAL EMPLOYEES,% SAMARY FLORES SANCHEZ,PO BOX 363827,SAN JUAN,PR,00936-3827,1381,05,9,3000,195708,2,00,263264279,5,01,202512,0,0,02,0,12,0,0,0,,PR EMPLOYEES FORENSIC SCIENCE 2099
661018679,PASOS PARA EL APRENDIZAJE SIN OBSTACULOS SOCIALES,,Q13 CALLE 13,COROZAL,PR,00783-2515,0000,03,3,1000,202409,1,15,000000000,1,01,202412,0,0,02,0,12,0,0,0,P70,
661018914,FUNDACION IVAN OMAR LUGO GONZALEZ,,PO BOX 1347,CABO ROJO,PR,00623-1347,0000,03,3,1000,202507,1,15,000000000,1,01,202512,0,0,02,0,12,0,0,0,B82,FUNDACION IOLG
661019252,CAUDA EQUINA PR CORPORATION,% ANNE BADILLO,4 AVE LAGUNA APT 6H,CAROLINA,PR,00979-6572,0000,03,3,1200,202305,1,16,000000000,1,01,202412,0,0,02,0,12,0,0,0,P01,
661019395,ASOCIACION PESQUERA DE CULEBRA INC,% NICOLAS X GOMEZ ANDUJAR,PO BOX 637,CULEBRA,PR,00775-0637,0000,03,3,1280,202304,1,16,000000000,1,01,202512,3,3,01,0,12,75952,95144,95144,K03,
661019561,EVOLVING SPACE CORP,,HC 4 BOX 19090,GURABO,PR,00778-8829,0000,03,3,1280,202304,1,16,000000000,1,01,202312,0,0,02,0,12,0,0,0,B03,
661019660,ORGANIZACION DEL PUEBLO INDIGENA CAN JIBARO DE BORIKE INC,% BARBARA MORENO TORRES,LARES 00669,PUERTO RICO,,00000-0000,0000,03,3,1000,202509,1,15,000000000,1,01,,0,0,01,0,12,,,,A20,
661019882,KURASON I SENGSONG,,1268 285 FARENHOLT VE UNIT 303,TAMUNING,GU,96913-0000,0000,03,3,1200,202309,1,16,000000000,1,01,202312,3,4,01,0,12,27885,184112,184112,O50,
661020117,CHILDRENS ARK INC,,238 E MARINE CORPS DR STE 202,HAGATNA,GU,96910-5194,0000,03,3,1500,202209,1,16,000000000,1,01,202512,0,0,02,0,12,0,0,0,P12,CHILDRENS ARK
661020517,MARIANAS DISABLED WORKFORCE INDUSTRIES,% GERALDINE M LEON GUERRERO,142 SEATON BLVD STE 201,HAGATNA,GU,96910-5150,0000,03,3,1000,202509,1,15,000000000,1,01,202512,4,4,01,0,12,174758,169790,169790,J20,
661020601,GENFUSION STEEL ORCHESTRA,% MANAGEMENT,1 FOURTH STRADE,ST THOMAS,VI,00802-0000,0000,03,3,1200,202301,1,15,000000000,1,01,202512,0,0,02,0,12,0,0,0,A60,
661020756,CLASEMAESTRA,% MARTIN FUENTES,HC 73 BOX 6432,CAYEY,PR,00736-9528,0000,03,3,2300,202301,1,15,000000000,1,01,202512,0,0,02,0,12,0,0,0,A20,
661021071,HOSPITAL MENONITA PONCE INC,% MAYRA TORRES,PO BOX 800501,COTO LAUREL,PR,00780-0501,0000,03,3,1000,202511,1,12,000000000,1,01,,0,0,01,0,03,,,,E20,
661021424,TIEMPO DE CONTAR INC,,165 AVE HOSTOS A229,SAN JUAN,PR,00918-0000,0000,03,3,1200,202601,1,15,000000000,1,01,202512,0,0,02,0,12,0,0,0,B92,
661021472,SOMOS MAS PUERTO RICO,,PO BOX 71325,SAN JUAN,PR,00936-8425,0000,04,3,3000,202308,2,00,000000000,1,01,202312,0,0,02,0,12,0,0,0,R20,
661021667,MEMORIA DECOLONIAL INC,% CARLOS CAPO,152 CALLE DELBREY APT 7,SAN JUAN,PR,00911-2090,0000,03,3,1200,202301,1,15,000000000,1,01,202512,5,4,01,0,12,502686,396092,390193,B90,
661021684,DORADO CARES INC,,875 CARR 693 STE 103,DORADO,PR,00646-6711,0000,03,3,1000,202302,1,15,000000000,1,01,202512,0,0,02,0,12,0,0,0,M20,
661021704,MAYS KITCHEN - HOPE FOR HAITI INC,,PO BOX 9774,CHARLOTTE AMA,VI,00801-2774,0000,03,3,1250,202309,1,15,000000000,1,01,202412,0,0,02,0,12,0,0,0,O12,
661021721,APOYO MUTUO AGRICOLA PR,,572C CALLE FERRARA,SAN JUAN,PR,00924-4047,0000,03,3,1280,202302,1,15,000000000,1,01,202512,0,0,02,0,12,0,0,0,K20,AMA PR
661021821,COMUNIDAD INTEGRADA EL PUEBLITO INC,,PO BOX 2212,OROCOVIS,PR,00720-2212,0000,03,3,1000,202305,1,16,000000000,1,01,202512,0,0,02,0,12,0,0,0,C32,
661021845,ALPHA TRANS CORP,% GERALD LEE VEGA,40 COND CAGUAS TOWER 2106,CAGUAS,PR,00725-0000,0000,03,3,1000,202211,1,16,000000000,1,01,202403,0,0,02,0,03,0,0,0,T70,ALPHA TRANS ORG
661021850,EL OTRO PUERTO RICO INC,,SAN JUAN 00925,PUERTO RICO,,00000-0000,0000,03,3,1000,202505,1,15,000000000,1,01,,0,0,01,0,12,,,,L21,
661022242,GLOBAL VOYAGE INC,,HC 2 BOX 22029,MAYAGUEZ,PR,00680-9018,0000,03,3,1000,202306,1,15,000000000,1,01,202412,1,4,01,0,12,1,124000,124000,O99,
661022246,PUERTO RICO SEA GRANT INC,% RENE ESTEVES,CALL BOX 9000,MAYAGUEZ,PR,00681-0000,0000,03,3,2800,202303,1,15,000000000,1,01,202512,0,0,02,0,12,0,0,0,C30,
661022306,NAVEDO FAMILY FOUNDATION CORPORATION,,PO BOX 50668,TOA BAJA,PR,00950-0668,0000,03,3,1000,202512,1,15,000000000,1,01,,0,0,02,0,12,,,,S31,
661022338,VIRGIN ISLANDS ENVIRONMENTAL ASSOCIATION INC,,PO BOX 2636,ST THOMAS,VI,00805-0000,0000,03,3,1200,202512,1,15,000000000,1,01,202512,1,1,02,0,12,1631,2616,2616,C60,
661022413,KAGMAN AGRICULTURAL FARMS AND PRODUCERS ASSOCIATION INC,% GLENN H MANGLONA,5408 CHRB,SAIPAN,MP,96950-0000,0000,03,3,1200,202509,1,15,000000000,1,01,,0,0,02,0,12,,,,K02,
661022776,DELIAS RESPITE FOR CAREGIVERS INC,,221 PONCE DE LEON AVE 6TH FLOOR,SAN JUAN,PR,00917-0000,0000,03,3,1000,202601,1,15,000000000,1,01,202412,0,0,02,0,12,0,0,0,E60,
661022818,BORINQUEN TRAIL INCORPORATED,% DAVID SOTO,PO BOX 1670,DORADO,PR,00646-1670,0000,03,3,1000,202509,1,16,000000000,1,01,,0,0,02,0,12,,,,N32,
661023089,ORQUESTA SINFONICA ANTONIO PAOLI INC,% EDUARDO ORTIZ,PO BOX 4956 PMB 2189,CAGUAS,PR,00726-4956,0000,03,3,1200,202302,1,15,000000000,1,01,202412,4,4,01,0,12,112866,235129,235129,A69,
661024049,GRUPO ALE CAR AMA INC,,URB VILLA HUMACAO CALLE 6 H33,HUMACAO,PR,00791-0000,0000,03,3,1000,202507,1,15,000000000,1,01,,0,0,02,0,12,,,,P20,
661024132,PASEO 13,% RICHARD SUAREZ,13 DE DIEGO SAN JUAN,SAN JUAN,PR,00925-2918,0000,03,3,1230,202212,1,16,000000000,1,01,202412,0,0,02,0,12,0,0,0,A20,
661024703,ACADEMIA SANTIAGO APOSTOL INC,% JENNIFER RODRIGUEZ,PO BOX 109,FAJARDO,PR,00738-0109,0000,03,3,2000,202306,1,11,000000000,1,01,202412,0,0,02,0,12,0,0,0,B24,
661024767,GUAM HUMAN RIGHTS INITIATIVE INC,% MARY SOLIVA,356 S MARINE CORPS DR,TAMUNING,GU,96913-3903,0000,03,3,2300,202510,1,16,000000000,1,01,,0,0,02,0,12,,,,P03,
661024873,LUNA VET HELP,,100 CALLE ALCALA APT 1501,SAN JUAN,PR,00921-3927,0000,03,3,1245,202403,1,04,000000000,1,01,202512,3,4,00,1,12,78372,416296,,D40,
661024997,EL JUNTE INC,,HC 2 BOX 6417,FLORIDA,PR,00650-9123,0000,03,3,1000,202401,1,15,000000000,1,01,202512,0,0,02,0,12,0,0,0,K20,EL JUNTE
661026532,FUNDACION HERIBERTO NIEVES INC-,,PO BOX 3527,VEGA ALTA,PR,00692-3527,0000,03,3,1000,202409,1,15,000000000,1,01,202412,0,0,02,0,12,0,0,0,A99,
661026609,BECOMING THE WHOLE WOMAN HEALING OVERCOMING LIBERATING INSPIRING SE,% SHAMIKA WILLIAMS,PO BOX 301794,ST THOMAS,VI,00803-1794,0000,03,3,1200,202409,1,16,000000000,1,01,202412,0,0,02,0,12,0,0,0,S81,
661026650,PROYECTO SRT METAMORFOSIS INC,,SABANERA DEL RIO LOS TAMARINDOS 471,GURABO,PR,00778-0000,0000,03,3,1200,202510,1,16,000000000,1,01,,0,0,02,0,12,,,,P20,
661026800,PFP AETO YOUTH OUTREACH SERVICES,% STEPHEN L SAMUELU,PAGO PAGO 96799,AUSTRALIA,,00000-0000,0000,03,3,1245,202301,1,16,000000000,1,01,202312,0,0,02,0,12,0,0,0,S31,
661027142,RISING COMMUNITIES ECONOMIC DEVELOPMENT,% JOSSIE MELENDEZ CRUZ,EDF PONCE DE LEON 42,YAUCO,PR,00698-0000,0000,03,3,1000,202301,1,15,000000000,1,01,202412,1,4,01,0,12,2280,133416,133416,T50,
661027676,CUIDA TU ESENCIA INC,% ISRAEL FIGUEROA,URB ROUND HILL 237 CALLE HORTENSIA,TRUJILLO ALTO,PR,00976-0000,0000,03,3,1700,202301,1,15,000000000,1,01,202412,1,1,02,0,12,7123,2305,2305,X11,
661027736,JUNIOR LEAGUE OF PUERTO RICO INCORPORATED,% CANDICE BRYAN,220 CALLE MANUEL DOMENECH,SAN JUAN,PR,00918-3533,0000,03,3,1200,202302,1,16,000000000,1,01,202506,0,0,02,0,06,0,0,0,S81,
661028485,FAHA DIGITAL MEDIA INCORPORATED,% SHANNON T SASAMOTO,PO BOX 5040,SAIPAN,MP,96950-5040,0000,03,3,1200,202302,1,04,000000000,1,01,202501,4,3,00,1,01,108408,40007,,A30,
661028581,BREWERS CRITTERS 2ND CHANCE LTD,% KATHRYN CRYSTAL,ST THOMAS VI 00803,BRITISH VIRGIN ISLANDS,,00000-0000,0000,03,3,1000,202312,1,16,000000000,1,01,202512,0,0,02,0,12,0,0,0,D20,
661028780,APYARTE INC,% NIMIA M RAMOS BEAUCHAMP,URB REPARTO CONTEMPORANEO A2 C A,SAN JUAN,PR,00926-0000,0000,03,3,2000,202301,1,15,000000000,1,01,202512,0,0,02,0,12,0,0,0,A23,
661028792,ASOCIACION DE RESIDENTES DE ESTANCIAS DEL RIO INC,,69 CALLE YAGUEZ,AGUAS BUENAS,PR,00703-9630,0000,04,3,3000,202305,2,00,000000000,1,01,202412,3,4,01,0,12,60113,149913,149913,L50,
661029044,MILLENNIUM KIDS ACADEMY,% CHRISTIAN BRAVO,MANZANA 3R SOLAR 1 Y 3,BAYAMON,PR,00956-0000,0000,03,3,2000,202506,1,15,000000000,1,01,202512,3,4,01,0,12,35084,185100,185100,B24,
661029053,MARIANAS MENTAL HEALTH INITIATIVE INC,,PO BOX 500756,SAIPAN,MP,96950-0756,0000,03,3,1200,202301,1,15,000000000,1,01,202512,0,0,02,0,12,0,0,0,B03,
661029066,CAYEY CULTURAL INC,,85 CALLE CESAR CONCEPCION,CAYEY,PR,00736-0000,0000,03,3,1000,202409,1,16,000000000,1,01,202412,1,1,02,0,12,5308,5308,5308,A20,CAYEY CULTURAL
661029881,TU CRECE INC,,Q22 CALLE 14,TRUJILLO ALTO,PR,00976-6430,0000,03,3,1270,202303,1,15,000000000,1,01,,0,0,02,0,12,,,,X20,
661030315,PACIFIC INDIGENOUS WOMENS NETWORK,,PO BOX 5063,MANGILAO,GU,96923-5063,0000,04,3,3000,202605,2,00,000000000,1,01,202512,0,0,02,0,12,0,0,0,R24,
661030389,WILDFLOWER FOUNDATION,,PO BOX 802,PONCE,PR,00731-0000,6267,03,9,2000,201704,1,11,000000000,1,01,202412,3,2,02,0,12,42463,17036,17036,B28,CANTUTA MONTESSORI CORP
661030513,VETERANOS EN ACCION INC,% LUIS R MENDEZ,PO BOX 360767,SAN JUAN,PR,00936-0767,0000,03,3,1000,202308,1,15,000000000,1,01,202412,0,0,02,0,12,0,0,0,W30,
661030562,PFLAG ST THOMAS,,6149 ANNAS RETREAT,ST THOMAS,VI,00802-1991,3366,03,9,1000,199403,0,15,123000000,1,01,202509,0,0,02,0,09,0,0,0,,
661030827,RESILIENCY LAW CENTER,,7 UNIVERSITY AVENUE STE-701,SAN JUAN,PR,00925-0000,0000,03,3,1000,202402,4,15,000000000,1,01,202412,1,0,02,0,12,1,0,0,P20,
661031387,CHRISTIANSTED MANGO TREE RIDERS CORPORATION,% TRENT WALCOTT,189 ESTATE RICHMOND,ST CROIX,VI,00820-0000,0000,03,3,2000,202302,1,15,000000000,1,01,202512,0,0,02,0,12,0,0,0,N50,
661031651,MEETING GOD IN MISSIONS INC,% ERIC JI,PO BOX 26413,BARRIGADA,GU,96921-6413,0000,03,3,1270,202303,1,15,000000000,1,01,202512,0,0,02,0,12,0,0,0,X21,
661031757,CENTRO DE APOYO VALIOSA,,HC 1 BOX 3196,JAYUYA,PR,00664-9706,0000,03,3,1000,202411,1,16,000000000,1,01,202506,0,0,02,0,06,0,0,0,P83,
661031943,TOA O SAMOA GOLF ASSOCIATION OF AMERICAN SAMOA,,PO BOX 6971,PAGO PAGO,AS,96799-6292,0000,03,3,1000,202303,1,15,000000000,1,01,202512,0,0,02,0,12,0,0,0,P20,
661032811,IGLESIA CRISTO LA VERDAD,% WILFREDO ELIAS BACHOUR,3 URB LA SERRANIA,CAGUAS,PR,00725-1801,0000,03,3,1700,202308,1,16,000000000,1,01,202412,0,0,02,0,12,0,0,0,X21,
661033047,ISLAND HEAT VOLLEYBALL CLUB,% ARLINE PEIFER,4030 DIAMOND RUBY,CHRISTIANSTED,VI,00820-4408,0000,03,3,1200,202310,1,15,000000000,1,01,202412,1,3,01,0,12,7201,77623,77623,N50,
661033344,FUNDACION SANTOS YAEL ALONSO INC,% SANTOS ALONSO,140 URB SAGRADO CORAZON,ANASCO,PR,00610-9524,0000,03,3,1000,202304,1,16,000000000,1,01,202512,1,3,01,0,12,1071,64916,51486,N6A,
661033780,MANATUA,,PO BOX 4024,PAGO PAGO,AS,96799-4024,0000,03,3,1000,202303,1,16,000000000,1,01,202512,0,0,02,0,12,0,0,0,B99,
661034005,MAKE A DIFFERENCE FUNDRAISING GROUP INC,,174 AVE LAS CAOBAS URB HYDE PARK,SAN JUAN,PR,00927-0000,0000,03,3,1000,202405,1,15,000000000,1,01,202512,0,0,02,0,12,0,0,0,M12,
661034031,PATI MAR,,554 CALLE TRIGO,SAN JUAN,PR,00907-2512,0000,03,3,8000,202312,1,15,000000000,1,01,202412,0,0,02,0,12,0,0,0,C32,
661034442,INSPIRATIONS & HEALINGS EDUCATION WELLNESS CENTER CORP,% NAIDA VALENTIN DE JESUS,HC 06 BOX 69827,CAMUY,PR,00627-0000,0000,03,3,1000,202602,1,15,000000000,1,01,202512,0,0,02,0,12,0,0,0,B90,
661034561,CASA LILA VICTORIA,,G9 CALLE G URB JARDINES DE CAGUAS,CAGUAS,PR,00727-0000,0000,03,3,1000,202508,1,15,000000000,1,01,,0,0,02,0,12,,,,P82,
661034932,CENTRO CIUDAD DE JERUSALEN INC,% CYNTHIA L RIJOS RUIZ,PO BOX 1211,TOA BAJA,PR,00951-1211,0000,03,3,1257,202510,1,16,000000000,1,01,,0,0,02,0,03,,,,B80,
661034978,GAIA STABLE CORPORACION,,511 AV TTE CESAR LUIS GONZALEZ,SAN JUAN,PR,00917-0000,0000,03,3,1200,202603,1,15,000000000,1,01,,0,0,02,0,12,,,,N01,
661035437,PURPOSE WITH PURPOSE FOUNDATION INC,,202 CALLE FEDERICO COSTA,SAN JUAN,PR,00918-1321,0000,03,3,1200,202606,1,15,000000000,1,01,,0,0,01,0,12,,,,B99,
661035466,VIVA PUERTO RICO SHORT-TERM RENTAL ALLIANCE,% RENE ACOSTA,1379 PASEO DON JUAN APT 2-A,SAN JUAN,PR,00907-1461,0000,03,3,2000,202510,1,16,000000000,1,01,,0,0,02,0,12,,,,B01,VIVA PUERTO RICO STR ALLIANCE
661035628,THORVALD MCINTOSH & GERARD ALPHONSO HALL SPORTS AWARDS COMMITTEE INC,% THORVALD MCINTOSH OR SONIA NEALE,PO BOX 4751,KINGSHILL,VI,00851-4751,0000,03,3,1000,202310,1,15,000000000,1,01,202412,1,2,02,0,12,926,14013,14013,N12,
661035769,BLOQUE INDIERA INC,% JAIME SANTANA,270 AVE PONCE DE LEON SUITE 350,SAN JUAN,PR,00917-0000,0000,03,3,1200,202604,1,15,000000000,1,01,202512,0,0,02,0,12,0,0,0,P20,
661036181,ASOCIACION BEISBOL LEVITTOWN INC,,PO BOX 51809,TOA BAJA,PR,00950-1809,0000,03,3,1000,202507,1,16,000000000,1,01,202512,0,0,02,0,12,0,0,0,N60,
661036248,ABADACAPOEIRAPR,% GERALDO GUZMAN,PASEOS LAS VISTAS CALLE 1 A5,SAN JUAN,PR,00926-0000,0000,03,3,1000,202605,1,16,000000000,1,01,,0,0,02,0,12,,,,O23,
661036436,SAINTE ANNE PARISH INC,% WARREN T BUSH,ALTONA 42 CARNAGE/FRENCHTOWN,ST THOMAS,VI,00803-0000,0928,03,9,1700,194603,1,10,031150120,5,01,,0,0,06,0,06,,,,,
661036445,CONFIA Y CREE MINISTRY,,PO BOX 955,BAYAMON,PR,00960-0955,0000,03,3,7000,202601,1,10,000000000,1,01,,0,0,06,0,12,,,,X21,
661036539,NATIONAL FEDERATION OF THE BLIND OF PUERTO RICO INC,% SHALMARIE ARROYO MERCADO,HC 2 BOX 50712,COMERIO,PR,00782-9695,0000,03,3,1000,202309,1,15,000000000,1,01,202512,0,0,02,0,12,0,0,0,P86,
661036591,FINCA NUEVA CREACION,% MARIA GONZALEZ,P8 CALLE 9,HUMACAO,PR,00791-3028,0000,03,3,1000,202306,1,16,000000000,1,01,202312,0,0,02,0,12,0,0,0,K20,
661036626,MOVIMIENTO EDUCATIVO INC,,269 CALLE INTERAMERICANA,SAN JUAN,PR,00927-4104,0000,03,3,1200,202607,1,15,000000000,1,01,,0,0,02,0,12,,,,A99,
661036917,I AM GREAT WITH NONSTOP TALENT CORPORATION,,5 PEPPERTREE TERRACE 5-11,CHRISTIANSTED,VI,00820-0000,0000,03,3,1250,202310,1,16,000000000,1,01,202404,0,0,02,0,04,0,0,0,O50,
661037198,PUERTO RICO SPACE FOUNDATION CORP,% RESIDENT AGENT,700 AVE FERNANDEZ JUNCOS,SAN JUAN,PR,00907-4224,0000,03,3,1280,202309,1,16,000000000,1,01,202512,0,0,02,0,12,0,0,0,T30,PUERTO RICO SPACE FOUNDATION
661037429,LATINO YOUTH DEFENDER CENTER INC,,16 CALLE GAUTIER BENITEZ,COTO LAUREL,PR,00780-2121,0000,03,3,1200,202305,1,15,000000000,1,01,202312,0,0,02,0,12,0,0,0,I01,
661037493,LOST COAST ART COLONY,% KEVIN RHODES,6091 CARR 113 N,QUEBRADILLAS,PR,00678-2518,0000,03,3,2000,202401,1,16,000000000,1,01,202512,0,0,02,0,12,0,0,0,A20,
661037576,SAIPAN HUMANE SOCIETY,% AMBER WESTON,PO BOX 10001 PMB 976,SAIPAN,MP,96950-8901,0000,03,3,1000,202305,1,15,000000000,1,01,202412,4,4,01,0,12,282395,421498,421498,D20,
661037719,LEAN EDUCATION INC,% LYLIANA RIVERA TIRADO,31 AVE ANGEL SANDIN,VEGA BAJA,PR,00693-5107,0000,03,3,2000,202502,1,16,000000000,1,01,202512,0,0,02,0,12,0,0,0,B28,
661037965,CHARLES M KIM VI FOUNDATION INC,% ANDREW PARK,6100 RED HOOK QTR 2 A3-1,ST THOMAS,VI,00802-0000,0000,03,3,1200,202507,1,03,000000000,1,01,202512,7,7,00,1,12,9289889,9325318,,,
661038226,HANDS IN INC,,CHRISTIANSTED ST CROIX 00820,BRITISH VIRGIN ISLANDS,,00000-0000,0000,03,3,1000,202305,1,15,000000000,1,01,202312,0,0,02,0,12,0,0,0,E60,
661038318,RESTORE A PETS HEART,% ARELIS DE LEON NIEVES,HC 2 BOX 8387,COROZAL,PR,00783-6073,0000,03,3,1240,202404,1,15,000000000,1,01,202512,0,0,02,0,12,0,0,0,D20,ANIMAL RESCUE
661038637,CAMP VICTORIA,% ROBERT G WALLINGFORD,CARR 200 KM 2 1,VIEQUES,PR,00765-0000,0000,03,3,1700,202408,1,15,000000000,1,01,202604,1,3,02,0,04,1,45806,45806,X99,
661038925,YISRAELS NEW GENERATION OF MOKO JUMBIES INC,,PO BOX 307201,ST THOMAS,VI,00803-7201,0000,03,3,1200,202307,1,15,000000000,1,01,202412,0,0,02,0,12,0,0,0,O20,
661038970,LIVING IN HARMONY FOUNDATION,% ANNA LEYTE AUZ,1607 AVE PONCE DE LEON COBIANS,SAN JUAN,PR,00909-0000,0000,03,3,1200,202306,1,04,000000000,1,01,202512,4,4,00,1,12,218805,462064,,P20,
661039063,FINE ARTS & MUSIC ACADEMY,,URB BRISAS DE ANASCO,ANASCO,PR,00610-0000,0000,03,3,1000,202504,1,15,000000000,1,01,202512,0,0,02,0,12,0,0,0,A90,
661039242,PUERTO RICO FORESTAL INC,,PO BOX 141722,ARECIBO,PR,00614-1722,0000,03,3,1000,202308,1,16,000000000,1,01,202512,0,0,02,0,12,0,0,0,C99,
661039405,BENITEZ-PAGAN FOUNDATION INC,% RAMON BENITEZ-PAGAN,PO BOX 1215,SABANA SECA,PR,00952-1215,0000,03,3,1280,202307,1,15,000000000,1,01,202312,0,0,02,0,12,0,0,0,U12,
661039724,TRANSSALUD CORP,% GERALD LEE VEGA,40 COND CAGUAS TOWER 2106,CAGUAS,PR,00725-0000,0000,03,3,1200,202308,1,16,000000000,1,01,202404,0,0,02,0,04,0,0,0,E32,
661040128,MAS QUE ARTE INC,,352 BRISAS DEL CARIBE,PONCE,PR,00728-5316,0000,03,3,1000,202308,1,15,000000000,1,01,202512,1,0,02,0,12,1,0,0,A99,MAS QUE ARTE
661040374,REMOPUR CORP,% ROBERTO GONZALEZ,PO BOX 1066,SABANA SECA,PR,00952-1066,0000,03,3,1200,202307,1,15,000000000,1,01,202512,0,0,02,0,12,0,0,0,N67,REMOPUR
661040921,INCENDIOS PROVOCADOS CORP,% ANGEL M FLORES RIVERA,623 PONCE DE LEON SUITE 1001B,SAN JUAN,PR,00917-4820,0000,03,3,2300,202306,1,04,000000000,1,01,,0,0,00,1,01,,,,A30,INCENDIOS PROVOCADOS
661041136,COSTURERAS SONADORAS,,PO BOX 29849,SAN JUAN,PR,00929-0849,0000,03,3,1000,202410,1,16,000000000,1,01,202512,0,0,02,0,12,0,0,0,B90,
661041189,ATLANTIC GROUP ENTERPRISES CORPORATION,% RAMON BARQUIN III,PO BOX 3595,GUAYNABO,PR,00970-3595,0000,03,3,1200,202601,1,23,000000000,1,01,,0,0,02,0,06,,,,B02,
661041680,CREATIVE HOMESCHOOLERS INC,,150 BLVD MEDIA LUNA APT 1508,CAROLINA,PR,00987-4913,0000,03,3,1200,202410,1,16,000000000,1,01,,0,0,02,0,05,,,,B90,
661041767,HELP PUERTO RICO ORPHANS FE,% DIANA ALVERIO,142 CALLE MARTE,CAROLINA,PR,00979-4821,0000,03,3,1500,202402,1,16,000000000,1,01,202512,4,4,01,0,12,158523,260721,260721,P20,
661041807,OCEANUS,,PO BOX 10937,SAN JUAN,PR,00922-0937,0000,03,3,1000,202402,1,15,000000000,1,01,202312,0,0,02,0,12,0,0,0,A20,
661041999,SER FAMILIA INC,% IVELISSE RUPERTO CEO PR,A16 CALLE GENOVA,GUAYNABO,PR,00966-1729,0000,03,3,1000,202410,1,15,000000000,1,01,202412,4,4,01,0,12,115156,411479,411479,P20,
661042419,EURO1040 INC,% MARCO A PAGAN,PO BOX 1670,VEGA BAJA,PR,00694-1670,0000,03,3,1270,202310,1,04,000000000,1,01,202412,1,3,00,1,12,8862,47094,,X20,
661042529,EL ENJAMBRE COLECTIVO INC,,13 CAMINO LOS BAEZ APT 704,GUAYNABO,PR,00971-9636,0000,03,3,1000,202310,1,16,000000000,1,01,202412,4,4,01,0,12,181374,478264,478264,Q30,
661042558,BOONIE FLIGHT PROJECT INCORPORATED,% KELSEY GRAUPNER,PO BOX 25342,BARRIGADA,GU,96921-5342,0000,03,3,4000,202312,1,15,000000000,1,01,202312,2,3,02,0,12,11150,89682,0,D20,BOONIE FLIGHT PROJECT
661042573,TAUSALA VOLLEYBALL CLUB,% SISIFO TAATITI,PO BOX 4888,PAGO PAGO,AS,96799-4888,0000,03,3,1000,202405,1,15,000000000,5,01,,0,0,02,0,12,,,,N60,
661042604,COMPROMISO SOCIAL INTEGRAL PARA LAS MUJERES INC,% HILDA L RAMON RODRIGUEZ,HC 71 BOX 7356,CAYEY,PR,00736-9563,0000,03,3,1250,202402,1,04,000000000,1,01,202512,1,1,00,1,12,2735,3650,,P62,
661042649,MUJER CON PASO FIRME,,209 CALLE VALERIE,VEGA BAJA,PR,00693-5866,0000,03,3,1200,202601,1,15,000000000,1,01,202512,0,0,02,0,12,0,0,0,,
661043001,UP UNIENDO PROPOSITOS CORP,% UP UNIENDO PROPOSITOS,PO BOX 3418,GUAYAMA,PR,00785-3418,0000,03,3,1270,202405,1,15,000000000,1,01,,0,0,02,0,12,,,,W12,UP UNIENDO PROPOSITOS
661043146,COOPERATIVA ENERGETICA DE LAS ISLAS,% EDGAR OSCAR RUIZ,PO BOX 691,VIEQUES,PR,00765-0691,0000,12,3,4000,202310,2,00,000000000,1,01,202412,0,0,02,0,12,0,0,0,W80,
661043474,PACIFIC VOLLEYBALL ACADEMY INC,,121 BONITA LN,TAMUNING,GU,96913-3975,0000,03,3,1000,202307,1,16,000000000,1,01,202512,0,0,02,0,12,0,0,0,N50,
661043661,THE ROTARY CLUB OF ST THOMAS II INC,% MICHAEL TOUSSAINT,PO BOX 10340,ST THOMAS,VI,00801-3340,0000,03,3,1000,202307,1,15,000000000,1,01,202506,0,0,02,0,06,0,0,0,B82,
661043737,ALEGRE EQUINE RESCUE CORP,% GREGORY JACKSON,PO BOX 1876,RIO GRANDE,PR,00745-1876,0000,03,3,1000,202404,1,04,000000000,1,01,202512,3,3,00,1,12,59490,54500,,D20,
661043830,RINCON WATER SAFETY ORGANIZATION CORP,,PO BOX 478,RINCON,PR,00677-0478,0000,03,3,1200,202402,1,16,000000000,1,01,202512,4,4,01,0,12,270976,350401,350401,M40,
661043842,COLECTIVO PRAXIS INC,,586 CALLE SEGOVIA,SAN JUAN,PR,00923-1839,0000,03,3,1000,202508,1,16,000000000,1,01,202512,0,0,02,0,12,0,0,0,A20,PRAXIS
661044228,AMERICAN SAMOA TRADES ACADEMY,,PO BOX 313,PAGO PAGO,AS,96799-0313,0000,03,3,2000,202311,1,16,000000000,1,01,202409,0,0,02,0,09,0,0,0,B30,ASTA
661044452,FUNDACION KANARI CORP,% ALAN DEL CASTILLO,1250 AVE PONCE DE LEON STE 1004,SAN JUAN,PR,00907-3914,0000,03,3,1270,202502,1,15,000000000,1,01,202412,1,3,02,0,12,9501,34501,34501,B01,
661044465,FUNDACION LEGION AMERICAN DE PUERTO RICO,,1700 AVE JESUS T PINERO,SAN JAUN,PR,00921-1201,0000,03,3,1000,202309,1,15,000000000,1,01,202504,0,0,02,0,04,0,0,0,P50,
661045197,PASEFIKA PRESENCE,,ATFUNA AIRPORT ROAD BOX 1506,PAGO PAGO,AS,96799-0000,0000,03,3,1200,202603,1,15,000000000,1,01,,0,0,02,0,12,,,,A20,
661045531,ART FOR ALL STUDENTS FOUNDATION INC,,1666 PONCE DE LEON,SAN JUAN,PR,00909-1865,0000,03,3,1000,202308,1,04,000000000,1,01,202412,1,1,00,1,12,1,1,,B80,
661045555,CHCC FOUNDATION,% CHCC FOUNDATION,PO BOX 500409,SAIPAN,MP,96950-0409,0000,03,3,1000,202412,1,16,000000000,1,01,202412,0,0,02,0,12,0,0,0,G12,
661045766,MINISTERIO TURN POINT INC,,25 MANS DE ANASCO,ANASCO,PR,00610-9620,0000,03,3,1700,202512,1,10,000000000,1,01,,0,0,06,0,12,,,,X20,
661046011,INSTITUTE OF BEHAVIORAL HEALTH IMPLEMENTATION INC,% IVIS S CARRION GONZALEZ,1056 AVE MUNOZ RIVERA STE 607,SAN JUAN,PR,00927-5013,0000,03,3,2800,202308,1,04,000000000,1,01,202506,3,4,00,1,06,97907,127798,,F05,
661046115,BLUE FENIX CARE,% MARIE M V DUJON,1071 CALLE PUERTO ARTURO,SAN JUAN,PR,00907-4623,0000,03,3,1000,202402,1,16,000000000,1,01,202512,0,0,02,0,12,0,0,0,E60,
661046240,LITTLE TREE FOUNDATION,,101 CALLE 6,ARECIBO,PR,00612-3027,0000,03,3,1278,202601,1,15,000000000,1,01,,0,0,02,0,12,,,,O99,
661046313,FARM EDUCATION FOR ALL INC,% VIRGINIA CLAIRMONT,516 HOSPITAL ST APT A7,FREDERIKSTED,VI,00840-3802,0000,03,3,1200,202309,1,16,000000000,1,01,202509,0,0,02,0,09,0,0,0,K20,
661046509,FUNDACION PEDRO INC,% FRANCISCO J MENDEZ GONZALEZ,120 CHARDON NUM 009,SAN JUAN,PR,00918-0000,0000,03,3,1000,202501,1,04,000000000,1,01,202412,3,3,00,1,12,58629,62422,,P84,
661046550,WINGS 4 PAWS INC,% IVETTE RODRIGUEZ,PO BOX 515,VEGA ALTA,PR,00692-0515,0000,03,3,4000,202309,1,04,000000000,1,01,202512,1,1,00,1,12,1,1,,D20,IVETTE RODRIGUEZ
661047091,PROYECTO ALCANCE MAUNABO,,156 BO CALZADA,MAUNABO,PR,00707-2724,0000,03,3,1200,202309,1,16,000000000,1,01,202512,0,0,02,0,12,0,0,0,S99,
661047120,VANTAGE FOUNDATION INC,% NATALIE LO,9053 ESTATE THOMAS 101,ST THOMAS,VI,00802-0000,0000,03,3,1000,202310,1,16,000000000,1,01,202512,1,1,02,0,12,2619,8044,8044,W12,
661047242,FATOATA,,5744 MALAELOA ST,PAGO PAGO,AS,96799-0000,0000,03,3,2000,202503,1,15,000000000,1,01,202512,0,0,02,0,12,0,0,0,C60,
661047329,FROSTY TAILS PUERTO RICO ADVENTURES CORP,% JOSE I RAMIREZ,33 CALLE TAURO,CAROLINA,PR,00979-1664,0000,03,3,1400,202310,1,15,000000000,1,01,202312,0,0,02,0,12,0,0,0,D20,FROSTY TAILS
661047829,LA CASA DEL VETERANO INC,% HECTOR HERNANDEZ,AVE AGUSTIN RAMOS CALERO 7113,ISABELA,PR,00662-0000,0000,03,3,1000,202311,1,15,000000000,1,01,202412,0,0,02,0,12,0,0,0,P50,
661047866,PROYECTO KOKOBALE INC,,PO BOX 2716,GUAYNABO,PR,00970-2716,0000,03,3,2000,202309,1,15,000000000,1,01,202512,0,0,02,0,12,0,0,0,A99,
661047894,CAMPUS CRUSADE FOR CHRIST INC,% URB RAMIREZ DE ARELLANO,URB RAMIREZ DE ARELLANO,MAYAGUEZ,PR,00682-0000,3864,03,9,7000,200207,2,15,000000000,5,01,,0,0,13,0,12,,,,X20,CRU PUERTO RICO INC
661048241,FLIGHT ANGELS INC,% JADA ADORNO,PO BOX 39,SAN LORENZO,PR,00754-0039,0000,03,3,4500,202511,1,16,000000000,1,01,,0,0,02,0,12,,,,D20,
661049086,AULA CREATIVA,% TOMASITA HERNANDEZ,3538 BLVD MEDIA LUNA COND THE RESID,CAROLINA,PR,00987-0000,0000,03,3,1200,202409,1,16,000000000,1,01,202512,0,0,02,0,12,0,0,0,B60,
661049198,ALTRUSA INTERNATIONAL FOUNDATION INC,% MARIA E PEREZ NEGRON,11 CALLE HOSTOS,SAN SEBASTIAN,PR,00685-2305,9381,03,9,1000,198512,1,15,059000000,1,01,202505,0,0,02,0,05,0,0,0,B92J,SAN SEBASTIAN PUERTO RICO INC
661049526,CELCIT PUERTO RICO INC,% FRANCES IVETTE ARROYO-LOPEZ,BDA GONZALEZ 301 CALLE 4,TRUJILLO ALTO,PR,00976-0000,0000,03,3,1238,202402,1,15,000000000,1,01,202412,0,0,02,0,12,0,0,0,A20,
661049531,EL BORICUA POR LAS ARTES Y LA CULTURA INC,,5 CALLE SALDANA,SAN JUAN,PR,00925-2905,0000,03,3,2000,202509,1,15,000000000,1,01,202512,2,3,02,0,07,19639,30900,30900,A20,
661050236,ARTES COMUNITARIAS MORIVIVI INC,% RAYSA RODRIGUEZ,PO BOX 51852,TOA BAJA,PR,00950-1852,0000,03,3,1000,202311,1,15,000000000,1,01,202412,0,0,02,0,12,0,0,0,A40,
661050611,PEOPLE AND PARENTS TAKING ACTION INC,% DELTA HARRIS,PO BOX 4311,KINGSHILL,VI,00851-4311,0000,03,3,1000,202406,1,16,000000000,1,01,202512,0,0,02,0,12,0,0,0,S12,
661051076,KIDS SERVING KIDS INC,% JOSEPH SHORT DUPREY,6-21 CALLE OVIEDO,GUAYNABO,PR,00966-3003,0000,03,3,1000,202511,1,15,000000000,1,01,202512,0,0,02,0,12,0,0,0,O50,KSK
661051108,VIDA SOLUTIONS & ALLIANCE FOUNDATION GROUP,% LISANDRA GUTIERREZ FIGUEROA,417 VIA MEDITERRANEA,DORADO,PR,00646-4640,0000,03,3,1270,202312,1,15,000000000,1,01,202512,0,0,02,0,12,0,0,0,S20,
661051219,UNIVERSITY OF THEOLOGY & THERAPEUTIC EMPOWERMENT CORP,% RAFAELA ROSA HUERTAS,FORREST HILLS I 227 BUENOS AIRES,BAYAMON,PR,00959-0000,0000,03,3,1270,202310,1,15,000000000,1,01,202512,0,0,02,0,12,0,0,0,B43,UTTEC
661051527,IRENSIAN Y SAINA YAN Y TANO INC,,PO BOX 503774,SAIPAN,MP,96950-3774,0000,03,3,1000,202310,1,16,000000000,1,01,202501,0,0,02,0,01,0,0,0,D30,
661051761,TOASTMASTERS INTERNATIONAL,% MEDTRONIC PR TOASTMASTER CLUB,167 CALLE ALBERTO RODRIGUEZ DIAZ,LAS PIEDRAS,PR,00771-0000,0820,03,9,2000,194505,1,16,059319000,1,01,202512,0,0,02,0,12,0,0,0,,28676465 MEDTRONIC PR TOASTMASTER
661052710,MUSIC PERFORMING ARTS COMPETITION CORPORATION MPACC,% DANIEL O QUITUGUA,PO BOX 500935,SAIPAN,MP,96950-0935,0000,03,3,1000,202502,1,16,000000000,1,01,202412,0,0,02,0,12,0,0,0,A68,
661052743,GRASSROOTS RESOURCES ACTION COMMUNITY EFFORT & EDUCATION,,PO BOX 1802,FREDERIKSTED,VI,00841-1802,0000,03,3,1000,202311,1,16,000000000,1,01,202412,0,0,02,0,12,0,0,0,P83,G R A C E
661052911,FUNDACION PATITAS PINTADAS,% BEATRIZ BLANCO,1595 CALLE ALDA,SAN JUAN,PR,00926-2719,0000,03,3,1400,202311,1,04,000000000,1,01,202512,1,1,00,1,12,1,1,,D40,
661053083,AGC PUERTO RICO CHAPTER WORKFORCE DEVELOPMENT FOUNDATION INC,,501 CALLE PERSEO STE 211,SAN JUAN,PR,00920-4249,0000,03,3,2000,202408,1,15,000000000,1,01,202412,3,4,01,0,12,78466,102502,102502,B90,
661053237,DE A POKITO POR PUERTO RICO INC,,PO BOX 1276,SALINAS,PR,00751-1276,0000,03,3,1280,202512,1,15,000000000,1,01,202512,0,0,02,0,12,0,0,0,C60,DE A POKITO POR PUERTO RICO
661053373,USVI CHILDREN AND YOUTH TASK FORCE INC,,PO BOX 9860,ST THOMAS,VI,00801-2860,0000,03,3,1200,202509,1,15,000000000,1,01,202512,0,0,02,0,12,0,0,0,T20,
661053990,CENTRO DE AMOR APOYO Y RESTAURACION,% HECTOR LEON,445 CALLE PORTUGAL,CAROLINA,PR,00983-1420,0000,03,3,1000,202312,1,15,000000000,1,01,202512,0,0,02,0,12,0,0,0,P20,
661054262,ASOCIACION DE ESCALADORES DE PUERTO RICO INC,% HELIODOR JALBA,A9 LAS VILLAS TOWNHOUSES,GUAYNABO,PR,00969-3227,0000,03,3,1200,202405,1,16,000000000,1,01,202512,0,0,02,0,12,0,0,0,C01,
661054851,ASOCIACION KINESIOLOGIA TFH PUERTO RICO INC,% RIOS- AKTFHPR,402 CALLE SAN GENARO,SAN JUAN,PR,00926-4105,0000,03,3,2000,202412,1,16,000000000,1,01,202512,0,0,02,0,12,0,0,0,E03,AKTFHPR
661055010,TAINO SEEDS & AG INC,,1654 CALLE TULIPAN STE 100,SAN JUAN,PR,00927-6242,0000,03,3,1000,202403,1,15,000000000,1,01,202504,0,0,02,0,04,0,0,0,K99,
661055195,SEMINARIO TEOLOGICO DE PUERTO RICO INC,,URB ROOSEVELT JOSE CANALS 458 STE 3,SAN JUAN,PR,00918-0000,0000,03,3,2700,202503,1,15,000000000,1,01,,0,0,01,0,06,,,,X20,
661055196,SISTEMA VIVA REHABILITATION COMPLEX INC,% GILBERTO BAUZO,RR 4 BOX 3494,BAYAMON,PR,00956-9417,0000,03,3,2000,202312,1,16,000000000,1,01,,0,0,02,0,04,,,,P80,
661055202,CASA DEL VETERANO ARECIBO INC,% CASA DEL VETERANO ARECIBO INC,463L AVE NOEL ESTRADA,ISABELA,PR,00662-3229,0000,03,3,1000,202412,1,13,000000000,1,01,202412,0,0,02,0,12,0,0,0,P51,
661055495,VEGA BAJA CLB INC,% JEANNETTE LOPEZ,FRANCISCO ST NATER,VEGA BAJA,PR,00693-0000,0000,03,3,1000,202401,1,16,000000000,1,01,202512,0,0,02,0,12,0,0,0,S20,
661055677,SEMILLA CYBER,% ALBERTO J GARCIA VERA,10 CALLE JESUS T PINERO,SAN SEBASTIAN,PR,00685-2228,0000,03,3,8000,202411,1,16,000000000,1,01,202512,0,0,02,0,12,0,0,0,U02,
661055876,ENDOS NETWORK,% FELIX,PO BOX 194726,SAN JUAN,PR,00919-4726,0000,03,3,7000,202312,1,15,000000000,1,01,,0,0,02,0,12,,,,X20,
661055967,ANIMALIS FOUNDATION INC,,1607 AVE PONCE DE LEON STE GM6,SAN JUAN,PR,00909-1803,0000,03,3,1000,202407,1,15,000000000,2,01,202512,0,0,02,0,12,0,0,0,D40,JOSE O RODRIGUEZ RIVERA MBR
661056000,THE AMERICAN LEGION,% JUAN CRUZ CRUZ,CALLE MUNOZ RIVERA 18,YABUCOA,PR,00677-0000,0925,19,9,1000,194603,1,00,907908000,5,01,202512,0,0,02,0,12,0,0,0,,ARTURO MALAVE POST 0064
661056073,INNOVASTEAM PR INC,% HECTOR DE JESUS,URB VILLAS DE SAN AGUSTIN ST 5 E-3,BAYAMON,PR,00959-0000,0000,03,3,2000,202409,1,15,000000000,1,01,202412,0,0,02,0,12,0,0,0,B99,
661056172,MAKE IT HAPPEN FOUNDATION INC,% NYKOLE TYSON,508 WORK AND REST,CHRISTIANSTED,VI,00820-0000,0000,03,3,2000,202504,1,15,000000000,1,01,202512,0,0,02,0,12,0,0,0,B11,
661056706,PR EATS FOR GOOD INC,,407 VIA MEDITERRANEA,DORADO,PR,00646-4639,0000,03,3,1000,202405,1,15,000000000,1,01,,0,0,01,0,06,,,,K12,
661056850,YAUCO CLB INC,,AVE SANTIAGO VIVALDI 13,YAUCO,PR,00698-0000,0000,03,3,1000,202401,1,16,000000000,1,01,202312,0,0,02,0,12,0,0,0,S20,
661057010,MIND BODY GLOBAL WELLNESS INSTITUTE,% SHEENA M WALKER,PO BOX 12137,ST THOMAS,VI,00801-5137,0000,03,3,1200,202401,1,15,000000000,1,01,202312,0,0,02,0,12,0,0,0,F99,
661057144,JUSTICIA EDUCATIVA,% EDUARDO A BHATIA,171 CALLE CRISANTEMO,SAN JUAN,PR,00927-6344,0000,03,3,1000,202401,1,15,000000000,1,01,202412,1,0,02,0,12,1,0,0,B01,
661057430,PIVOT TO SUCCESS INC,% PIVOT TO SUCCESS INC,PO BOX 5775,CHRISTIANSTED,VI,00823-5775,0000,03,3,1200,202404,1,15,000000000,1,01,202512,0,0,02,0,12,0,0,0,N63,
661057455,BTC DE HORMIGUEROS INC,,1 CALLE MATEO FAJARDO,HORMIGUEROS,PR,00660-1706,0000,03,3,1000,202401,1,16,000000000,1,01,202512,0,0,02,0,12,0,0,0,S20,
661057854,FUNDACION ROYAL ISABELA INC,,53 CALLE PALMERAS STE 501,SAN JUAN,PR,00901-2409,0000,03,3,1200,202605,1,15,000000000,1,01,202412,6,4,01,0,12,1409942,252158,19392,C99,
661057902,ODYSSEY FOUNDATION PUERTO RICO,,118 LIGHTHOUSE DR,AGUADILLA,PR,00603-1329,0000,03,3,1000,202401,1,16,000000000,1,01,202512,0,0,02,0,12,0,0,0,,
661058011,UMOJA COOPERATION INC,% SHALIMA EDWARDS,PO BOX 3168,KINGSHILL,VI,00851-3168,0000,03,3,1200,202509,1,15,000000000,1,01,202512,0,0,02,0,12,0,0,0,S99,
661058266,VIRGIN ISLANDS SPAY AND NEUTER INC,,6501 RED HOOK PLAZA STE 201 236,ST THOMA,VI,00802-1373,0000,03,3,1400,202403,1,15,000000000,1,01,202512,3,3,02,0,12,53455,29261,29261,D20,
661058375,GUAYANES AL RESCATE,,HC 2 BOX 8132,YABUCOA,PR,00767-9586,0000,03,3,1230,202506,1,15,000000000,1,01,202512,0,0,02,0,12,0,0,0,S20,
661058607,J WAN ROBERTS FOUNDATIONS INC,,6-26 CONTANT,ST THOMAS,VI,00802-0000,0000,03,3,2000,202401,1,16,000000000,1,01,,0,0,02,0,12,,,,N62,
661058672,RIVERA INITIATIVES INC,,PO BOX 2618,GUAYNABO,PR,00970-2618,0000,03,3,2380,202404,1,04,000000000,1,01,,0,0,00,1,12,,,,U03,
661059009,INSTITUTO D,,2 CALLE COSTA AZUL,DORADO,PR,00646-2175,0000,03,3,2800,202401,1,04,000000000,1,01,202412,1,3,00,1,12,5340,69500,,W05,
661059132,ESCRITURA PUBLICA INC,,155 AVENIDA HOSTOS APT NG-302,SAN JUAN,PR,00918-4255,0000,03,3,3000,202406,1,16,000000000,1,01,202512,0,0,02,0,12,0,0,0,A20,
661059177,NICOLETTE BALDOVINO COMMUNITY FOUNDATION INC,% NENITA BALDOVINO,545 S MARINE CORPS DR STE 101,TAMUNING,GU,96913-3566,0000,03,3,1000,202505,1,15,000000000,1,01,202512,0,0,02,0,12,0,0,0,P20,
661059188,GOSPEL LIFE CHURCH CORPORATION,% MELCHOR HENNEGAN,120 UNGAGUAN ST,BARRIGADA,GU,96913-1754,0000,03,3,7000,202505,1,10,000000000,1,01,,0,0,06,0,06,,,,X21,GOSPEL LIFE CHURCH
661059189,NUR SALUD COMUNITARIA INC,% LAITH AWAD MOHAMAD,CARR 782 KM 9 BARRIO NARANJO SPC1,COMERIO,PR,00782-0000,0000,03,3,2800,202401,1,16,000000000,1,01,202604,0,0,02,0,04,0,0,0,E21,
661059365,PUERTO RICO FLUTE FESTIVAL CORP,% JANICE SANTIAGO,HC BOX 5708,JUANA DIAZ,PR,00795-0000,0000,03,3,2000,202406,1,16,000000000,1,01,202606,0,0,02,0,06,0,0,0,A20,
661059485,DENTAL SERVICES FOR THE PHYSICALLY AND MENTALLY CHALLENGED INC,,PO BOX 843,BOQUERON,PR,00622-0843,0000,03,3,1000,202405,1,15,000000000,1,01,202512,0,0,02,0,12,0,0,0,E70,
661059553,MP 4 LIFE INC,% MARIA FLOR DELEON GUERRERO,PO BOX 501652,SAIPAN,MP,96950-1652,0000,03,3,1230,202402,1,16,000000000,1,01,202312,0,0,02,0,12,0,0,0,S99,
661059773,FUNDACION PA MI GENTE,,960 CALLE QUITO,SAN JUAN,PR,00921-2338,0000,03,3,1200,202604,1,15,000000000,1,01,,0,0,02,0,12,,,,P20,
661060086,729 BARBECUE SOLIDARITY CREW FOUNDATION,% JUAN HERNANDEZ FLORES,CIUDAD JARDIN 40 CALLE DEL RIO,CANOVANAS,PR,00729-0000,0000,03,3,1000,202502,1,15,000000000,1,01,202512,0,0,02,0,12,0,0,0,M20,
661060152,MINISTERIO CRISTIANO SALEM,% NESY V CAPO DELGADO,PO BOX 29875,SAN JUAN,PR,00929-0875,0000,03,3,7000,202402,1,16,000000000,1,01,202501,0,0,02,0,01,0,0,0,X20,
661060239,PARACLETEPR INC,% RONALD WILLIAMS GARCIA,117 CALLE REAL,BAYAMON,PR,00956-9243,0000,03,3,1000,202603,1,16,000000000,1,01,,0,0,02,0,12,,,,F30,
661060285,JUVENTUD UNIDA POR LA NECESIDAD TRANSFORMACION Y EQUIDAD SOCIAL IN,,URB LOS ROSALES 28 AVE 4,MANATI,PR,00674-0000,0000,03,3,1000,202410,1,15,000000000,1,01,202412,0,0,02,0,12,0,0,0,O50,
661060336,USVI FOOTBALL INC,% JUSTIN SMITH,PO BOX 4016,KINGSHILL,VI,00851-4016,0000,03,3,1000,202402,1,15,000000000,1,01,,0,0,02,0,12,,,,N99,
661060388,RUEDA LIBRE,% JOSE A SUERO BELEN,335 CALLE BENITEZ CASTANO,SAN JUAN,PR,00912-4024,0000,03,3,1000,202404,1,16,000000000,1,01,202412,0,0,02,0,12,0,0,0,N99,
661060424,INSTITUTO LABORAL DE EDUCACION,,571 CALLE INDEPENDENCIA,SAN JUAN,PR,00918-4327,0000,03,3,1000,202404,1,15,000000000,1,01,202512,0,0,02,0,12,0,0,0,J01,
661060685,COMUNIDAD CRISTIANA VERDADERA IDENTIDAD INC,,HC-03 BOX 532,ADJUNTAS,PR,00601-0000,0000,03,3,7000,202501,1,10,000000000,1,01,,0,0,06,0,12,,,,X20,
661061097,ICS RESEARCH INSTITUTE INC,% LORNA BAEZ,2831 BLVD LUIS A FERRE SUITE 104,PONCE,PR,00717-2118,0000,03,3,1600,202402,1,16,000000000,1,01,,0,0,02,0,12,,,,U99,
661061159,MISION APREND INC,,VISTAS DE LUQUILLO CALLE V 2 D 50,LUQUILLO,PR,00773-0000,0000,03,3,1200,202411,1,16,000000000,1,01,202512,0,0,02,0,12,0,0,0,X20,
661061189,MYO INSTITUTE INC,,PO BOX 30877,SAN JUAN,PR,00929-1877,0000,03,3,2000,202403,1,16,000000000,1,01,202512,0,0,02,0,12,0,0,0,B90,
661061190,GYPSIES CARNIVAL TROUPE INC,% JUDITH A WATSON,LOCAL,ST THOMAS,VI,00804-0000,0000,07,3,1000,202412,2,00,000000000,1,01,202512,3,3,02,0,12,65806,44275,44275,N52,
661061563,LONGEVITY SAN JUAN CORP,,157 LUNA ST,SAN JUAN,PR,00901-0000,0000,03,3,1280,202402,1,04,000000000,1,01,,0,0,00,1,12,,,,B12,
661061751,CAMP MURCIELAGO OFICIAL INC,% ALEGAN MALAVE,1325 C SAN IGNACIO 7J,SAN JUAN,PR,00921-0000,0000,03,3,1280,202402,1,16,000000000,1,01,202412,0,0,02,0,12,0,0,0,C30,CAMPAMENTO MURCIELAGO
661061891,GODS LIGHTHOUSE OUTREACH MINISTRY I NC,% VERDLINE LLOYD,714 MT PLEASANT PHASE 3,FREDERIKSTED,VI,00840-0000,0000,03,3,7000,202607,1,04,000000000,5,01,,0,0,00,1,12,,,,X20,
661062049,CULTURARTE INC,% ORLANDO VELEZ,9 VILLA OFELIA,AGUADA,PR,00602-9833,0000,03,3,1200,202405,1,16,000000000,1,01,202512,0,0,02,0,12,0,0,0,A80,
661062102,WILDFLOWER FOUNDATION,,PO BOX 154,DORADO,PR,00646-0154,6267,03,9,1200,201704,1,15,000000000,1,01,202506,3,4,01,0,06,74656,451005,446300,B02,THE GIRASOL SCHOOL CORP
661062106,AVALANCHA INC,% ALEGNA MALAVE,1325 CALLE SAN IGNACIO 7J,SAN JUAN,PR,00921-0000,0000,03,3,1268,202402,1,16,000000000,1,01,202412,0,0,02,0,12,0,0,0,C30,AVALANCHA
661062249,ONE HAND APOYEMOS,% ENRIQUE GARCIA LOZADA,ALTURAS DEL FLAMBOYAN QQ17 30A ST,BAYAMON,PR,00959-0000,0000,03,3,1250,202402,1,15,000000000,1,01,202512,0,0,02,0,12,0,0,0,S20,
661062279,DISCOVER CHURCH PUERTO RICO,% FRANCISCO FIGUEROA,HC 1 BOX 26030,VEGA BAJA,PR,00693-9724,0000,03,3,7000,202502,1,15,000000000,1,01,202501,0,0,02,0,01,0,0,0,X20,
661062314,ECHAR PA LANTE INC,% GLORIA VISCASILLAS,167 AVE PONCE DE LEON,SAN JUAN,PR,00917-1216,0000,03,3,1200,202607,1,15,000000000,1,01,,0,0,01,0,06,,,,S31,
661062341,LIGA PUERTORRIQUENA DE SUP,% SHANTALL OTERO,583 CALLE YUNQUE URB SUMMIT HIL,SAN JUAN,PR,00920-0000,0000,03,3,1000,202405,1,16,000000000,1,01,202512,0,0,02,0,12,0,0,0,N99,
661062422,YESPAL CORP,% YESPAL CORP,795 CALLE XURLA URB,SAN JUAN,PR,00928-0000,0000,03,3,1230,202403,1,04,000000000,1,01,,0,0,00,1,01,,,,S99,
661062633,KILOMETROS DE CAMBIO INC,,51 CALLE PONCE,SAN JUAN,PR,00917-5003,0000,03,3,1000,202512,1,04,000000000,1,01,,0,0,00,1,12,,,,P43,
661062662,FUNDACION BLANCA RIVERA INC,,149 VISTA LA BAHIA STREET,BAYAMON,PR,00957-0000,0000,03,3,1250,202403,1,15,000000000,1,01,202512,0,0,02,0,12,0,0,0,K30,
661062864,LA VIKINGADA,% RANDIEL NEGRON,VILLAS LAS MERCEDES CALLE 1 A2,CAGUAS,PR,00725-0000,0000,03,3,1000,202501,1,16,000000000,1,01,202412,0,0,02,0,12,0,0,0,N60,
661063007,OPEN DOOR ENCOURAGING CHANGE HOMELESS OPPORTUNITY SHELTER,% SR ELIZABETH-SOJOURNER RANEY,30 CALLE ESTRELLA,PONCE,PR,00730-3833,0000,03,3,1700,202406,1,15,000000000,1,01,,0,0,02,0,12,,,,L41,ECHOS
661063125,US VIRGIN ISLANDS SCHOOL COUNSELOR ASSOCIATION INC,% RASHIDA K LESTER,PO BOX 25701,CHRISTIANSTED,VI,00824-1701,0000,03,3,1200,202404,1,16,000000000,1,01,202512,0,0,02,0,12,0,0,0,B03,
661063465,CENTRO MONTESSORI TERAPEUTICO INC,,293 CALLE ALPHA,ISABELA,PR,00662-4146,0000,03,3,1000,202408,1,16,000000000,1,01,202512,0,0,02,0,12,0,0,0,G25,
661063519,FOX RESCATE Y REHABILITACION VETERINARIA INC,,304 CALLE ERNESTO VIGOREAUX,SAN JUAN,PR,00915-2126,0000,03,3,1400,202403,1,15,000000000,1,01,202512,0,0,02,0,12,0,0,0,D20,
661063611,JED EDUCATIONAL HEALTH SUPPORT GROUP,,AGUAS BUENAS,PUERTO RICO,,00000-0000,0000,03,3,1000,202405,1,15,000000000,1,01,,0,0,01,0,12,,,,P20,
661063801,AWAKE TO DREAM INC,% KENNETH ARRINGTON,PO BOX 6057,AGUADILLA,PR,00604-6057,0000,03,3,1000,202501,1,15,000000000,1,01,202502,2,3,02,0,02,10911,39030,39030,K99,
661063827,PROYECTO INTEGRACION COMUNITARIA DE SAN ISIDRO INC,% CHRISTIAN MONAJAN,CARR 188 KM 13 BARRIO SAN ISIDRO,CANOVANAS,PR,00729-0000,0000,03,3,1000,202501,1,15,000000000,1,01,202512,1,2,02,0,12,6858,13876,13876,P50,
661064074,UPLIFT ACADEMY INC,,9-1-39 ESTATE PETERBORG,ST THOMAS,VI,00802-0000,0000,03,3,2000,202403,1,04,000000000,1,01,,0,0,00,1,01,,,,B03,UPLIFT ACADEMY
661064146,REEF-SAFE PR INCORPORATED,,500 AVE LUIS MUNOZ RIVERA APT 1207,SAN JUAN,PR,00918-3300,0000,03,3,1000,202501,1,15,000000000,1,01,,0,0,01,0,12,,,,C32,REEF-SAFE PR
661064205,SEMINARIO TEOLOGICO NAIOT INC,% MANUEL CORCHADO,264 CALLE PASCUA,ISABELA,PR,00662-2740,0000,03,3,2700,202410,1,16,000000000,1,01,,0,0,02,0,12,,,,X20,
661064307,KITTEN FIGHT CLUB INC,,PO BOX 8745,ST THOMAS,VI,00801-1745,0000,03,3,4000,202404,1,15,000000000,1,01,202512,2,2,02,0,12,11871,16478,16478,D20,
661064438,AMIGOS DEL SYLVIA INC,,161 CALLE SAN JORGE STE 200,SAN JUAN,PR,00911-2176,0000,03,3,1200,202509,1,15,000000000,1,01,202502,1,0,02,0,02,1,0,0,A99,
661064453,ARTSPACE GUAHAN,% DEANE JESSEE-JONES,353 CHALAN SAN ANTONIO STE 103,TAMUNING,GU,96913-3300,0000,03,3,1200,202405,1,16,000000000,1,01,202512,4,4,01,0,12,110288,282467,282467,A20,
661064508,SOCIEDAD DE CARDIOLOGOS GRADUADOS DE LA UPR LLC,,258 CALLE DE LA LUNA 3,SAN JUAN,PR,00901-0000,0000,03,3,2000,202501,1,15,000000000,0,01,,0,0,02,0,12,,,,B90,
661064539,MILITARY POLICE REGIMENTAL ASSOCIATION OF PUERTO RICO,,PO BOX 801216,COTO LAUREL,PR,00780-1216,0000,03,3,2380,202504,1,16,000000000,1,01,202512,0,0,02,0,12,0,0,0,W30,
661064842,ISLA MAR INC,% CHELSEA HARMS TUOHY,PO BOX 828,RINCON,PR,00677-0828,0000,03,3,1280,202404,1,16,000000000,1,01,202512,0,0,02,0,12,0,0,0,C60,
661064993,UNITED ENVIRONMENT GROUP INC,% LYDIA VINALES MAYSONET,HC 83 BOX 6153,VEGA ALTA,PR,00692-9705,0000,03,3,1200,202509,1,15,000000000,1,01,202512,0,0,02,0,12,0,0,0,M11,UNITED ENVIRONMENT GROUP
661065045,NATURE ASSOCIATION OF THE VIRGIN ISLANDS,% MICHAEL PEDE,1215 KING CROSS ST,CHRISTIANSTED,VI,00820-5027,0000,03,3,1200,202403,1,16,000000000,1,01,202506,0,0,02,0,06,0,0,0,,
661065238,CNMI ARTS AND CULTURE INC,% MARY M S SABLAN,5208 CAPITOL HILL,SAIPAN,MP,96950-0000,0000,03,3,1300,202510,1,15,000000000,1,01,202512,1,0,02,0,12,1171,0,0,A20,
661065312,BIEKE ES INCORPORADO,,CARR 997 KM 1 LOTE 183,VIEQUES,PR,00765-0000,0000,03,3,2000,202506,1,16,000000000,1,01,,0,0,02,0,12,,,,S99,
661065612,PEOPLE WHO SMILE CORPORATION,,GUAYNABO 00970,PUERTO RICO,,00000-0000,0000,03,3,1000,202412,1,03,000000000,1,01,,0,0,00,1,12,,,,T50,
661065857,JOY 111 FOUNDATION,% ADRIAN TALLEDO,5A RUTA 474,ISABELA,PR,00662-3965,0000,03,3,1200,202404,1,16,000000000,1,01,202412,1,1,02,0,12,5365,5785,5785,A60,
661065871,FORGOTTEN LANDS INC,,27 BOETZBURG,CHRISTIANSTED,VI,00820-0000,0000,03,3,2300,202405,1,15,000000000,1,01,202512,0,0,02,0,12,0,0,0,A01,
661065884,ALIVA INC,,80 TIPPPERARY,ST CROIX,VI,00820-0000,0000,03,3,1000,202404,1,15,000000000,1,01,202412,0,0,02,0,12,0,0,0,O01,
661065979,MEMORY CARE FOUNDATION,,1206 C/62 SE,SAN JUAN,PR,00921-0000,0000,03,3,1200,202502,1,15,000000000,1,01,202512,0,0,02,0,12,0,0,0,P20,
661066042,PUERTA DE TIERRA PRESERVACION DESARROLLO Y TRANSFORMACION CORP,% RADIM CAPEK,200 CALLE SAN AGUSTIN,SAN JUAN,PR,00901-2800,0000,03,3,1258,202404,1,15,000000000,1,01,,0,0,02,0,12,,,,S20,PDT2
661066060,PROYECTO DE DOCUMENTACION DE ARTISTAS LATINOAMERICANOS INC,,553 CALLE TRIGO,SAN JUAN,PR,00907-2511,0000,03,3,1200,202404,1,15,000000000,1,01,,0,0,02,0,12,,,,A20,
661066094,FUNDACION EL MAGO INC,,PO BOX 801469,COTO LAUREL,PR,00780-1469,0000,03,3,1200,202501,1,15,000000000,1,01,,0,0,01,0,12,,,,G12,
661066155,FELLOWSHIP OF THE HOLY SACRAMENT INC,,4126 ANNAS RETREAT,ST THOMAS,VI,00802-1760,0000,03,3,1700,202404,1,16,000000000,1,01,,0,0,02,0,12,,,,X20,
661066345,ARCHIVO DOCUMENTOS DE LOS FEMINISMOS PUERTO RICO,,386 CALLE JOSE R ACOSTA,SAN JUAN,PR,00918-2336,0000,03,3,1280,202408,1,15,000000000,1,01,202512,0,0,02,0,12,0,0,0,A99,
661066673,FUNDACION UNIDOS POR UEBRADA GRANDE INC,,HC04 BOX 5537,LAS PIEDRAS QUEBRADA G,PR,00771-0000,0000,03,3,1000,202409,1,15,000000000,1,01,202512,0,0,02,0,12,0,0,0,T31,
661066950,THATS HER MOVEMENT INC,,PO BOX 7172,ST THOMAS,VI,00801-0172,0000,03,3,1200,202412,1,15,000000000,1,01,202512,0,0,02,0,12,0,0,0,O50,
661067132,APOYO Y SERVICIOS INTEGRADOS,,26 CALLE BIMINI,MAYAGUEZ,PR,00680-5119,0000,03,3,1200,202407,1,15,000000000,1,01,,0,0,01,0,12,,,,L22,ASI
661067423,MIRACLES NOW FOUNDATION GROUP INC,,CAROLINA 00987,PUERTO RICO,,00000-0000,0000,03,3,1000,202412,1,15,000000000,1,01,,0,0,02,0,12,,,,P50,
661067425,THE GOOD NEWS FOUNDATION GROUP INC,,CAGUAS 00727,PUERTO RICO,,00000-0000,0000,03,3,1000,202412,1,15,000000000,1,01,,0,0,02,0,12,,,,P50,
661067435,CENTRO COMUNITARIO DE INTEGRACION FAMILIAR INC,,TOA ALTA 00953,PUERTO RICO,,00000-0000,0000,03,3,1000,202412,1,15,000000000,1,01,,0,0,02,0,12,,,,P50,
661067438,CENTRO DE ESTAURACION Y CAPACITACION ADULAM,,211 EVERGREEN MONACO,CIDRA,PR,00739-2216,0000,03,3,1000,202407,1,15,000000000,1,01,,0,0,01,0,12,,,,P99,
661067538,SAFE A LIFE PR INC,% CLAUDIA CASTRO,URB CASA BELLA F3 NAPOLES,NAGUABO,PR,00718-0000,0000,03,3,1240,202404,1,13,000000000,1,01,202512,0,0,02,0,12,0,0,0,D20,
661067558,CENTRO COMUNITARIO ADULAM INC,,CAROLINA 00985,PUERTO RICO,,00000-0000,0000,03,3,1200,202502,1,15,000000000,1,01,,0,0,01,0,12,,,,B11,
661067718,PETS WITH WINGS INC,% RHEA VASCONCELLOS,PO BOX 600447,ST THOMAS,VI,00801-6447,0000,03,3,1000,202405,1,15,000000000,1,01,202412,2,3,01,0,08,19298,53348,53348,D20,
661067782,CAMINO EL FARO,% ERNESTO LUCIANO-LUGO,CARRETERA 115 KM OCHO PUNTO SEIS,RINCON,PR,00677-0000,0000,03,3,2000,202408,1,15,000000000,1,01,,0,0,02,0,04,,,,C30,
661067825,CIMIENTO COMUNITARIO CORPORACION,,I16 CALLE 3,MANATI,PR,00674-6120,0000,03,3,1000,202407,1,16,000000000,1,01,,0,0,02,0,12,,,,S20,
661067987,KNIGHTS SENIORS 2025 INC,% IVONNE BIGIO,PO BOX 852,CAGUAS,PR,00726-0852,0000,03,3,1000,202410,1,15,000000000,1,01,,0,0,02,0,12,,,,B12,
661067995,SALT RIVER RIDGE HOMEOWNERS ASSOCIATION,% SALT RIVER RIDGE HOA,CHRISTIANSTED,VIRGIN ISLANDS US,,00000-0000,0000,04,3,1000,202504,2,00,000000000,1,01,,0,0,01,0,12,,,,S22,
661068309,BLUEWATER INCUBATOR INC,% ERIC MEDINA,PLAZA 273 SUITE 900PONCE DE LEON AV,SAN JUAN,PR,00917-0000,0000,03,3,2000,202404,1,16,000000000,1,01,,0,0,02,0,12,,,,B90,
661068451,PAZ BY ODETTE,,PO BOX 70250,SAN JUAN,PR,00936-8250,0000,03,3,1700,202409,1,15,000000000,1,01,202412,0,0,02,0,12,0,0,0,T31,
661068647,EN LA BREGA ART FOUNDATION INC,,10380 CALLE LOS CHAVEZ EL VERDE,QUEBRADILLAS,PR,00678-0000,0000,03,3,2000,202409,1,16,000000000,1,01,202512,1,2,02,0,12,6250,20854,20854,A25,
661068668,LA PORTE AU MONDE,% LA PORTE AU MONDE BOARD MEMBERS,HC 72 BOX 3766 PMB 80,NARANJITO,PR,00719-8788,0000,03,3,2000,202406,1,16,000000000,1,01,202507,0,0,02,0,07,0,0,0,B90,
661069170,CMSJ FOUNDATION,% PEDRO L RIVERA,100 PASEO DE COLON UNIT 9021549,SAN JUAN,PR,00902-4476,0000,03,3,2000,202405,1,16,000000000,1,01,,0,0,02,0,05,,,,B99,
661069615,MARINA 15,,2122 CALLE COLINA,PONCE,PR,00730-4125,0000,03,3,1300,202412,1,15,000000000,1,01,202512,0,0,02,0,12,0,0,0,A02,
661069764,VIEQUES PRIDE INC,% MICHAEL LONARDO,27 CALLE BENITEZ CASTANO,VIEQUES,PR,00765-3027,0000,03,3,2000,202408,1,16,000000000,1,01,202506,0,0,02,0,06,0,0,0,R26,
661069852,MATAVELA NONPROFIT,% MATAVELA,PO BOX 5421,PAGO PAGO,AS,96799-5421,0000,03,3,1230,202510,1,15,000000000,1,01,202412,0,0,02,0,12,0,0,0,S20,
661070066,FUNDACION CRECE PUERTO RICO,,PO BOX 360362,SAN JUAN,PR,00936-0362,0000,03,3,1000,202406,1,16,000000000,1,01,,0,0,02,0,12,,,,P20,
661070140,WATER KLIP RESIDENTS ASSOCIATION INC,% RICHARD JURMAIN,5000 ESTATE ENIGHED PMB 41,ST JOHN,VI,00830-6120,0000,03,3,1000,202410,1,04,000000000,1,01,202512,1,1,00,1,12,2914,3511,,L50,
661070286,SONRISAS DORADAS,% YAILEEN LOPEZ GARCIA,L18 CALLE 14,CAGUAS,PR,00725-3141,0000,03,3,1200,202405,1,16,000000000,1,01,202412,0,0,02,0,12,0,0,0,P11,
661070338,NORTHWEST BIBLE CHURCH INC,,2053 AVE PEDRO ALBIZU CAMPOS STE 2,AGUADILLA,PR,00603-5950,0000,03,3,1700,202412,1,10,000000000,1,01,,0,0,06,0,06,,,,X20,
661070492,AMERICAN LEGION,,5499 CALLE LOS MARQUEZ,TOA BAJA,PR,00952-0000,0925,19,9,1000,194603,1,00,907908000,1,01,202512,0,0,02,0,12,0,0,0,,0084 SABANA SECA
661070553,VI INTERNATIONAL STEEL ORCHESTRA INC,,PO BOX 1073,KINGSHILL,VI,00851-1073,0000,03,3,2370,202409,1,16,000000000,1,01,202512,0,0,02,0,12,0,0,0,A68,
661070683,SEEDS,% MINERVA RIVERA,117 CALLE RIO JAJOME,VEGA BAJA,PR,00693-9858,0000,03,3,2800,202407,1,15,000000000,1,01,,0,0,02,0,04,,,,C60,
661070734,PRIME GROUP INCORPORATED,% PRIME GROUP INCORPORATED,SABANERA DEL RIO 499 CAMINO MIRAMON,GURABO,PR,00778-0000,0000,03,3,1000,202411,1,15,000000000,1,01,,0,0,02,0,12,,,,S20,PRIME GROUP
661070915,YOUTH REDEMPTION SERVICES,% YOUTH REDEMPTION SERVICES,PO BOX 3910,KINGSHILL,VI,00851-3910,0000,03,3,5000,202508,1,15,000000000,1,01,,0,0,02,0,12,,,,O20,
661071209,CHAMPION ATHLETIC PERFORMANCE ACADEMY,,PO BOX 1454,CHRISTIANSTED,VI,00821-1454,0000,03,3,1200,202406,1,16,000000000,1,01,,0,0,02,0,12,,,,N99,
661071315,VIRGIN ISLANDS RENEWABLE AND AFFORDABLE POWER CORPORATION,% DWAYNE BENJAMIN,PO BOX 385,ST THOMAS,VI,00804-0385,0000,03,3,1000,202410,1,15,000000000,1,01,202509,0,0,02,0,09,0,0,0,W80,
661071443,RED DRAGONFLY FOUNDATION NONPROFIT CORPORATION,,PO BOX 223333,CHRISTIANSTED,VI,00822-3333,0000,03,3,1200,202409,1,04,000000000,1,01,,0,0,00,1,12,,,,A31,
661071587,DAISIES,% DAISY J PAGAN,11249 CALLE LIRIO,SANTA ISABEL,PR,00757-3128,0000,03,3,1000,202406,1,16,000000000,1,01,,0,0,02,0,12,,,,T50,
661071665,ESCUELA DE ARTE DE MANOS CREATIVAS INC,% ESCUELA DE ARTE DE MANOS CREATIVA,41 CALLE CANARIO,ISABELA,PR,00662-4518,0000,03,3,2000,202501,1,16,000000000,1,01,202512,0,0,02,0,12,0,0,0,A20,
661071673,PROYECTO RESTAURACION FAMILIAR INC,% LAIZLA RIOS,ISABELA 00662,PUERTO RICO,,00000-0000,0000,03,3,1000,202409,1,15,000000000,1,01,,0,0,01,0,12,,,,P20,
661071676,PHES BROWSING FOUNDATION INC,% WIFREDO VELEZ,TOA BAJA 0094,PUERTO RICO,,00000-0000,0000,03,3,1000,202409,1,15,000000000,1,01,,0,0,01,0,12,,,,P20,
661071690,AMERICAN FAMILY BUILDERS FOUNDATION GROUP,,49 CALLE SIEMPREVIVA,GURABO,PR,00778-9651,0000,03,3,1000,202408,1,15,000000000,1,01,202512,1,0,02,0,12,1,0,0,P40,
661071703,CENTRO DE APOYO Y RESTAURACION FAMILIAR JESUS ES EL CAMINO,,PO BOX 370146,CAYEY,PR,00737-0146,0000,03,3,1270,202408,1,15,000000000,1,01,,0,0,01,0,12,,,,P40,
661071854,NORTHERN MARIANAS ISLANDS TENNIS FEDERATION INC,,PO BOX 501937,SAIPAN,MP,96950-1937,0000,03,3,1000,202601,1,15,000000000,1,01,,0,0,01,0,12,,,,N66,
661072472,ASTRANAVEM INC,,1654 CALLE TULIPAN STE 100,SAN JUAN,PR,00927-6242,0000,03,3,1200,202407,1,16,000000000,1,01,,0,0,02,0,12,,,,B80,
661072589,KNIGHTS OF COLUMBUS,% COLIN GROVES,139 EBA RD,MANGILAO,GU,96913-6122,0188,08,9,1000,194010,1,00,036029265,5,01,202512,0,0,02,0,12,0,0,0,,13176 MONSIGNOR OSCAR L CALVO COUNC
661073072,YOUNG KINGZ FOUNDATION INC,,COND CARIBBEAN SEA VIEW SUITE G1,SAN JUAN,PR,00917-2739,0000,03,3,1000,202410,1,15,000000000,1,01,,0,0,01,0,12,,,,P20,
661073300,BUTTERFLY EFFECT INCORPORATED,,PO BOX 223011,CHRISTIANSTED,VI,00822-3011,0000,03,3,1000,202510,1,15,000000000,1,01,,0,0,02,0,12,,,,O50,
661073457,GUAM MOTOCROSS CLUB,% TIM WENDEN,PO BOX 11850,YIGO,GU,96929-0850,0000,03,3,1000,202407,1,16,000000000,5,01,,0,0,02,0,12,,,,N40,
661073466,PROBOUNCE FOUNDATION,,LOT 1 5A SABANA GARDENS INDUSTRIAL,CAROLINA,PR,00983-0000,0000,03,3,2700,202606,1,15,000000000,1,01,,0,0,02,0,12,,,,X20,
661073818,HIGEA FOUNDATION INC,,B5 CALLE TABONUCO 207-A,GUAYANBO,PR,00968-0000,0000,03,3,1800,202504,1,15,000000000,1,01,202512,1,4,01,0,12,6816,109554,109554,E99,
661073829,CCCAS VAITOGI,% CCCAS VAITOGI,PO BOX 627,PAGO PAGO,AS,96799-0627,0000,03,3,1257,202412,1,16,000000000,1,01,,0,0,02,0,12,,,,X21,
661074029,BORICUA ARTS ACADEMY INC,% CARLOS JIMENEZ FLORES,610 CALLE VISTA MAR,RIO GRANDE,PR,00745-4641,0000,03,3,2000,202410,1,15,000000000,1,01,,0,0,02,0,12,,,,A23,
661074552,PURMUN INC,% NICOLAS RAMOS-ORTIZ,7 PLAZA ESTE,TRUJILLO ALTO,PR,00976-6139,0000,03,3,2000,202411,1,16,000000000,1,01,202412,1,0,02,0,12,43,0,0,B03,
661074569,ASIAN SAMOA FARMERS ASSOCIATION,% FENGLING ZHANG,982360 MALAEIMI RD,PAGO PAGO,AS,96799-0000,0000,03,3,1200,202412,1,16,000000000,1,01,,0,0,02,0,12,,,,K20,
661074682,NEUROEDUCARIBE EDUCATIONAL INSTITUTE INC,% JACQUELINE MARTINEZ IRIZARRY,COLINAS DE ALTURAS DE MAYAGUEZ 2022,MAYAGUEZ,PR,00682-0000,0000,03,3,1000,202507,1,15,000000000,1,01,,0,0,01,0,12,,,,P30,
661075004,NEW GEN DEVELOPMENT INCORPORATED,% EDGARD GONZALEZ ROSADO,12 CALLE PASCUA,ISABELA,PR,00662-2738,0000,03,3,1245,202407,1,16,000000000,1,01,202512,0,0,02,0,12,0,0,0,L21,
661075200,PACIFIC BEHAVIOR CENTER,% ANNEKA HOFSCHNEIDER,PO BOX 500469,SAIPAN,MP,96950-0469,0000,03,3,1000,202407,1,16,000000000,1,01,202412,0,0,02,0,12,0,0,0,V23,
661075403,TABLE CHURCH PUERTO RICO INC,,PO BOX 257,SAN ANTONIO,PR,00690-0257,0000,03,3,7000,202601,1,10,000000000,1,01,,0,0,06,0,12,,,,X21,
661075420,ASOCIACION PUERTORRIQUENOS EN MARCHA - PR,% IGNACIO GONZALEZ,PO BOX 10213,SAN JUAN,PR,00922-0213,0000,03,3,1000,202511,1,15,000000000,1,01,,0,0,01,0,12,,,,X99,APM-PR
661075436,FUNDACION MUSA INC,,6 SEA BEACH DR,RINCON,PR,00677-2705,0000,03,3,1200,202502,1,16,000000000,1,01,202412,1,0,02,0,12,1,0,0,A11,
661075524,BRABU ISLA KOMUNIDAT,,PO BOX 10003 PMB 761,SAIPAN,MP,96950-8903,0000,03,3,1200,202412,1,15,000000000,1,01,202512,0,0,02,0,12,0,0,0,E70,
661075566,FUNDACION BEHEALTH,,URB CONSTANCIA AVE MONAGAS 3169 2,PONCE,PR,00716-0000,0000,03,3,1200,202409,1,16,000000000,1,01,,0,0,02,0,12,,,,E70,
661076161,ARS VOCALIS INC,% WILLIAM RIVERA,106 PASEO LAS GARITAS U LOS FAROLES,BAYAMON,PR,00958-0000,0000,03,3,1230,202506,1,16,000000000,1,01,202512,0,0,02,0,12,0,0,0,A6B,
661076164,EMERGENCY DISASTER ASSISTANCE INC,% KELVI CABAN,PEDRO SANTOS 251 MOCA PUERTO RICO,MOCA,PR,00676-0000,0000,03,3,1200,202502,1,16,000000000,1,01,,0,0,02,0,12,,,,M20,
661076165,FUNDACION PARA EL FUTURO DE LA SALUD INC,,PO BOX 363628,SAN JUAN,PR,00936-3628,0000,03,3,1000,202603,1,15,000000000,1,01,202412,4,5,01,0,12,473633,500000,500000,T50,
661076217,JUNTA COMUNITARIA PASTILLO TIBES CORP,% JUNTA COMUNITARIA PASTILLO TIBES,HC 9 BOX 3020,PONCE,PR,00731-9726,0000,03,3,1000,202503,1,16,000000000,1,01,202512,0,0,02,0,12,0,0,0,S22,
661076284,FUNDACION PARA LA RESTAURACION JESUS ES EL CAMINO INC,,AIBONITO 00705,PUERTO RICO,,00000-0000,0000,03,3,1000,202410,1,15,000000000,1,01,,0,0,01,0,12,,,,P20,
661076391,670 BABES FAMILIA ASSOCIATION,% ANGELA RUIZ,PO BOX 500038,SAIPAN,MP,96950-0038,0000,03,3,1000,202508,1,16,000000000,1,01,202512,0,0,02,0,12,0,0,0,N63,
661076397,MENTAL LOVE AND CARE SERVICES CORPORATION,% VLADIMIR ROSA,CALLE GUAJATACA D9 VALLES DEL LAGO,CAGUAS,PR,00726-0000,0000,03,3,1000,202510,1,16,000000000,1,01,,0,0,02,0,12,,,,F30,MENTAL LOVE AND CARE SERVICES CORPO
661076489,BORIKEN PROJECT,% CHRISTOPHER SOTOMAYOR ADORNO,URB JARDINES DE MEDITERRANEO 478,TOA ALTA,PR,00953-0000,0000,03,3,2000,202409,1,16,000000000,1,01,,0,0,02,0,09,,,,M20,
661076494,ERENSIA-TA OUR INHERITANCE A NON PROFIT ORGANIZATION,% KATHLEEN AGUON,PO BOX 315215,TAMUNING,GU,96931-3115,0000,03,3,1000,202507,1,15,000000000,1,01,,0,0,02,0,12,,,,L12,
661076549,GREEN TARAHS HOLISTIC AND THERAPEUTIC GROUP,% CAROL M BRISTOL,RR 7 BOX 16536,TOA ALTA,PR,00953-8119,0000,03,3,1250,202409,1,15,000000000,1,01,,0,0,02,0,12,,,,E60,TARAH VERDE
661076673,MINISTERIO SOMOS SAL INC,% LUIS GUTIERREZ ESPINAL,PO BOX 430,ISABELA,PR,00662-0430,0000,03,3,1370,202503,1,16,000000000,1,01,202512,0,0,02,0,12,0,0,0,X99,
661076809,HAGGAN VOLLEYBALL ASSOCIATION,,PO BOX 4363,HAGATNA,GU,96932-8363,0000,03,3,1000,202408,1,16,000000000,1,01,202512,0,0,02,0,12,0,0,0,N50,
661076910,UNDERCOVER LEADERSHIP INC,,84 CALAMAR ESTANCIAS DE BARCELONETA,BARCELONETA,,00000-0000,0000,03,3,2000,202409,1,16,000000000,1,01,,0,0,02,0,12,,,,B90,
661077095,CANCER SUPPORT VI INC,,1600 KONGENS GADE,ST THOMAS,VI,00802-6733,0000,03,3,1000,202410,1,15,000000000,1,01,202512,6,6,01,0,12,1055153,1859770,1859770,P20,
661077676,CENTRO DE APOYO PSICOSOCIAL ECOS DE ESPERANZA CORP,% EILEEN J MADERA RIVERA,45 CALLE DE LA CRUZ SECTOR TENDAL,YAUCO,PR,00698-0000,0000,03,3,1000,202512,1,15,000000000,1,01,202512,1,0,02,0,12,375,0,0,F32,
661077983,SUMMIT CHURCH PUERTO RICO INC,,A4 REPTO MENDOZA,HUMACAO,PR,00791-3745,0000,03,3,1270,202507,1,10,000000000,1,01,,0,0,06,0,12,,,,X21,
661078407,SOCIEDAD PUERTORRIQUENA DE PLANIFICACION INC,% HECTOR R RIVERA MERCADO,PO BOX 40297,SAN JUAN,PR,00940-0297,0000,03,3,2000,202508,1,16,000000000,1,01,,0,0,02,0,11,,,,B03,
661078419,VIRGIN ISLANDS WINTER SPORTS FEDERATION INC,% ENRIQUE E RODRIGUEZ,4600 ESTATE CHARLOTTE AMALIE STE 20,ST THOMAS,VI,00802-2305,0000,03,3,1278,202409,1,16,000000000,1,01,202412,0,0,02,0,12,0,0,0,N68,
661078787,4 PATITAS PR CORPORATION,,PO BOX 21464,SAN JUAN,PR,00928-1464,0000,03,3,4000,202510,1,15,000000000,1,01,,0,0,02,0,12,,,,D20,
661078845,CASA DE LAS ARTES DEL SUR,% EUCLIDES PAGAN,25 CALLE DEGETAU,JUANA DIAZ,PR,00795-1603,0000,03,3,1000,202511,1,16,000000000,1,01,,0,0,02,0,12,,,,A20,
661079146,ACADEMIA PUERTORRIQUENA DE GASTRONOMIA INC,,CALLE MEXICO 4 EDIF AREY STE 500,SAN JUAN,PR,00917-0000,0000,03,3,1200,202503,1,15,000000000,1,01,,0,0,02,0,12,,,,K05,
661079163,WOMEN IN BUSINESS VI AND CARIBBEAN INC,,94 RUBY,CHRISTIANSTED,VI,00820-0000,0000,03,3,1000,202502,1,16,000000000,1,01,202512,0,0,02,0,12,0,0,0,S02,
661079229,PAMARA PROJECT FOUNDATION CORP,,1000 AVE SANCHEZ OSORIO,CAROLINA,PR,00984-1001,0000,03,3,1000,202507,1,04,000000000,1,01,,0,0,00,1,12,,,,T99,
661079241,HELPING ORDINARY PEOPLE EVERYDAY INCORPORATED,,CHRISTIANSTED 00821,BRITISH VIRGIN ISLANDS,,00000-0000,0000,03,3,5000,202508,1,15,000000000,1,01,,0,0,01,0,12,,,,F42,
661079310,FUNDACION COTOPERI INC,% JOSEFINA BELLOSTA,CALLE TABONUCO STE 207,GUAYNABO,PR,00968-0000,0000,03,3,2000,202509,1,16,000000000,1,01,202512,0,0,02,0,12,0,0,0,A20,
661079446,DANISH CEMETERY RESTORATION FUND INC,% SANNI CRAFT,56856A KING STREET,CHRISTIANSTED,VI,00820-0000,0000,03,3,1000,202505,1,16,000000000,1,01,,0,0,02,0,12,,,,A82,
661079467,PARADISO FOUNDATION,% PATRICK HORSMAN,2067 CALLE ESPANA 4,SAN JUAN,PR,00911-0000,0000,03,3,1230,202505,1,15,000000000,1,01,202412,0,0,02,0,12,0,0,0,B99,
661079670,FUNDACION BECA MAGDALENA COTTO,% JANET SANCHEZ,215 BARRIO MONTELLANO,CIDRA,PR,00739-0000,0000,03,3,1200,202502,1,16,000000000,1,01,,0,0,02,0,12,,,,B82,
661079759,INTERNATIONAL ASSOCIATION OF LIONS CLUB,% SYLVAN TUDELA,130 W MARINE CORPS DR PMB 316,DEDEDO,GU,96929-5911,0239,04,9,3000,194012,2,00,911520000,5,01,,0,0,01,0,06,,,,,175570 GUAM GOLD
661080203,PULGOSITOS DE MI CORAZON INC,,PO BOX 270060,MOCA,PR,00676-0000,0000,03,3,4000,202605,1,15,000000000,1,01,,0,0,02,0,12,,,,D20,PULGOSITOS DE MI CORAZON
661080288,STREET DOG GUARDIANS,% CHARLENE MAHONEY,200 OCEAN DR APT 254,HUMACAO,PR,00791-6195,0000,03,3,1240,202506,1,15,000000000,1,01,,0,0,02,0,12,,,,D20,
661080312,CHRISTIAN CAMPUS OF LIFE INC,,DORADO 00646,PUERTO RICO,,00000-0000,0000,03,3,1000,202504,1,15,000000000,1,01,,0,0,01,0,12,,,,A20,
661080315,AB GUILL FOUNDATION GROUP INC,,CIDRA 00739,PUERTO RICO,,00000-0000,0000,03,3,1200,202505,1,15,000000000,1,01,,0,0,01,0,12,,,,B99,
661080562,GUAHAN TRAIL STEWARDS INC,% RYAN ANGELO S RAGUINDIN,551 ROUTE 10 APT 101 PMB 116,MANGILAO,GU,96913-1384,0000,03,3,1000,202410,1,15,000000000,1,01,202512,0,0,02,0,12,0,0,0,C50,
661080600,COLECTIVO PLUMA CORP,,22 CALLE EUGENIO CESANI,MAYAGUEZ,PR,00682-7774,0000,03,3,1200,202411,1,16,000000000,1,01,,0,0,02,0,12,,,,A60,
661080614,CVH SELECT HUMACAO INC,,URB VILLA HUMACAO H33 CALLE 6,HUMACAO,PR,00791-0000,0000,03,3,2000,202512,1,15,000000000,1,01,202512,0,0,02,0,12,0,0,0,N60,CVH
661080693,EDUCA HOY INC,% LYSSETTE RUIZ,PO BOX 116,JUNCOS,PR,00777-0116,0000,03,3,1700,202506,1,15,000000000,1,01,,0,0,01,0,12,,,,X81,
661080769,BIZOPS FOUNDATION CORP,% BIZOPS FOUNDATION,VEGA BAJA 00693,PUERTO RICO,,00000-0000,0000,03,3,1000,202503,1,16,000000000,1,01,,0,0,02,0,12,,,,S50,
661080869,AYUDANDO HUELLITAS DESAMPARADOS P R INC,,HC 7 BOX 35816,CAGUAS,PR,00727-9337,0000,03,3,4000,202411,1,16,000000000,1,01,202512,1,2,02,0,12,6026,14958,14958,D20,
661081325,VIVECONECT INCORPORADO,% VIVECONNECT,PO BOX 137,LAS MARIAS,PR,00670-0137,0000,03,3,1000,202504,1,15,000000000,1,01,202512,0,0,02,0,12,0,0,0,P28,VIVECONECT
661081553,MIRACLE FOR THE STRAYS INC,% WEINA RODRIGUEZ VARGAS,84 CALLE FALCON,ISABELA,PR,00662-6320,0000,03,3,1240,202501,1,15,000000000,1,01,202512,0,0,02,0,12,0,0,0,D20,
661081744,LEADERSHIP IN HEALTH FOUNDATION INC,,PO BOX 2179,MAYAGUEZ,PR,00681-2179,0000,03,3,1000,202510,1,16,000000000,1,01,,0,0,02,0,12,,,,G01,
661081813,CULEBRA EDEN FOUNDATION INC,% JAMES EIDSON,26 CALLE PEDRO MARQUEZ UNIT 555,CULEBRA,PR,00775-9800,0000,03,3,1000,202410,1,15,000000000,1,01,202512,1,1,02,0,12,4775,5000,5000,K20,
661081920,GOOD LEAF EDUCATION ASSOCIATION INC,% SARAH HAYNES-BRIN,8168 CROWN BAY MARINA,ST THOMAS,VI,00802-5819,0000,03,3,1230,202410,1,15,000000000,1,01,202512,2,1,02,0,12,20048,9925,9925,B90,
661081975,FUNDACION PEDRO ALBIZU CAMPOS INC,% DANIEL IBARRONDO CRUZ,806 CALLE LINCE,SAN JUAN,PR,00923-2249,0000,03,3,2000,202502,1,15,000000000,1,01,202512,0,0,02,0,12,0,0,0,B90,
661082203,FUNDACION PUERTO RICO ES ARTE INC,% JOSE D PEREZ GARCIA,PO BOX 1372,GUAYNABO,PR,00970-1372,0000,03,3,1200,202411,1,16,000000000,1,01,202512,0,0,02,0,12,0,0,0,B80,FPPR
661082348,PARADISE POINT ANIMAL SANCTUARY CORP,,10 AVE SAN PATRICIO SUITE 141491,ARECIBO,PR,00612-2772,0000,03,3,4000,202410,1,16,000000000,1,01,202512,0,0,02,0,12,0,0,0,D20,
661082368,INTERNATIONAL ASSOCIATION OF LIONS CLUB,% JACQUELINE TAITANO,PO BOX 3857,HAGATNA,GU,96932-3857,0239,04,9,3000,194012,2,00,911520000,5,01,,0,0,01,0,06,,,,,179171 GUAHAN TRONGKON LINALA
661082405,ALIYAH BOSTON FOUNDATION,% CLEONE A BOSTON,C/O HBH 4548 MARKET ST,CHARLOTTE AMALIE,VI,00802-0000,0000,03,3,1000,202501,1,15,000000000,1,01,202512,4,4,01,0,12,109491,118212,118212,P20,
661082475,FRIENDSHIP HELPING FOUNDATION INC,% THOMAS DANIEL SHARTS,PO BOX 506416,SAIPAN,MP,96950-4336,0000,03,3,1000,202503,1,16,000000000,1,01,,0,0,02,0,06,,,,P20,
661082809,VIRGIN ISLANDS SAILING ASSOCIATION INC,% JULIET SAN MARTIN,2109 COMPANY ST STE 3,CHRISTIANSTED,VI,00820-5085,0000,03,3,1200,202410,1,15,000000000,1,01,202512,0,0,02,0,12,0,0,0,N71,
661082968,340 BATS ACADEMY INC,,9160 ESTATE THOMAS PMB 179,ST THOMAS,VI,00802-3641,0000,03,3,2000,202411,1,15,000000000,1,01,,0,0,02,0,12,,,,N63,
661083009,FUNDACION PUERTA DEL CIELO INC,,CAROLINA 00985,PUERTO RICO,,00000-0000,0000,03,3,1200,202506,1,15,000000000,1,01,,0,0,01,0,12,,,,F60,
661083011,FUNDACION PUERTA DEL CIELO INC,,TOA ALTA 00953,PUERTO RICO,,00000-0000,0000,03,3,1200,202507,1,15,000000000,1,01,,0,0,01,0,12,,,,P40,
661083075,SPARKLE LITE TWIRLERS INC,% NADIA NIBBS,13-49 SION HILL,CHRISTIANSTED,VI,00820-0000,0000,03,3,1200,202410,1,15,000000000,5,01,,0,0,02,0,12,,,,O50,SPARKLE LITE TWIRLERS
661083333,CASA DE GATOS INC,,CARR 412 KM 0 H8 BO PUEBLO,RINCON,PR,00677-0000,0000,03,3,4000,202601,1,15,000000000,1,01,202512,1,3,02,0,12,6010,29781,29781,D20,
661083392,CHALAN AMTE INC,% RYAN BENAVENTE,285 WESTERN BLVD,TAMUNING,GU,96913-3159,0000,03,3,2000,202507,1,15,000000000,1,01,202509,0,0,02,0,09,0,0,0,B60,CHALAN AMTE
661083429,PAWS CORP,,47 MARINA BOQUERON,BOQUERON,PR,00622-9780,0000,03,3,4000,202411,1,15,000000000,1,01,202412,0,0,02,0,12,0,0,0,D20,
661083619,CREATIVE TERRITORY INC,% FRANK U CANDASO JR,551 ROUTE 10 APT 101 PMB 734,MANGILAO,GU,96913-1384,0000,03,3,1200,202411,1,16,000000000,1,01,202512,0,0,02,0,12,0,0,0,A20,
661083935,PUERTO RICO ANIMAL RESCUE INCORPORATED,% RUSSELL MOORE,100 AVE RAMON L RODRIGUEZ,BAYAMON,PR,00960-3601,0000,03,3,1000,202512,1,16,000000000,1,01,,0,0,01,0,12,,,,D20,
661083953,TRUE COLORS FEST,% ANIBAL RUBIO RODRIGUEZ,416 CALLE HERMES,SAN JUAN,PR,00923-2309,0000,03,3,2000,202412,1,04,000000000,1,01,,0,0,00,1,12,,,,A60,TCF
661084012,COALITION FOR HUMAN RESILIENCE INC,% AMY C MCGEE,15-62 FRENCHMAN BAY UPPER,ST THOMAS,VI,00802-0000,0000,03,3,1000,202411,1,15,000000000,1,01,,0,0,02,0,11,,,,P20,
661084142,FUNDACION MULTIDISCIPLINARIA BUENA VISTA,,VILLAGE OF SUCHVILLE 57 SAN MIGUEL,GUAYNABO,PR,00969-0000,0000,03,3,1000,202501,1,15,000000000,1,01,,0,0,01,0,12,,,,S01,
661084322,CARIBBEAN EXCELLENCE MAKERS INC,% RODOLFO RIVAS,PASEO NOEL ESTRADA LOT 92,SAN JUAN,PR,00901-0000,0000,03,3,1235,202509,1,15,000000000,1,01,,0,0,02,0,12,,,,S03,CEMI
661084690,BEYOND CHURCH CORP,,HC 6 BOX 71728,CAGUAS,PR,00727-9537,0000,03,3,7000,202507,1,15,000000000,1,01,,0,0,02,0,12,,,,X20,
661084746,BRIGHTER PATHWAYS INC,% ANNA DOUGLAS,ST THOMAS 00802,BRITISH VIRGIN ISLANDS,,00000-0000,0000,03,3,1000,202505,1,15,000000000,1,01,,0,0,01,0,06,,,,L25,
661084796,AGROTECH HUB FOUNDATION,% HECTOR MACIAS,529 CAMINO DE GUILARTE,DORADO,PR,00646-3647,0000,03,3,1000,202411,1,16,000000000,1,01,,0,0,02,0,12,,,,S50,
661084812,HOPE BRIGADE FOUNDATION,,URB VILLA LA MARINA CALLE INDUS 1,CAROLINA,PR,00979-0000,0000,03,3,1000,202501,1,15,000000000,1,01,,0,0,02,0,12,,,,P40,
661084813,NAMIKAIROS FOUNDATION GROUP,,COLONIA PROVIDENCIA C LAS ROSAS 20,PATILLAS,PR,00723-0000,0000,03,3,1000,202501,1,15,000000000,1,01,,0,0,01,0,12,,,,P20,
661084837,PUERTO RICO EQUINE THERAPY INC,,929 CALLE BASTIA,RINCON,PR,00677-2594,0000,03,3,1000,202412,1,16,000000000,1,01,,0,0,02,0,12,,,,E50,PUERTO RICO EQUINE THERAPY
661084850,FACING IT TOGETHER IN THE VIRGIN ISLANDS,% DUANE HOWELL,PO BOX 7629,CHRISTIANSTED,VI,00823-7629,0000,03,3,1200,202412,1,16,000000000,1,01,202512,0,0,02,0,12,0,0,0,F21,
661084853,KANNAI KOMUNIDAT PAYUUR TOULAP,% CANDICE MUNA,PO BOX 5126,SAIPAN,MP,96950-5126,0000,03,3,1200,202411,1,15,000000000,1,01,,0,0,02,0,11,,,,C99,KANNAI KOMUNIDAT
661084912,KAREN AROSHO DEVELOPMENT RESOURCES INC,,COND VILLA CAROLINA CT,CAROLINA,PR,00985-4966,0000,03,3,2000,202412,1,16,000000000,1,01,,0,0,02,0,12,,,,O02,
661084956,PROJECT BUDDY CHECK 670 INC,,PO BOX 10001 PMB 978,SAIPAN,MP,96950-8901,0000,03,3,1000,202603,1,15,000000000,1,01,,0,0,02,0,12,,,,W30,
661084964,RURAL EMPOWERMENT INITIATIVE INC,% KEIMILLY VEGA SANCHEZ,ROAD 426 KM 1 BO INDIERA BAJA,MARICAO,PR,00606-0000,0000,03,3,1280,202411,1,16,000000000,1,01,202512,0,0,02,0,12,0,0,0,S20,EMPORURAL
661085043,COMUNIDAD DE FE ARBOL DE VIDA,% ERIC MORALES PEREZ,928 CALLE NEBLIN,SAN JUAN,PR,00924-1754,0000,03,3,7000,202412,1,15,000000000,1,01,,0,0,02,0,12,,,,X20,
661085218,SOUTHERN EMPOWERMENT INITIATIVE INC,% EDWIN ROMAN,BO AGUILITA CALLE 17 326,JUANA DIAZ,PR,00795-0000,0000,03,3,1280,202412,1,16,000000000,1,01,202512,0,0,02,0,12,0,0,0,S20,
661085273,SKILLFUL STEPS,% PRECIOUS GROHSE-SESEPASARA,2404 PAGO PAGO ST,PAGO PAGO,AS,96799-0000,0000,03,3,2000,202506,1,15,000000000,1,01,,0,0,02,0,12,,,,,
661085315,HOGAR SAN MARCOS DE MAYAGUEZ INC,,209 CALLE BUENA VIS,MAYAGUEZ,PR,00680-4101,0000,03,3,1000,202510,1,16,000000000,1,01,,0,0,02,0,12,,,,E92,HOGAR SAN MARCOS 1 DE MAYAGUEZ
661085411,MARIPOSAS MONARCAS CORPORACION,% VILMARIE FONT,COND ROLLING HILLS APT G4 BUZON 59,CAROLINA,PR,00987-0000,0000,03,3,1000,202508,1,15,000000000,1,01,202512,0,0,02,0,12,0,0,0,G94,
661085420,NEXTSTEP COMMUNITY INITIATIVE CORP,% ISAAC HERNANDEZ,26 CALLE REINALDO SANTIAGO,MAYAGUEZ,PR,00680-6856,0000,03,3,1280,202412,1,16,000000000,1,01,202512,0,0,02,0,12,0,0,0,S20,
661085475,MEJOR MUNDO FOUNDATION INC,,ASHFORD MEDICAL CENTER SUITE 504,SAN JUAN,PR,00907-0000,0000,03,3,1000,202603,1,04,000000000,1,01,,0,0,00,1,12,,,,P80,
661085533,FUNDACION PARA LAS ARTES MUSICALES DE MAYAGUEZ INC,,COND LA CIMA APT 302B PASEO LOS ROB,MAYAGUEZ,PR,00682-0000,0000,03,3,1200,202504,1,16,000000000,1,01,202512,0,0,02,0,12,0,0,0,A68,
661085816,FEDERACION LGBTQ PLUS DE PUERTO RICO,% PEDRO JULIO SERRANO,PO BOX 361138,SAN JUAN,PR,00936-1138,0000,03,3,1200,202505,1,16,000000000,1,01,202512,0,0,02,0,12,0,0,0,R20,
661086527,AUTISM SOCIETY OF AMERICA,% LYLIANA RIVERA,PO BOX 2063,OROCOVIS,PR,00720-2063,0000,03,3,1200,202505,1,16,160349000,1,01,,0,0,02,0,12,,,,B01,AUTISM SOCIETY OF PUERTO RICO
661086603,SIGUE TU CEPA INC,% SIGUE TU CEPA- MARIEWILL PIZARRO,1620 PASEO VILLA FLORES APT,PONCE,PR,00716-0000,0000,03,3,1200,202601,1,16,000000000,2,01,,0,0,02,0,12,,,,S80,
661086685,WORK SAFE GROUP,% MATAITUSI MARSHALL,PO BOX 2350,PAGO PAGO,AS,96799-2350,0000,03,3,2000,202505,1,16,000000000,1,01,202512,0,0,02,0,12,0,0,0,B03,MATAITUSI MARSHALL SOLE MBR
661086873,SKOLE TU CENTRO DE CUIDADO NEUROEDUCACION Y RECREACION,,CALLE ROSA H CAMINO EL CAPAS,SAN JUAN,PR,00926-0000,0000,03,3,1000,202502,1,16,000000000,1,01,,0,0,02,0,12,,,,P87,
661087024,FUTURE LEADERS INSPIRING TO GROW HEAL AND THRIVE ACADEMY INC,% FLIGHT ACADEMY,3566 ESTATE ALTONA APT 16,ST THOMAS,VI,00802-5726,0000,03,3,2000,202412,1,15,000000000,1,01,,0,0,02,0,12,,,,B90,FLIGHT ACADEMY
661087343,PONCE HEALTH SCIENCES UNIVERSITY ASDA CHAPTER,% ASDA CHAPTER DMD 2028,388 ZONA INDUSTRIAL REPARADA 2,PONCE,PR,00716-0000,5449,06,9,2000,197110,2,00,000000000,5,01,202512,0,0,02,0,12,0,0,0,,
661087722,FEDERACION NACIONAL CHITF TAEKWONDO PUERTOR RICO CORP,% JULIO CARCANO,BUZON 42 OLYMPIC VILLE,LAS PIEDRAS,PR,00771-0000,0000,03,3,1000,202503,1,16,000000000,1,01,,0,0,02,0,12,,,,N99,
661087728,NUTRIENDO VIDAS CORP,% NUTRIENDO VIDAS CORP,15031 PASEO JACARANDA,SANTA ISABEL,PR,00757-0000,0000,03,3,1230,202512,1,15,000000000,1,01,,0,0,02,0,01,,,,K40,
661087748,UMBRAE EARTH FOUNDATION CORPORATION,,BRISAS DE PARQUE ESCORIAL APTO 4504,CAROLINA,PR,00981-0000,0000,03,3,1000,202501,1,15,000000000,1,01,,0,0,02,0,10,,,,K30,
661087943,SERENIDAD SIN FRONTERAS INC,,1654 CALLE TULIPAN STE 100,SAN JUAN,PR,00927-6242,0000,03,3,1280,202511,1,15,000000000,1,01,202512,0,0,02,0,12,0,0,0,F11,
661088434,FUNDACION CERO PIROTECNIA PUERTO RICO,% ANGEL CABALLERO,894 AVE MUNOZ RIVERA STE 102,SAN JUAN,PR,00927-4399,0000,03,3,2345,202503,1,16,000000000,5,01,,0,0,02,0,12,,,,D20,
661088807,VERBO MAGICO THERAPY CENTER,,PO BOX 286,FLORIDA,PR,00650-0286,0000,03,3,1000,202502,1,15,000000000,1,01,202512,0,0,02,0,12,0,0,0,E86,
661088917,EMPRENDE ACADEMY CORP,,PO BOX 1708,COROZAL,PR,00783-1708,0000,03,3,1200,202603,1,16,000000000,1,01,,0,0,01,0,12,,,,B90,
661089106,SLT LEGACY MAJORETTES,,PO BOX 6104,CHRISTIANSTED,VI,00823-6104,0000,03,3,1500,202502,1,15,000000000,1,01,,0,0,02,0,12,,,,A62,
661089305,CAMBIO INC,% CARMEN MOLINA,HC 1 BOX 1033,ARECIBO,PR,00612-9707,0000,03,3,1500,202605,1,16,000000000,1,01,,0,0,02,0,12,,,,F20,
661089386,CON CIENCIA CIUDADANA PR INC,,1055 AV KENNEDY BLDG ILA 5TH FLOOR,SAN JUAN,PR,00907-0000,0000,03,3,1280,202506,1,16,000000000,1,01,,0,0,02,0,12,,,,C60,
661089649,PONCE LIONS LACROSSE INC,,1901 PASEO DE LA REINA,PONCE,PR,00716-2423,0000,03,3,1000,202511,1,04,000000000,1,01,,0,0,00,1,12,,,,N60,
661089698,FESTIVAL MUNDIAL DE LA GUITARRA INC,% JOSE A LOPEZ,216 JUAN MARI RAMOS CERRO LAS MESAS,MAYAGUEZ,PR,00680-0000,0000,03,3,2300,202505,1,15,000000000,1,01,,0,0,02,0,12,,,,A68,
661089874,SHOWTIME,% YAIRA BERMUDEZ,6002 ESTATE ANNAS HOPE,CHRISTIANSTED,VI,00820-0000,0000,03,3,1000,202502,1,15,000000000,1,01,,0,0,02,0,12,,,,A27,
661089973,HOUSE OF HOPE MINISTRY,,295 PALMAS INN WAY STE 104 PMB 2055,HUMACAO,PR,00791-6257,0000,03,3,1000,202512,1,15,000000000,1,01,,0,0,02,0,12,,,,P24,
661090013,POLIFONIAS TEOLOGICAS INC,% RVD LEONARDO G NANCO,PO BOX 799,DORADO,PR,00646-0799,0000,03,3,1270,202507,1,15,000000000,1,01,202512,0,0,02,0,12,0,0,0,X20,
661090062,TRANSFORMACION ECONOMICA DE PENUELAS INC,,120 CALLE ANGEL G MARTINEZ,SABANA GRANDE,PR,00637-0000,0000,03,3,2800,202502,1,16,000000000,1,01,,0,0,02,0,12,,,,F21,
661090148,GANG ALTERNATIVE OF PUERTO RICO INC,,31 CALLE ANGEL G MARTINEZ,SABANA GRANDE,PR,00637-1818,0000,03,3,1000,202508,1,21,000000000,1,01,,0,0,01,0,12,,,,P11,
661090335,COPAN COMMUNITY CENTER INC,,117 CALLE REINA,DORADO,PR,00646-9401,0000,03,3,2580,202502,1,16,000000000,1,01,202412,0,0,02,0,12,0,0,0,S20,
661090523,IMPACTO A LA COMUNIDAD,% IMPACTO A LA COMUNIDAD,CALLE 17 PARCELAS 220A LA CENTRAL,CANOVANAS,PR,00729-0000,0000,03,3,1700,202504,1,15,000000000,1,01,202512,0,0,02,0,12,0,0,0,K31,
661090656,IMPACTO ECONOMICO DE GUANICA INC,,40 CALLE ANGEL G MARTINEZ,SABANA GRANDE,PR,00637-1816,0000,03,3,2800,202502,1,16,000000000,1,01,,0,0,02,0,12,,,,F21,
661090670,FUNDACION DE SERVICIOS FUNERARIOS DE PUERTO RICO,,C8 CALLE GUAYAMA VILLAS DE CANEY,TRUJILLO ALTO,PR,00976-0000,0000,03,3,1000,202506,1,04,000000000,1,01,,0,0,00,1,12,,,,Y50,
661090722,JANKA FONDO DE BECAS MUSICALES,% MARIA GARCIA DE LA NOCEDA,1486 AVE FD ROOSEVELT APT 609,SAN JUAN,PR,00920-2738,0000,03,3,1000,202505,1,15,000000000,1,01,202412,0,0,02,0,12,0,0,0,A68,
661091047,EMPOWERING POSSIBILITIES FOUNDATION INC,,300E ESTATE ENIGHED,CRUZ BAY,VI,00830-0000,0000,03,3,1000,202603,1,04,000000000,1,01,,0,0,00,1,12,,,,M20,
661091048,CHRISTIAN BIBLE BAPTIST CHURCH MISSION AND MINISTRIES OF GUAM INC,% FERNANDO ERESE,HAGATNA,GUAM,,00000-0000,0000,03,3,1700,202507,1,10,000000000,1,01,,0,0,06,0,12,,,,X20,
661091090,ISLANDS OF VALOR INITIATIVE,,56-35 FRYDENDAHL,ST THOMAS,VI,00802-0000,0000,03,3,1000,202508,1,16,000000000,1,01,,0,0,02,0,12,,,,W30,ROSHAWN V MURRAINE SOLE MBR
661091351,AMERICAN STUDENT DENTAL ASSOCIATION- UAGM CHAPTER,% SIGFREDO MORALES - ASDA ADVISOR,CARR 931 KM 04,GURABO,PR,00778-0000,5449,06,9,2000,197110,2,00,000000000,5,01,202512,0,0,02,0,12,0,0,0,,
661091358,FUNDACION MOCA RENACE CORPORATION,,HC 7 BOX 36085,AGUADILLA,PR,00603-9443,0000,03,3,2000,202507,1,16,000000000,1,01,,0,0,02,0,12,,,,B80,
661091447,CHURCH OF GOD SEVENTH DAY LIGHT OF THE WORLD,% RYAN FERDINAND,FREDERIKSTED 00841,BRITISH VIRGIN ISLANDS,,00000-0000,0000,03,3,1700,202508,1,10,000000000,1,01,,0,0,06,0,12,,,,X20,
661091494,CASA KAI SUPPORTING ORGANIZATION CORP,% RAUL APONTE,PO BOX 13626,SAN JUAN,PR,00908-3626,0000,03,3,1000,202505,1,21,000000000,1,01,202506,7,7,01,0,06,7260600,7307843,7307843,A11,
661091545,LADY LIONS SOFTBALL CLUB INC,% WENDY L WYNTER,1120 W LANE STE 1,CHRISTIANSTED,VI,00820-5285,0000,03,3,1200,202503,1,16,000000000,1,01,202512,0,0,02,0,12,0,0,0,N63,
661091571,ELEVATION PATHWAY TRANSITIONAL LIVING INC,% NILDA MORTON,394-385 HIDDEN VLY,ST THOMAS,VI,00802-1292,0000,03,3,1200,202504,1,15,000000000,1,01,,0,0,02,0,02,,,,I40,
661091608,JACANA FOUNDATION CORP,% THOMAS MITCHELL AIDE,954 AVE PONCE DE LEON STE 708,SAN JUAN,PR,00907-3602,0000,03,3,1800,202504,1,04,000000000,1,01,202512,1,1,00,1,12,1,6918,,T22,
661092501,ASOCIACION DE ESCUELAS PUBLICAS ALIANZAS DE PUERTO RICO,,151 C DE SAN FRANCISCO STE 200,SAN JUAN,PR,00901-1660,0000,03,3,1200,202507,1,16,000000000,1,01,,0,0,02,0,12,,,,B90,
661092571,ARECIBO BILINGUAL ACADEMY INC,,PO BOX BAJADERO PR 00616,BAJADERO,PR,00612-0000,0000,03,3,1200,202604,1,11,000000000,1,01,,0,0,01,0,12,,,,B20,
661092574,CARIBBEAN ASPHALT LAB RESEARCH CENTER INC,,PO BOX 9024020,SAN JUAN,PR,00902-4020,0000,03,3,8000,202503,1,16,000000000,1,01,202512,0,0,02,0,12,0,0,0,U05,
661092875,VIRGIN ISLANDS YOUTH ADVOCACY COALITION INC,,9036 CATHERINES REST,CHRISTIANSTED,VI,00820-0000,0000,03,3,1200,202507,1,16,000000000,1,01,202512,0,0,02,0,12,0,0,0,B01,
661093112,AMIGOS Y AMIGAS DE LA UHS,% CYNTHIA T GARCIA COLL,3-B CALLE KENNEDY,DORADO,PR,00646-0000,0000,03,3,1000,202505,1,16,000000000,1,01,202512,0,0,02,0,12,0,0,0,T12,
661093120,FUNDACION LUZ PARA TUS OJOS INC,,TERR MCASINO 100 AVE NORFE APT 4004,TOA ALTA,PR,00953-0000,0000,03,3,1000,202510,1,16,000000000,1,01,202512,0,0,02,0,12,0,0,0,P86,
661093219,IGLESIA ADULAM CASA DE REFUGIO Y AVIVAMIENTO INC,,URB VISTAS DE ARROYO CALLE 4 F 8,ARROYO,PR,00714-0000,0000,03,3,7000,202506,1,15,000000000,1,01,,0,0,02,0,12,,,,X20,
661093552,CENTRO DE APOYO MATERNO INFANTIL NIDO DE AMOR,,PO BOX 616,CABO ROJO,PR,00623-0616,0000,03,3,2000,202504,1,15,000000000,1,01,,0,0,02,0,12,,,,B90,
661093564,FUNDACION HOGAR DIGNO INC,,URB LAS DELICIAS 1415 RODULFO ST,PONCE,PR,00728-0000,0000,03,3,1000,202512,1,16,000000000,1,01,202512,1,0,02,0,12,1,0,0,L25,
661093627,SCA CORPORATION,% GABRIEL DAVID CRUZ FIGUEROA,9763 CIUDAD DE JARDIN,CANOVANAS,PR,00729-0000,0000,03,3,1700,202505,1,10,000000000,1,01,,0,0,06,0,12,,,,X20,
661093721,BLESSING BRIDGE INC,,380 CALLE LUQUILLO,VEGA BAJA,PR,00693-6057,0000,03,3,1270,202505,1,15,000000000,1,01,202412,0,0,02,0,12,0,0,0,P20,5759370134
661093970,MUSEO IBEROAMERICS DESARROLLANDO CIVISMO,% VICTOR,PO BOX 2059,CIALES,PR,00638-2059,0000,03,3,1200,202505,1,15,000000000,1,01,202512,0,0,02,0,12,0,0,0,A20,
661094573,MAR ET TERRA AMBIENS SOLUTIO,% CLAUDIA PATRICIA RUIZ METAS,210 CALLE CORNELL URB UNIVERSITY GD,SAN JUAN,PR,00927-0000,0000,03,3,2800,202508,1,15,000000000,1,01,202512,1,1,02,0,12,3034,3067,3067,U20,
661094710,INSTITUTO PRIMERA PIEDRA,,98 CALLE RUBI,GUAYAMA,PR,00784-7628,0000,03,3,2000,202601,1,15,000000000,1,01,202512,0,0,02,0,12,0,0,0,B90,
661094711,AMERICAN SAMOA POOL PLAYERS ASSOCIATION,% HENRY CHA,3179 TAFUNA STREET,PAGO PAGO,AS,96799-0000,0000,03,3,1000,202506,1,16,000000000,1,01,,0,0,02,0,12,,,,N70,
661094715,MEET EXCEED VI,% SANDRA PRICE BLYDEN,ESTATE FRYDENHOJ 37-5,ST THOMAS,VI,00802-0000,0000,03,3,2300,202507,1,16,000000000,1,01,202512,0,0,02,0,12,0,0,0,B90,
661095133,ARLENE COGGINS-JOHN,,60C MARSHILL,FREDERIKSTED,VI,00840-0000,0000,03,3,2000,202505,1,15,000000000,1,01,,0,0,02,0,12,,,,A23,
661095596,CHAMPS CHILDREN HAPPINESS ACHIEVED BY MENTAL & PHYSICAL STRENGTH,,514 NUUULI,PAGO PAGO,AS,96799-0000,0000,03,3,1250,202506,1,16,000000000,1,01,,0,0,02,0,12,,,,P20,
661096238,PRHCC FOUNDATION INC,,1666 AVE PONCE DE LEON,SAN JUAN,PR,00909-1865,0000,03,3,1000,202506,1,15,000000000,1,01,202512,0,0,02,0,12,0,0,0,B82,
661096453,HURRICANE TRAVEL CLUB INCORPORATED,% RADIANT R DALY,PO BOX 12418,CHARLOTTE AMA,VI,00801-5418,0000,03,3,1200,202507,1,16,000000000,1,01,,0,0,02,0,09,,,,N40,HURRICANE TRAVEL CLUB
661096549,SAIPAN AGRICULTURAL FAIR ASSOCIATION,% DIVISION OF AG JACK OGUMORO,PO BOX 10007,SAIPAN,MP,96950-8907,0000,03,3,1200,202506,1,15,000000000,5,01,,0,0,02,0,12,,,,K20,
661096570,RINCOENO FOUNDATION INC,,43 CALLE MUNOZ RIVERA W STE 2,RINCON,PR,00677-2191,0000,03,3,1000,202505,1,15,000000000,1,01,,0,0,02,0,12,,,,P99,
661097045,ASOCIACION DE EGRESADOS GPR - ESC MEDICINA DENTAL UPR INC,,PO BOX 365067,SAN JUAN,PR,00936-5067,0000,03,3,2000,202506,1,16,000000000,1,01,,0,0,02,0,12,,,,B84,
661097345,FUNDACION RAICES RESILIENTES,,URB MONTE BRISAS 2 BB8 CALLE 1,FAJARDO,PR,00738-0000,0000,03,3,1000,202602,1,15,000000000,1,01,202512,0,0,02,0,12,0,0,0,P43,
661097389,ORGANIZACION VETERANOS MOCANOS INC,,374 CALLE JESUS RAMOS,MOCA,PR,00676-4572,0000,03,3,1200,202508,1,16,000000000,1,01,,0,0,02,0,12,,,,W30,
661097418,VIRGIN ISLANDS PALESTINIAN FRIENDSHIP ASSOCIATION NON-PROFIT,% AHMAD HUSSEIN,4200 UNITED SHOPPING PLAZA,CHRISTIANSTED,VI,00820-0000,0000,03,3,1200,202507,1,16,000000000,1,01,202512,3,3,01,0,12,29263,64229,64229,A23,
661097463,IGLESIA CRISTIANA VIDA EN JESUS,% RICARDO RIVERA MARTINEZ,PO BOX 373115,CAYEY,PR,00737-3115,0000,03,3,7000,202601,1,10,000000000,1,01,,0,0,06,0,12,,,,X20,
661097543,LVSM PATRIOTAS DE LARES INC,,38 VILLA MENA,ARECIBO,PR,00612-6649,0000,03,3,1000,202510,1,15,000000000,1,01,,0,0,02,0,12,,,,N99,
661097926,UTUADO CHESS CLUB INC,% STEFAN J MARIN,SECTOR BELLA VISTA B-14,UTUADO,PR,00641-0000,0000,03,3,1200,202507,1,15,000000000,1,01,,0,0,02,0,12,,,,O20,UTUADO CHESS CLUB
661097959,ROCK CITY UNITED SOCCER CLUB,% ANNA SCOTT,PO BOX 600221,ST THOMAS,VI,00801-6221,0000,03,3,1000,202507,1,16,000000000,1,01,202512,0,0,02,0,12,0,0,0,N64,
661097984,MAGRI COMMUNITY HEALTH SYSTEMS CORP,% MAGRI,HC2 BOX 22369,AGUADILLA,PR,00603-0000,0000,03,3,8000,202506,1,15,000000000,1,01,,0,0,02,0,06,,,,E70,MAGRI
661098033,WE GROW TOGETHER CORPORATION,% GRACIA LETTSOME,8304 ESTATE SCOTT FREE,CHARLOTTE AMA,VI,00802-3455,0000,03,3,1280,202509,1,15,000000000,1,01,,0,0,02,0,12,,,,C60,
661098116,AQUI PARA TI ASISTENCIA RX INC,,PO BOX 1576,RINCON,PR,00677-1576,0000,03,3,1000,202512,1,15,000000000,1,01,202512,0,0,02,0,12,0,0,0,E80,AQUI PARA TI ASITENCIA RX
661098459,CONNECT-IN CORP,,PR 165 KM 4 7 BO QUEBRADA CRUZ,TOA ALTA,PR,00953-0000,0000,03,3,1257,202506,1,16,000000000,1,01,,0,0,02,0,04,,,,P20,
661098477,GETHEALTH PR,% LESLY GONZALEZ,701 AVE PONCE DE LEON SUITE 108A,SAN JUAN,PR,00907-3256,0000,03,3,1280,202506,1,15,000000000,1,01,202512,0,0,02,0,12,0,0,0,E70,
661098546,ESTANCIA TANAMA INC,,HC 1 BOX 13664,RIO GRANDE,PR,00745-9600,0000,03,3,1000,202512,1,15,000000000,1,01,,0,0,01,0,09,,,,D20,
661098881,ACTIVATE PR CORP,% NICOLE ALVAREZ,1392 CALLE AMERICO SALAS,SAN JUAN,PR,00909-2133,0000,03,3,1200,202506,1,15,000000000,1,01,,0,0,02,0,12,,,,S20,ACTIVATE PR
661098889,FRIENDS OF FISHER HOUSE PUERTO RICO &CARIBBEAN,% RAFAEL OFERRAL,URB GARN VISTA II 10 PLAZA N01,GURABO,PR,00778-0000,0000,03,3,1000,202507,1,15,000000000,1,01,,0,0,02,0,12,,,,L12,
661098985,MUJER ESFUERZATE,% TANIA LEE HERNANDEZ,207 CALLE DEL PARQUE STE 9,SANTURCE,PR,00912-3238,0000,03,3,1200,202507,1,04,000000000,1,01,,0,0,00,1,12,,,,P80,
661099493,COSSMA SUPPORTING ORGANIZATION CORP,,PO BOX 1330,CIDRA,PR,00739-1330,0000,03,3,1000,202510,1,21,000000000,1,01,202508,8,2,02,0,08,15185406,13006,13006,A11,
661099721,WAVES TO HAPPINESS INC,,CARR 413 KM 5 9 BO PUNTAS,RINCON,PR,00677-0000,0000,03,3,1200,202507,1,04,000000000,1,01,,0,0,00,1,12,,,,N20,
661099939,SOMOS CANGREJOS INC,,205 CALLE LOIZA 1763,SAN JUAN,PR,00911-0000,0000,03,3,2000,202511,1,16,000000000,1,01,202512,1,0,02,0,12,1,0,0,A30,
661100270,EYES OVER PUERTO RICO CORPORATION,,1503 AVE ASHFORD APT 8A,SAN JUAN,PR,00911-1123,0000,03,3,1000,202512,1,15,000000000,1,01,,0,0,01,0,12,,,,G41,
661100370,STEAM PR,% ADALIS FABRE MARTES,4101 CONDOMINIO COSTA ESMERALDA,CEIBA,PR,00735-0000,0000,03,3,2000,202508,1,16,000000000,5,01,,0,0,02,0,12,,,,B90,
661100620,VIENTO CONTRARIO INC,% XAYMARA ROSA,1202 COND PALMA DORADA,VEGA ALTA,PR,00692-8936,0000,03,3,7000,202507,1,15,000000000,1,01,202512,0,0,02,0,12,0,0,0,X12,
661100856,FUNDACION VIVENCIAS VIVA INC,,URBANIZACION SANTA ROSA C23 B41 13,BAYAMON,PR,00959-0000,0000,03,3,1280,202508,1,15,000000000,1,01,,0,0,02,0,12,,,,S20,
661100958,BLANDINS HELPERS,% MARGARITA RODRIGUEZ,29-8 CALLE 6,CAROLINA,PR,00985-5424,0000,03,3,1200,202507,1,16,000000000,1,01,,0,0,02,0,05,,,,T01,
661101146,NEST & BLOOM,% ANDREA ALEXANDRA PUJOLS TORRELLAS,COND VENTANAS DE GURABO 214,GURABO,PR,00778-0000,0000,03,3,1280,202510,1,15,000000000,1,01,,0,0,02,0,12,,,,P80,
661101257,TRAC,,PO BOX 504790,SAIPAN,MP,96950-4309,0000,03,3,1000,202507,1,15,000000000,1,01,,0,0,02,0,12,,,,N70,NONPROFIT
661101401,MILITARY RELIEF EXCHANGE INC-MRX,,2 JOHN BREWERS BAY,ST THOMAS,VI,00802-6004,0000,03,3,1000,202507,1,16,000000000,1,01,,0,0,02,0,06,,,,W30,
661101460,VIRGIN ISLANDS CONTINUUM OF CARE ON HOMELESSNESS INC,,SAINT THOMAS 00802,BRITISH VIRGIN ISLANDS,,00000-0000,0000,03,3,1000,202509,1,15,000000000,1,01,,0,0,01,0,12,,,,P85,
661101611,LUZ DE VIDA COMMUNITY CLINIC INC,,1511 AVE PONCE DE LEON,SAN JUAN,PR,00909-5001,0000,03,3,1000,202507,1,15,000000000,1,01,,0,0,02,0,12,,,,E32,
661101717,AZUR CASA DE PAN INC,% DAVID MELECIO JR,GALATEO VILLA JOSCO CALLE 18PAR 316,TOA ALTA,PR,00953-0000,0000,03,3,1700,202602,1,15,000000000,1,01,,0,0,02,0,07,,,,K31,
661101767,FUNDACION CIBUCO PARA LA INNOVACION AGRICOLA,,URB VILLA CRISTINA - MARGARITA - 26,HATILLO,PR,00659-0000,0000,03,3,1200,202507,1,16,000000000,1,01,,0,0,02,0,12,,,,K20,
661101991,MANOS EN ACCION ARECIBO INC,,URB EXT MARISOL CASA 92 CALLE 3,ARECIBO,PR,00612-0000,0000,03,3,1200,202603,1,15,000000000,1,01,,0,0,01,0,12,,,,S20,
661102120,VIRGIN ISLANDS YOUTHS UPLIFTING EACHOTHER VIYUE INC,,PO BOX 502951,ST THOMAS,VI,00805-2951,0000,03,3,1200,202508,1,15,000000000,1,01,,0,0,02,0,12,,,,O20,
661102299,POWERED BY THE WORKS,% CRISTAL SPIKES SHEENIQUA VENZEN,8244 SUBBASE,ST THOMAS,VI,00802-5805,0000,03,3,1200,202507,1,16,000000000,1,01,,0,0,02,0,12,,,,S20,
661102508,BEING HUMANE INC,,5334 YACHT HAVEN GRANDE,ST THOMAS,VI,00802-5030,0000,03,3,2000,202508,1,15,000000000,1,01,,0,0,02,0,12,,,,B01,
661102555,SAMOA FOOD SECURITY,% DEVYNNE FALEPOULIMA FUGA,PO BOX 5944,PAGO PAGO,AS,96799-5944,0000,03,3,1200,202507,1,16,000000000,1,01,,0,0,02,0,12,,,,K20,
661102591,ST AUGUSTINE COLLEGE PREPARATORY,,200 JESUS T PINERO APT 11 O,SANJUAN,PR,00918-4109,0000,03,3,1000,202512,1,15,000000000,1,01,202512,1,0,02,0,12,1,0,0,B20,
661102633,HILLSDALE COLLEGE PREPARATORY SCHOOL SYSTEM,,200 AVE JESUS T PINERO APT 11O,SAN JUAN,PR,00918-4106,0000,03,3,2000,202512,1,11,000000000,1,01,,0,0,01,0,12,,,,B20,
661102695,HOUSE OF RASTAFARI INC,,PO BOX 2681,FREDERIKSTED,VI,00841-2681,0000,03,3,7000,202603,1,15,000000000,1,01,202512,0,0,02,0,12,0,0,0,X99,
661102777,WOMENS COUNCIL OF REALTORS GREATER PUERTO RICO INC,,PO BOX 363689,SAN JUAN,PR,00936-3689,0000,06,3,4000,202510,2,00,000000000,1,01,202512,0,0,02,0,12,0,0,0,S47,
661102822,FOUNTAIN CLASSICAL BILINGUAL SCHOOL INCORPORATED,% MARTA GOMEZ,PO BOX 1528,VEGA BAJA,PR,00694-1528,0000,03,3,2000,202601,1,11,000000000,1,01,,0,0,01,0,12,,,,B29,
661102913,NEXTGEN HEALTH NETWORK INC,,5 CALLE CLEMENCEAU APT 601,SAN JUAN,PR,00907-1661,0000,03,3,1000,202507,1,15,000000000,1,01,,0,0,02,0,12,,,,E70,
661102947,ICPOTENTIAL FOUNDATION INC,% ISIS ROSSO BERRIOS,1475 CALLE ELIDA,SAN JUAN,PR,00920-3524,0000,03,3,1200,202604,1,15,000000000,1,01,,0,0,01,0,12,,,,B99,
661103032,ART WALK PR INC,% GEORGINA VEGA,76 CALLE KINGS CT APT 803,SAN JUAN,PR,00911-1652,0000,03,3,1000,202507,1,04,000000000,1,01,,0,0,00,1,06,,,,A20,
661103074,MV PR IMMIGRATION INC,,1 VIA PEDREGAL APT 1804,TRUJILLO ALTO,PR,00976-6620,0000,03,3,1000,202508,1,15,000000000,1,01,202512,0,0,02,0,12,0,0,0,P99,
661103212,PEOPLE NEED PEOPLE PNP INC,,PO BOX 521,ST JOHN,VI,00831-0521,0000,07,3,1000,202601,2,00,000000000,1,01,202512,0,0,02,0,12,0,0,0,S20,
661103261,ACADEMIA DE LENGUAJE DUAL INC,% NATALY RODRIGUEZ GONZALEZ,61 CALLE CITRINA,AGUADILLA,PR,00603-6301,0000,03,3,1000,202510,1,15,000000000,1,01,,0,0,01,0,12,,,,B29,
661103363,CATFE,,118 CALLE TAPIA,SAN JUAN,PR,00911-2427,0000,03,3,1248,202507,1,15,000000000,1,01,,0,0,02,0,12,,,,D20,
661103429,VAMPIRITOS DE MOCA BASEBALL CLUB,,PO BOX 1592,MOCA,PR,00676-1592,0000,03,3,1200,202508,1,16,000000000,1,01,202512,1,3,02,0,12,6604,30777,30777,N63,
661103593,OLAS FUTURAS INC,% TRAVIS MOORE,CARR 413 INT KM 4 4,RINCON,PR,00677-0000,0000,03,3,1200,202508,1,15,000000000,1,01,202512,0,0,02,0,12,0,0,0,O50,
661104091,THE CONCRETE BLOOM ORGANIZATION INC,% BERNIQUA SMITH,CONTANT KNOLLS BLDG 8 APT D,ST THOMAS,VI,00802-0000,0000,03,3,1200,202508,1,15,000000000,1,01,,0,0,02,0,12,,,,O50,
661104305,CENTRO VIDA INC,,PO BOX 1705,GUAYAMA,PR,00785-1705,0000,03,3,2000,202511,1,11,000000000,1,01,,0,0,01,0,12,,,,B20,
661104326,PUERTO RICO BUSINESS AVIATION ASSOCIATION,,50 CALLE LINDA MAR,MANATI,PR,00674-9452,0000,06,3,2000,202512,2,00,000000000,1,01,202512,1,0,02,0,12,1,0,0,S41,
661104438,PROMOTING IMPACTFUL OPPORTUNITIES FOR ALL -PIOA INC,% SANDRA FUIMAONO LUTU,1876 PIOA MOUNTAIN ROAD,PAGO PAGO,AS,96799-0000,0000,03,3,1000,202508,1,15,000000000,1,01,,0,0,02,0,12,,,,S20,
661104457,GUARDIANS OF CHOICE CORP,,1315 MALLORCA MANSIONES DE VISTAMAR,CAROLINA,PR,00983-0000,0000,03,3,1200,202604,1,15,000000000,1,01,,0,0,01,0,12,,,,I72,
661104618,EXTREME SPORTS CLINIC INC,,PO BOX 10000 PMB 417,CANOVANAS,PR,00729-0011,0000,03,3,1000,202601,1,16,000000000,1,01,,0,0,02,0,12,,,,N50,
661104667,PASITOS DE AMELIA,,164 CALLE NICOLAS SOTO RAMOS,ANASCO,PR,00610-2710,0000,03,3,1200,202606,1,16,000000000,1,01,,0,0,02,0,04,,,,G12,
661104734,BEST FRIENDS FOUNDATION,,6400 ESTATE SMITH BAY,CHARLOTTE AMA,VI,00802-1342,0000,03,3,1200,202508,1,15,000000000,5,01,202512,0,0,02,0,12,0,0,0,O99,
661105142,EAST PUERTO RICO FLAG FOOTBALL LEAGUE,% ROGELIO SIFUENTES,305 AVE LAURO PINERO UNIT 1246,CEIBA,PR,00735-2872,0000,03,3,1000,202603,1,16,000000000,1,01,,0,0,02,0,12,,,,N65,
661105218,GO TO ARECIBO CORPORATION,,PO BOX 140802,ARECIBO,PR,00614-0802,0000,03,3,1230,202508,1,15,000000000,1,01,202412,0,0,02,0,12,0,0,0,S20,
661105226,COMMUNITY GARDEN CORP,% MOTALI SOFER-GREER,16724 CALABASH BOOM,ST JOHN,VI,00830-9555,0000,03,3,1000,202604,1,16,000000000,1,01,,0,0,02,0,12,,,,K31,
661105384,SOLUCIONES MUNICIPALES PARA APRENDI ZAJE READIESTRAMIETO Y TECNOLOGIA,,130 PLAZA DEL MERCADO DE DIEGO ST,SAN JUAN,PR,00925-0000,0000,03,3,1200,202604,1,15,000000000,1,01,,0,0,01,0,06,,,,J22,
661105412,SAN JUAN CHESS CLUB INC,,URB TORREMOLINOS ESTE CALLE DH4,GUAYNABO,PR,00969-0000,0000,03,3,1200,202606,1,15,000000000,1,01,,0,0,01,0,12,,,,O20,
661105517,GENGU INTERNATIONAL EDUCATION USA INC,% GUEK MUI TAN,PO BOX 10001 PMB 466,SAIPAN,MP,96950-8901,0000,03,3,1270,202508,1,16,000000000,1,01,202512,0,0,02,0,12,0,0,0,B90,
661105576,PUERTO RICO INTERGENERACIONAL INC,% SANDRA IVELISSE LUGO REYES,URBANIZACION LAS FLORES 92,FLORIDA,PR,00650-0000,0000,03,3,1200,202511,1,16,000000000,1,01,202512,0,0,02,0,12,0,0,0,P20,
661105947,HC FOR LIFE CORP,% IVAN PADILLA,TERRAZAS DE PARQUE ESCORIAL 3201,CAROLINA,PR,00983-0000,0000,03,3,1000,202508,1,15,000000000,1,01,,0,0,02,0,12,,,,P81,
661106164,HASTA QUE EL VENGA MINISTRY INC,% ANGEL MANUEL BARRETO USINO,G27 CALLE B,VEGA BAJA,PR,00693-5744,0000,03,3,2370,202508,1,15,000000000,1,01,,0,0,02,0,12,,,,X21,
661106212,ST THOMAS LACROSSE ASSOCIATION INC,,7502 ESTATE ST PETER,ST THOMAS,VI,00802-3497,0000,03,3,1200,202511,1,15,000000000,1,01,,0,0,02,0,07,,,,N60,
661106258,PUERTO RICANS INSPIRING MEDICAL EXCELLENCE INC,% SEBASTIAN JOSE VAZQUEZ FOLCH,18 CALLE REINA ISABEL,GUAYNABO,PR,00969-3278,0000,03,3,1000,202509,1,15,000000000,1,01,,0,0,02,0,12,,,,T20,
661106332,MYCELIAL HEALTH FOUNDATION,% DAVID HOLMES,6501 RED HOOK PLAZA STE 201-696,ST THOMAS,VI,00802-1373,0000,03,3,1280,202508,1,16,000000000,1,01,,0,0,02,0,12,,,,F02,
661106577,MOVIMIENTO PENTECOSTAL MISIONERO IGLESIA QUE ORA Y ADORA INC,% JOSHUA D MORALES MARCANO,169-6 CALLE 437 VILLA CAROLINA,CAROLINA,PR,00986-0000,0000,03,3,7000,202512,1,15,000000000,1,01,,0,0,02,0,12,,,,X20,
661106904,CENTRO VIAS INC,,EXT QTAS DE MONSERRATE 32 OLLER,PONCE,PR,00730-0000,0000,03,3,1000,202607,1,15,000000000,1,01,,0,0,01,0,12,,,,P82,
661106910,ZENDAL REGODEO,,PO BOX 1981 PMB 281,LOIZA,PR,00772-1981,0000,03,3,1200,202509,1,15,000000000,1,01,,0,0,02,0,12,,,,A20,
661106972,MUSEO-BIBLIOTECA RECIO INC,,PO BOX 126,CAGUAS,PR,00726-0126,0000,03,3,1230,202510,1,15,000000000,1,01,202512,0,0,02,0,12,0,0,0,A50,
661107176,HOGAR EMUNA,% NANCY GONZALEZ PEREZ,P1 CALLE U,FAJARDO,PR,00738-3236,0000,03,3,1000,202509,1,15,000000000,1,01,,0,0,02,0,12,,,,P75,
661107191,RED ROOSTERS AIRSOFT COMMUNITY CORPORATION,% SEAN OLIVA,BAYAMON GARDEN AVE CASTIGLIONI X10,BAYAMON,PR,00957-0000,0000,03,3,1200,202509,1,15,000000000,1,01,,0,0,02,0,12,,,,N60,
661107298,MINISTERIO CINENDOSE LA TOALLA INC,% HECTOR M SANTIAGO MONTANEZ,381 AVE FELISA RICON APT 1109,SAN JUAN,PR,00926-0000,0000,03,3,7000,202510,1,16,000000000,1,01,202512,0,0,02,0,12,0,0,0,X20,MINISTERIO CLT
661107337,DAVE EDWARDS JR FOUNDATION,% DENISE CHRISTIAN-EDWARDS,19 D ESTATE WHIM,FREDERIKSTED,VI,00840-3707,0000,03,3,1250,202510,1,16,000000000,1,01,202512,0,0,02,0,12,0,0,0,I20,
661107385,CARDENALES FAIRVIEW INC,,H12 CALLE 4,SAN JUAN,PR,00923-2745,0000,03,3,2000,202508,1,16,000000000,1,01,202412,0,0,02,0,12,0,0,0,N62,
661107645,PIRATA CITY FC CORP,,320 CALLE CORAL,ISABELA,PR,00662-2136,0000,03,3,1200,202509,1,15,000000000,1,01,202512,0,0,02,0,12,0,0,0,N64,
661107715,HUELLAS DE IMPACTO INC,,HC 5 BOX 27620,CAMUY,PR,00627-9689,0000,03,3,1000,202607,1,16,000000000,1,01,,0,0,02,0,12,,,,P20,
661107805,PUERTO RICO ZEN CENTER CORPORATION,,1220 CALLE CADIZ,SAN JUAN,PR,00920-3841,0000,03,3,7000,202606,1,16,000000000,1,01,,0,0,02,0,12,,,,X50,
661108036,WILD HEARTS RETREAT,,HC 1 BOX 6813,VIEQUES,PR,00765-9055,0000,03,3,1200,202509,1,15,000000000,1,01,,0,0,02,0,12,,,,P40,
661108060,55001 HIJOS DE AMERICA CHAPTER,% HIJOS DE AMERICA DEMOLAY CHAPTER,AVE PONCE DE LEON 1707,SAN JUAN,PR,00909-2037,8160,03,9,1000,199607,1,15,119000000,1,01,202512,0,0,02,0,12,0,0,0,,DEMOLAY INTERNATIONAL
661108084,NEUMA INTERNATIONAL CORP,,COND LAGUNA V BELAMARE APT 5E,CAROLINA,PR,00979-0000,0000,03,3,7000,202508,1,15,000000000,1,01,202512,0,0,02,0,12,0,0,0,B90,
661108194,TOP BREAKING BROKERAGE INC,% LAURA DELGADO VALENTIN,151 CALLE DE SAN FRANCISCO STE 200,SAN JUAN,PR,00901-1660,0000,03,3,1000,202509,1,16,000000000,1,01,,0,0,02,0,07,,,,S31,
661108473,CENTRO NEMESIO CANALES PARA LA HIST ORIA VIVA INC,,190 AVE HOSTOS APT 932 MONTE SUR,SAN JUAN,PR,00918-4210,0000,03,3,3000,202509,1,15,000000000,1,01,202512,0,0,02,0,12,0,0,0,A70,
661108513,MISION INTREPIDO INC,% DEMERIC FLORES CRUZ,852 CALLE SENTINA,PONCE,PR,00716-2122,0000,03,3,1270,202509,1,15,000000000,1,01,,0,0,02,0,12,,,,Q33,
661108622,FUNDACION DONALD J KEVANE,% CARLOS DOLAGARAY,33 CALLE BOLIVIA STE 400,SAN JUAN,PR,00917-2013,0000,03,3,1200,202601,1,16,000000000,1,01,,0,0,02,0,12,,,,P12,
661108813,HARRYS ISLAND PAW RESCUE INC,% RICARDO J SAAVEDRA,URB LA CIMA 688 CADAQUES ST,CAGUAS,PR,00725-0000,0000,03,3,1400,202510,1,15,000000000,1,01,202512,0,0,02,0,12,0,0,0,D20,
661108961,THE FERNANDEZ VEGA FAMILY FOUNDATION INC,,94 VIA DEL SOL,CAGUAS,PR,00727-3107,0000,03,3,1000,202601,1,15,000000000,1,01,,0,0,02,0,12,,,,E86,
661108975,CHAMORU CULTURAL ASSOCIATION INC,% NENITA DIAZ,137 HALSEY DR,ASAN,GU,96910-1405,0000,03,3,1200,202509,1,16,000000000,1,01,,0,0,02,0,12,,,,A23,
661109707,NEXTGEN FOUNDATION INC,,4126 ANNAS RETREAT,ST THOMAS,VI,00802-1760,0000,03,3,1200,202509,1,16,000000000,1,01,,0,0,02,0,12,,,,A20,
661109804,AMERICAN SAMOA POWERLIFTING FEDERAT ION,% POWERLIFTING AMERICAN SAMOA,PO BOX 4748,PAGO PAGO,AS,96799-4748,0000,03,3,1200,202605,1,16,000000000,1,01,,0,0,02,0,12,,,,N60,POWERLIFTING AMERICAN SAMOA
661109901,COLORICO INCORPORADO,,41-99 CALLE MORET NUM 3,AGUADA,PR,00602-0000,0000,03,3,1000,202509,1,15,000000000,1,01,,0,0,02,0,12,,,,S20,
661109948,FAGALEA FAGASA LEGACY OUTREACH,% JOHN OPETA,PO BOX 878,PAGO PAGO,AS,96799-0878,0000,03,3,1270,202602,1,15,000000000,1,01,202512,0,0,02,0,12,0,0,0,X20,
661110030,NORTHERN MARIANAS TECHNICAL INSTITU TE FOUNDATION FUND INC,% JODINA ATTAO,PO BOX 504880,SAIPAN,MP,96950-4310,0000,03,3,1000,202509,1,15,000000000,1,01,202512,0,0,02,0,12,0,0,0,B11,
661110182,FERIA CALLE INC,% DANIELA FABRIZI,121 CALLE POMARROSA APT 9,SAN JUAN,PR,00911-2260,0000,03,3,1200,202512,1,15,000000000,1,01,,0,0,02,0,12,,,,A25,
661110407,JUNTE 60 PLUS INC,% JUNTE 60 PLUS INC,183 CALLE SOL,LOIZA,PR,00772-5519,0000,03,3,2000,202511,1,15,000000000,1,01,202512,0,0,02,0,12,0,0,0,P80,
661110666,BASES LOADED FOUNDATION,,SAN JUAN 00918,PUERTO RICO,,00000-0000,0000,03,3,1000,202511,1,03,000000000,1,01,,0,0,00,1,12,,,,P20,
661110688,FUNDACION AURORA DE PUERTO RICO COR P,% MARIA TERESA PACHECO RIVERA,208 REY CONSTANTINO VILLA DE TORRIM,GUAYNABO,PR,00969-0000,0000,03,3,1200,202601,1,15,000000000,1,01,,0,0,02,0,06,,,,B90,
661110920,HAVEN BELIEVE CHILDREN FOUNDATION I NC,,38J ESTATE WHIM,FREDERIKSTED,VI,00840-0000,0000,03,3,1257,202509,1,16,000000000,1,01,,0,0,02,0,06,,,,O50,
661111053,VIRGIN ISLANDS COALITION AGAINST DOMESTIC VIOLENCE INC,% KALYN FAHIE,PO BOX 502307,ST THOMAS,VI,00805-2307,0000,03,3,1000,202509,1,15,000000000,1,01,202509,0,0,02,0,09,0,0,0,I71,
661111227,MEET INC,,180 PALMAS DR APT 1402,HUMACAO,PR,00791-6354,0000,03,3,1700,202605,1,16,000000000,1,01,202512,0,0,02,0,12,0,0,0,T50,
661111230,MARIANAS JIU JITSU ACADEMY INCORPOR ATED,,PO BOX 10001 PMB 1335,SAIPAN,MP,96950-8901,0000,03,3,1000,202511,1,16,000000000,1,01,,0,0,02,0,12,,,,N99,
661111281,FUNDACION ALIENTO COMUNITARIO,,C 156 IN 794B CAGUITAS CAMINO VERDE,AGUAS BUENAS,PR,00703-0000,0000,03,3,1000,202512,1,15,000000000,1,01,,0,0,01,0,12,,,,P40,
661111320,NATIONAL FAMILY STRENGTHENING NETWO RK - USA INC,,9 CALLE CAMPO BELLO,GUAYNABO,PR,00969-3720,0000,03,3,1200,202603,1,15,000000000,1,01,,0,0,01,0,12,,,,P40,
661111636,TRINITY FITNESS FOUNDATION CORP,,PO BOX 5103 PMB 143,CABO ROJO,PR,00623-5103,0000,03,3,1000,202601,1,15,000000000,1,01,,0,0,02,0,12,,,,E86,
661111788,MISION INTERNACIONAL CRISTIANA INC,% REYNALDO LOPEZ,PO BOX 787,CANOVANAS,PR,00729-0787,0000,03,3,7000,202512,1,10,000000000,1,01,,0,0,06,0,12,,,,X21,
661111906,GRMC CARES FOUNDATION INC,% ERIC L PLINSKE,133 ROUTE 3,DEDEDO,GU,96929-6911,0000,03,3,1000,202602,1,15,000000000,1,01,,0,0,01,0,12,,,,X80,NONE
661112171,FUNDACION INTERNACIONAL DE RESTAURACION FAMILIAR,,BO CAMPAMENTO B 10,GURABO,PR,00778-0000,0000,03,3,1200,202601,1,15,000000000,1,01,,0,0,01,0,12,,,,B99,
661112381,PUERTO RICO NONPROFIT SUMMIT INC,% INVICTUS ADVISORS,PARKVILLE T4 MCKINLEY ST,GUAYNABO,PR,00969-0000,0000,03,3,1238,202510,1,16,000000000,1,01,202512,0,0,02,0,12,0,0,0,W70,
661112654,RED DE EVALUACION Y APOYO PSICOSOCI AL INC,% JEARIM T RIVERA PIMENTEL,PO BOX 259,PATILLAS,PR,00723-0259,0000,03,3,1200,202510,1,15,000000000,5,01,,0,0,02,0,12,,,,F20,REAP
661112741,FUNDACION JUAN CARLOS VALLEJO,,I7 CALLE GRANADILLO,CAGUAS,PR,00727-1314,0000,03,3,1000,202512,1,15,000000000,1,01,,0,0,01,0,12,,,,P40,
661112793,LINALA I LANCHU PARA I KOTTURA NO C ULTURE WITHOUT AGRICULTURE,% WILLIAM MCDONALD,179 NIYOG RD,AGANA HEIGHTS,GU,96910-6443,0000,05,3,1000,202606,2,00,000000000,5,01,,0,0,01,0,12,,,,K20,
661113519,FUNDACION YO PUEDO CON CRISTO INC,% MARIA MILAGROS SANTOS-CARRILLO,GARDEN HILLS NORTH CLUB DR J3,GUAYNABO,PR,00966-0000,0000,03,3,1200,202510,1,04,000000000,1,01,,0,0,00,1,12,,,,G30,
661113655,RANCHO PENIEL IN CANAAN CORP,,HC 2 BOX 44441,VEGA BAJA,PR,00693-9896,0000,03,3,1700,202603,1,15,000000000,1,01,,0,0,02,0,12,,,,K20,
661113726,COQUIS PLAY CAFE,,1511 AVE PONCE DE LEON APT 10112,SAN JUAN,PR,00909-5061,0000,03,3,1200,202511,1,15,000000000,1,01,,0,0,02,0,12,,,,O20,
661113880,PR RESCUE ANGELS,% PR RESCUE ANGELS,PO BOX 647,FAJARDO,PR,00738-0647,0000,03,3,1240,202603,1,15,000000000,1,01,,0,0,02,0,12,,,,D20,
661113941,KING OF THE WING FOUNDATION INC,,6100 RED HOOK QTRS STE A3-1 # 2,ST THOMAS,VI,00802-1369,0000,03,3,1000,202606,1,04,000000000,1,01,,0,0,00,1,12,,,,A23,
661113959,YELLOW CAT FUNDACION INC,% MONIKA CIESLIK,1509 CALLE MARIBEL APT 7,SAN JUAN,PR,00911-1647,0000,03,3,4000,202511,1,15,000000000,1,01,202512,0,0,02,0,12,0,0,0,D20,
661114054,GAIN INC,,R4 CALLE JARDIN,GUAYNABO,PR,00966-2111,0000,03,3,1200,202512,1,16,000000000,1,01,202512,0,0,02,0,12,0,0,0,B60,
661114076,TEAMBE4ME CORPORATION,,135 CAMINO DE LA COLINA,JUNCOS,PR,00777-9424,0000,03,3,1200,202511,1,16,000000000,1,01,,0,0,02,0,12,,,,O50,
661114455,AFROTC DETACHMENT 755 ALUMNI ASSOCI ATION,% VERONICA ENID BAEZ CALDERON,3093 CALLE RIO MINILLAS,TOA ALTA,PR,00953-9109,0000,03,3,2000,202602,1,16,000000000,1,01,,0,0,02,0,12,,,,B84,
661114520,ALAS INC,% MARISOL VILLANUEVA MENDEZ,PO BOX 233,ISABELA,PR,00662-0233,0000,03,3,1200,202601,1,15,000000000,1,01,202512,0,0,02,0,12,0,0,0,C11,
661114580,THE INDIAN ASSOCIATION OF THE VIRGIN ISLANDS INC,,PO BOX 1267,ST THOMAS,VI,00804-1267,0000,03,3,1700,202512,1,15,000000000,1,01,,0,0,01,0,12,,,,A23,
661115089,CONSTRUYAMOS OTRO ACUERDO,,PO BOX 364667,SAN JUAN,PR,00936-4667,0000,03,3,1000,202603,1,15,000000000,1,01,202512,0,0,02,0,12,0,0,0,S21,
661115098,FUNDACION MULTINATIONAL INC,,PO BOX 366107,SAN JUAN,PR,00936-6107,0000,03,3,1000,202604,1,15,000000000,1,01,,0,0,01,0,12,,,,O50,
661115148,FUNDACION RESTAURANDO LA VASIJA QUEBRADA,,URB ORIENTE 293 CALLE RAMON L ORITZ,LAS PIEDRAS,PR,00771-0000,0000,03,3,1500,202601,1,15,000000000,1,01,,0,0,01,0,12,,,,P99Q,
661115486,THE REAL PAUSE CORP,,URB PRADO ALTO P5 CALLE 1,GUAYNABO,PR,00966-0000,0000,03,3,1200,202601,1,15,000000000,1,01,202512,0,0,02,0,12,0,0,0,P20,
661115550,GUAM BAR JUSTICE FOUNDATION,% JACQUELINE TERLAJE PRESIDENT,284 W CHALAN SANTO PAPA,HAGATNA,GU,96910-5154,0000,03,3,1000,202607,1,15,000000000,1,01,,0,0,02,0,12,,,,S12,
661115653,FUNDACION CEPEC INC,,129 C PACIFICO U PALACIOS DEL PRADO,JUANA DIAZ,PR,00795-0000,0000,03,3,1000,202601,1,15,000000000,1,01,,0,0,01,0,12,,,,O99,
661115825,LUM CHUNG FAMILY REUNION FOUNDATION,% SANDRA GILPIN,46102 ESTATE TUTU,CHARLOTTE AMA,VI,00802-1734,0000,03,3,1200,202601,1,16,000000000,1,01,,0,0,02,0,12,,,,T99,
661116032,FUNDACION NATURAULAS INC,% ANDRES JAVIER RIVERA AROCHO,CAR 453 KM 7 BO PILETA SOLLER,LARES,PR,00669-0000,0000,03,3,1200,202512,1,04,000000000,1,01,,0,0,00,1,12,,,,B21,
661116665,ALAPOESIA CORP,% ROSA VANESSA OTERO NEGRON,10 CALLE CORALINA,SAN JUAN,PR,00926-9634,0000,03,3,3000,202512,1,16,000000000,1,01,202512,0,0,02,0,12,0,0,0,A30,
661116886,ALTO CUUERPOS MASONICOS DE ARECIBO,,HH3 CALLE 28,ARECIBO,PR,00612-2614,0000,03,3,1000,202606,1,15,000000000,1,01,,0,0,02,0,12,,,,S80,
661117009,RISE AGAIN FOUNDATION,% SALVADOR G VASSALLO,1353 AVE LUIS VIGOREAUX PMB 873,GUAYNABO,PR,00966-2715,0000,03,3,1700,202512,1,16,000000000,1,01,,0,0,02,0,12,,,,X20,
661117049,CATHOLIC DIOCESE OF SAMOA PAGO PAGO,,7127 FAGATOGO ROAD,PAGO PAGO,AS,96799-0000,0000,03,3,1270,202602,1,15,000000000,1,01,,0,0,02,0,12,,,,O50,CATHOLIC DIOCESE YOUTH
661117186,LIVING ARTS,,HC 1 BOX 7544,GURABO,PR,00778-9480,0000,03,3,2000,202603,1,11,000000000,1,01,,0,0,01,0,12,,,,A25,
661117214,THE FACTORY - ATHLETIC CENTER OF EXCELLENCE,% JULIAN WEST,5316 YACHT HAVEN GRND STE N104 133,ST THOMAS,VI,00802-5027,0000,03,3,1200,202512,1,16,000000000,1,01,,0,0,02,0,09,,,,N99,THE FACTORY
661117321,THINKING IN MOVEMENT,% DR NICOLAS LINARES ORAMA,MIRADOR DE CUPEY A-3 CALLE 2,SAN JUAN,PR,00926-0000,0000,03,3,2500,202512,1,15,000000000,1,01,,0,0,02,0,12,,,,E70,
661117380,AMOR EN MOVIMIENTO PARA LA RESTAURA CION,% ANA M PAGAN RIVERA,HC 66 BOX 7295,FAJARDO,PR,00738-9094,0000,03,3,1700,202603,1,15,000000000,1,01,,0,0,02,0,12,,,,X20,ANA MICHELLE PAGAN RIVERA
661117977,SAIPAN KITTEN & CAT RESCUE INC,,PO BOX 7378,SAIPAN,MP,96950-7378,0000,03,3,1000,202601,1,16,000000000,1,01,,0,0,02,0,12,,,,D20,
661118023,INSTITUTO PUERTORRIQUENO DE LA MEMO RIA,,REPARTO ROBLES C48,AIBONITO,PR,00705-0000,0000,03,3,1000,202602,1,16,000000000,1,01,,0,0,01,0,12,,,,A82,
661118293,SOLES SOMOS INC,,3001 AVE ISLA VERDE,CAROLINA,PR,00979-4905,0000,03,3,1200,202604,1,16,000000000,1,01,,0,0,02,0,12,,,,S99,
661118357,NEOMED SUPPORTING ORGANIZATION CORP,,PO BOX 1277,GURABO,PR,00778-1277,0000,03,3,1000,202607,1,21,000000000,1,01,,0,0,01,0,06,,,,A11,NEOMED SUPPORTING ORGANIZATION
661118440,CEDO INC,,PO BOX 141494,ARECIBO,PR,00614-1494,0000,03,3,1200,202512,1,15,000000000,1,01,,0,0,01,0,12,,,,C27,
661118708,ST CROIX YACHT CLUB SAILING ASSOCIATION INC,,5100 TEAGUE BAY,CHRISTIANSTED,VI,00820-4525,0000,03,3,2000,202602,0,15,000000000,1,01,,0,0,01,0,12,,,,B90,
661119093,SANKOFA VILLAGE FOUNDATION INC,,PO BOX 4731,KINGSHILL,VI,00851-4731,0000,03,3,1000,202601,1,15,000000000,1,01,,0,0,01,0,12,,,,O99,
661119176,TERRA NOVA ANIMAL SERVICES INC,,43 CALLE MUNOZ RIVERA W STE 2,RINCON,PR,00677-2191,0000,03,3,4000,202606,1,16,000000000,1,01,,0,0,02,0,12,,,,D20,
661119234,FUNDACION MUEVETE CONMIGO INC,,225 PONCE BT PASS SUITE 305,PONCE,PR,00717-0000,0000,03,3,1000,202602,1,15,000000000,1,01,,0,0,01,0,12,,,,E50,
661119283,JARDIN DE TABLAS INC,,190 AVE HOSTOS B724,SAN JUAN,PR,00918-0000,0000,03,3,2000,202603,1,15,000000000,1,01,,0,0,02,0,12,,,,A65,
661119344,ESCENA 787 INC,,HC 9 BOX 58379,CAGUAS,PR,00725-9239,0000,03,3,1200,202606,1,16,000000000,1,01,,0,0,02,0,12,,,,A65,
661119583,PUERTO RICO RADIO ALLIANCE INC,,SAN JUAN PR 00920,SAUDI ARABIA,,00000-0000,0000,03,3,1200,202606,1,15,000000000,1,01,202512,0,0,02,0,12,0,0,0,A34,
661119975,GUAM FEDERATION OF MARTIAL ARTS GFMA INC,% WILLIAM ESCOBAR,140 ASPINALL AVE STE 202,HAGATNA,GU,96910-5168,0000,03,3,1000,202601,1,15,000000000,1,01,,0,0,02,0,12,,,,N40,
661120093,C&S WELLNESS CORP,,800 CARR 189 APT 1111,GURABO,PR,00778-5337,0000,03,3,1000,202604,1,15,000000000,1,01,,0,0,02,0,12,,,,E70,
661120350,SOLUCIONES LEGALES INC,% SOLUCIONES LEGALES,1600 CALLE RODANO,SAN JUAN,PR,00926-2935,0000,03,3,2000,202602,1,15,000000000,1,01,,0,0,02,0,09,,,,R01,
661121252,FRIENDS OF FISH EYE,,818 N MARINE CORPS DR,PITI,GU,96915-5524,0000,03,3,1000,202603,1,15,000000000,5,01,202512,0,0,02,0,12,0,0,0,D33,
661121635,FUNDACION CASA MI REY,% ALEXANDER M GONZALEZ,PO BOX 1033,VIEQUES,PR,00765-1033,0000,03,3,1200,202602,1,16,000000000,1,01,202512,0,0,02,0,12,0,0,0,A20,
661121880,COMUNIDAD NINOS AUTORES DE PUERTO R ICO,,URB ATONSANTI 1530 CAVALIERI,SAN JUAN,PR,00927-0000,0000,03,3,1200,202603,1,16,000000000,1,01,,0,0,02,0,12,,,,B90,
661122381,FIGHTING FOR FREEDOM INC,,1404 CALLE SALVADOR PRATTS,SAN JUAN,PR,00907-3025,0000,03,3,2000,202602,1,16,000000000,1,01,,0,0,02,0,12,,,,S99,
661122588,ACADEMIA MATER DEI INC,% DIEGO BERRIOS GONZALEZ,PO BOX 1950,CIALES,PR,00638-1950,0000,03,3,2000,202607,1,11,000000000,1,01,,0,0,01,0,12,,,,B20,
661122690,CARIBBEAN REGION TRAINING COMMAND INC,,PO BOX 145,CANOVANAS,PR,00729-0145,0000,03,3,2000,202603,1,15,000000000,1,01,,0,0,02,0,12,,,,B20,
661122875,JOSEPH SIBILLY SCHOOL PARENT TEACHE R ASSOCIATION INC,,14 15 16 ESTATE ELIZABETH,ST THOMAS,VI,00802-0000,0000,03,3,2000,202604,1,16,000000000,1,01,,0,0,02,0,12,,,,B94,
661122992,VIA ALOFA FOUNDATION,,997930 AVAIO ST,PAGO PAGO,AS,96799-0000,0000,03,3,1200,202605,1,16,000000000,1,01,,0,0,02,0,12,,,,A23,VIA ALOFA
661123101,ITOC FOUNDATION INC,,PO BOX 8681,SAN JUAN,PR,00910-0681,0000,03,3,1200,202607,1,15,000000000,1,01,,0,0,01,0,12,,,,A25,
661123118,BANDA DE CONCIERTOS DE LA ESCUELA LIBRE DE MUSICA JUAN MOREL CAMPOS,,PO BOX 767,MERCEDITA,PR,00715-0767,0000,03,3,2000,202602,1,15,000000000,1,01,,0,0,02,0,12,,,,A6C,
661123457,ANNAS MEOW HAVEN CO,% ANNA M REXACH,PO BOX 1752,FREDERIKSTED,VI,00841-1752,0000,03,3,4000,202602,1,15,000000000,1,01,202512,0,0,02,0,12,0,0,0,D20,ANNAS MEOW HAVEN
661123871,FUNDACION DESTINO SALSA,% YENIFER LOTERO,QUINTA REAL CALLE REY DAVID 10-106,TOA BAJA,PR,00949-0000,0000,03,3,1200,202606,1,15,000000000,1,01,,0,0,02,0,12,,,,A23,
661124860,FUNDACION YALANNA INC,,PO BOX 413,GUAYNABO,PR,00970-0413,0000,03,3,1000,202605,1,15,000000000,1,01,,0,0,02,0,12,,,,P20,
661124887,AMERICAN FEDERATION OF STATE COUNTY & MUNICIPAL EMPLOYEES,% BENJAMIN BORGES,185 PASEO PALMA REAL,JUNCOS,PR,00777-0000,1381,05,9,3000,195708,2,00,263264279,5,01,,0,0,01,0,12,,,,,3647 AFSCME LOCAL
661124900,ACCESS POINTE FOUNDATION,,609 AVE CONDADO STE 202,SAN JUAN,PR,00907-3809,0000,03,3,1000,202603,1,15,000000000,1,01,,0,0,02,0,12,,,,E32,
661125359,EDEN HEALTH COMMUNITY HEALTH FOUNDATION,,CALLE VICENTITA DELIZ 1,QUEBRADILLAS,PR,00678-0000,0000,03,3,1000,202603,1,16,000000000,1,01,,0,0,02,0,12,,,,E01,
661125411,HOPE AND FAITH BROADCAST MINISTRY I NC,,COND PASEO GALES APARTADO 86,GURABO,PR,00778-0000,0000,03,3,1700,202603,1,16,000000000,1,01,202512,0,0,02,0,12,0,0,0,X20,
661125523,CENTRO CRISTIANO RESTAURACION Y ESP ERANZA INC,,932 CALLE ZAIDA,SAN JUAN,PR,00924-3349,0000,03,3,1500,202605,1,15,000000000,1,01,,0,0,01,0,12,,,,P40,
661125531,FUNDACION JESUS PAN DE VIDA INC,,CALLE GERANIO J1 NUM 41,CIDRA PR,PR,00739-0000,0000,03,3,2000,202605,1,15,000000000,1,01,,0,0,01,0,12,,,,B90,
661126249,FUNDACION ELOHIM INC,,HC 11 BOX 12532,HUMACAO,PR,00791-9422,0000,03,3,1000,202605,1,15,000000000,1,01,,0,0,02,0,12,,,,,
661126460,BILINGUAL LEARNING CENTER FONDATION INC,% HECTOR LUIS PAGAN,PO BOX 162,DORADO,PR,00646-0162,0000,03,3,1200,202603,1,15,000000000,1,01,,0,0,02,0,12,,,,B90,
661127324,PTSD FARMING & WORKSHOP,% PABLO CORDERO,URB ROYAL GARDENS,BAYAMON,PR,00957-0000,0000,03,3,1200,202604,1,15,000000000,1,01,,0,0,02,0,12,,,,F50,PTSD FARMING WORKSHOP
661127650,SOMBRA NATIVA,% NORMAN MALDONADO BENITEZ,762 ESTANCIAS DEL GOLF CLUB PONCE,PONCE,PR,00730-0000,0000,03,3,2800,202605,1,15,000000000,1,01,,0,0,02,0,12,,,,C30,
661127693,PROYECTO SONRIENDO POR TI INC,% DARY CRUZ,23 AVE ESTEVES,UTUADO,PR,00641-3023,0000,03,3,1000,202603,1,15,000000000,1,01,202512,0,0,02,0,12,0,0,0,P20,
661127917,VESPER P4,% JESIEL JOSE CARRO LUNA,377 PONCE DE LEON AVE HATO REY,SAN JUAN,PR,00918-0000,0000,03,3,2000,202604,1,16,000000000,5,01,202512,0,0,02,0,12,0,0,0,B84,
661127937,GARANTIA LEGAL PARA ANIMALES COMERC IALIZADOS INC,% AMANDA COLLAZO,PO BOX 79601,CAROLINA,PR,00984-9601,0000,03,3,4000,202604,1,15,000000000,1,01,202512,0,0,02,0,12,0,0,0,D20,
661127965,GUAM CHIEFS BASEBALL FOUNDATION INC,,PO BOX 7937,AGAT,GU,96928-0937,0000,03,3,1200,202605,1,16,000000000,1,01,,0,0,02,0,04,,,,G19,
661127967,INENTNON RISETBA GUAHAN,,UNIT 14016 BLDG 17005,APO,AP,96543-4016,0000,03,3,1000,202606,1,16,000000000,1,01,,0,0,02,0,10,,,,W30,
661128027,INAC INC,,N29 CALLE ALORA,SAN JUAN,PR,00926-2320,0000,03,3,2000,202605,1,16,000000000,1,01,,0,0,02,0,12,,,,V30,
661128047,DEMOLAY INTERNATIONAL,,URB REXVILLE AK-12 CALLE 57,BAYAMON,PR,00957-0000,8160,03,9,1000,199607,1,15,119000000,1,01,,0,0,01,0,12,,,,,PUERTO RICO DEMOLAY I N C
661128076,AMERIKA SAMOA CHOIR,% PATI PATI,PO BOX 1540,PAGO PAGO,AS,96799-1540,0000,03,3,1200,202606,1,15,000000000,1,01,,0,0,02,0,10,,,,A6B,
661128100,MAMITAS AZULES,,443 CALLE RUBI,LUQUILLO,PR,00773-2671,0000,03,3,1000,202604,1,16,000000000,1,01,,0,0,02,0,12,,,,P80,
661128387,ENCAMINANDO EN FE VIDA Y EMPREDIMIE NTO INC,,PO BOX 1133,SAINT JUST,PR,00978-1133,0000,03,3,1200,202605,1,15,000000000,1,01,,0,0,01,0,12,,,,X20,
661128391,30 DIAS PR INC,,273 PONCE DE LEON AVE 1ST FLR,SAN JUAN,PR,00917-0000,0000,04,3,3000,202604,2,00,000000000,1,01,,0,0,02,0,12,,,,P11,
661128451,FRIENDS OF FAIRCHILD AT MAGENS BAY INC,% SARAH SMOLLETT,6539 ESTATE MANDAHL,ST THOMAS,VI,00802-3410,0000,03,3,1000,202603,1,16,000000000,1,01,,0,0,02,0,12,,,,C01,
661128650,SAN ISIDRO DEVOTEE INC,% ARSENE M BORJA,SAN JOSE VILLAGE SAN JOSE VILLAGE,TINIAN,MP,96952-0000,0000,03,3,7000,202604,1,15,000000000,1,01,,0,0,02,0,12,,,,A27,
661128665,CROSS COMMUNITY DEVELOPMENT INC,,PO BOX 250359,AGUADILLA,PR,00604-0359,0000,03,3,1200,202604,1,15,000000000,1,01,,0,0,02,0,12,,,,S31,
661128701,GERMINA EN MAREAS CORPORATION,,H25 CALLE 9,ARECIBO,PR,00612-3415,0000,03,3,1000,202607,1,15,000000000,1,01,,0,0,01,0,12,,,,F30,
661128920,PROYECTO CASA ABIERTA INC,% JOSE C GUILLAMA-HERNANDEZ,3 ESTRELLA STREET,CAMUY,PR,00627-0000,0000,03,3,1200,202604,1,15,000000000,1,01,202512,0,0,02,0,12,0,0,0,S20,
661129000,538 COMMUNITY DEVELOPMENT CORPORATI ON OF PUERTO RICO,% JESSIE RIVERA,38 CALLE ORQUIDEA,ENSENADA,PR,00647-1309,0000,03,3,1000,202606,1,15,000000000,1,01,,0,0,02,0,12,,,,L20,
661129045,YOGI RESCUE TEAM,% MARA,CALLE 307 INTERIOR VILLA TAINA,BOQUERON,PR,00622-0000,0000,03,3,1000,202604,1,16,000000000,1,01,,0,0,02,0,04,,,,D11,
661129352,THE V A N I S H PROJECT INC,,11 CALLE PABLO GUZMAN,SAN SEBASTIAN,PR,00685-1745,0000,03,3,1238,202606,1,16,000000000,1,01,,0,0,02,0,12,,,,S20,
661129418,ESEDERMIC INSTITUTE RESEARCH FOUNDA TION,,CALLE PALMER ESQUINA MUNOZ RIVERA,TOA ALTA,PR,00954-0000,0000,03,3,2800,202604,1,16,000000000,1,01,,0,0,02,0,12,,,,H80,CENTRO DE INVESTIGACION ESEDERMIC
661129986,FUNDACION LAMPARA ES INC,,W11 CALLE 17,BAYAMON,PR,00957-4304,0000,03,3,1200,202607,1,15,000000000,1,01,,0,0,01,0,12,,,,P99,
661130468,RECORDANDO EL ORIGEN INC,,236-11 CALLE 613,CAROLINA,PR,00985-2213,0000,03,3,2700,202604,1,16,000000000,1,01,,0,0,02,0,12,,,,A23,
661130992,BAJO LOS OJOS DEL ALTISIMO,,HC 2 BOX 12272,GURABO,PR,00778-9635,0000,03,3,1200,202605,1,16,000000000,1,01,,0,0,02,0,12,,,,X20,
661131174,FUDOSHIN TRAINING CENTER INC,,PO BOX 10773,TAMUNING,GU,96931-0773,0000,03,3,1000,202605,1,16,000000000,1,01,,0,0,02,0,12,,,,N60,
661131262,CARIBBEAN REEF FISH RESTORATION CORPORATION,% ALAN BELT,PO BOX 7992,CHRISTIANSTED,VI,00823-7992,0000,03,3,1200,202604,1,16,000000000,1,01,,0,0,02,0,12,,,,C32,CARIBBEAN REEF FISH FOUNDATION
661131290,HOMEBREWERS DE PUERTO RICO,,URB CAPARRA HILLS CEDRO G18,GUAYNABO,PR,00968-0000,0000,03,3,2000,202605,1,16,000000000,1,01,,0,0,02,0,12,,,,B99,
661131395,FUNDACION COMUNITARIA CARTAS DE AMO R Y ESPERANZA INC,,CALLE 1-3 CALLE 3 SIERRA BAYAMON,BAYAMON,PR,00961-0000,0000,03,3,1200,202606,1,15,000000000,1,01,,0,0,01,0,12,,,,,
661131814,LARES ACADEMY INC,% JUAN A OTANO VEGA,2 CALLE MUNOZ RIVERA PMB 220,LARES,PR,00669-2439,0000,03,3,2000,202607,1,11,000000000,1,01,,0,0,01,0,06,,,,B20,
661131847,HUMANE HANDY HUMANS CORP,,3272 CALLE MONTE LA MINA,TOA ALTA,PR,00953-9133,0000,03,3,1500,202606,1,15,000000000,1,01,,0,0,02,0,12,,,,P20,
661131851,THE TRUTH TABLE CHRISTIAN CHURCH,% RICHARD VALENTIN,EC31 CALLE ROBLES,BAYAMON,PR,00961-3409,0000,03,3,7000,202606,1,10,000000000,1,01,,0,0,06,0,12,,,,X20,
661132013,CORPORACION EDUCATIVA DE PUERTO RICO - CEPR,,PLAZA DEL MAR,HUMACAO,PR,00791-6245,0000,03,3,2000,202607,1,16,000000000,1,01,,0,0,02,0,12,,,,B90,CEPR
661133097,THE HARMONY EFFECT FOUNDATION INC,% LORRAINE FERRER,PO BOX 10645,SAN JUAN,PR,00922-0645,0000,03,3,1400,202605,1,15,000000000,1,01,,0,0,01,0,12,,,,D20,
661133254,VIRGIN ISLANDS BUSINESS EMERGENCY O PERATIONS GROUP,% WILBUR ANTONIO FRANCIS,3000 GOLDEN ROCK SHOPPING CENTER,CHRISTIANSTED,VI,00820-0000,0000,03,3,1000,202606,1,15,000000000,1,01,,0,0,02,0,05,,,,M20,
661134273,THE CHANGE FOUNDATION,% SANDRA TORRES CLEMENTE,D14 PARKSIDE 6,GUAYNABO,PR,00968-3313,0000,03,3,1200,202606,1,15,000000000,1,01,,0,0,02,0,12,,,,S80,
661134312,THE NUNU COLLECTIVE INC,% CANDICE MUNA,HC 1 BOX 17138,INARAJAN,GU,96915-7703,0000,03,3,1200,202606,1,15,000000000,1,01,,0,0,02,0,12,,,,S20,
661134314,GUAHAN EAGLES FOOTBALL ASSOCIATION,,PO BOX 3452,HAGATNA,GU,96932-3452,0000,03,3,2000,202606,1,16,000000000,5,01,,0,0,02,0,12,,,,O50,
661134329,EDITH DEJONGH WOODS FOUNDATION,,4028 ANNAS RETREAT,ST THOMAS,VI,00802-2221,0000,03,3,1200,202606,1,16,000000000,1,01,,0,0,02,0,04,,,,A20,
661134360,CARIBBEAN FOOD CROPS SOCIETY VI CHA PTER,% USMAN ADAMU,10000 CASTLE BURKE,KINGSHILL,VI,00850-9960,0000,03,3,2800,202607,1,13,000000000,5,01,,0,0,02,0,05,,,,B03,
661134423,EMPOWERING PEOPLE FOR REAL CHANGE,% BHAGWANDEEN PERSAD,405 HOSPITAL GROUND,US VIRGIN ISLANDS,VI,00802-0000,0000,03,3,2000,202606,1,15,000000000,1,01,,0,0,02,0,12,,,,S20,
661134450,CLUB ATLETICO RIO CORP,,23 CALLE PRINCIPAL UNIT 498,PALMER,PR,00721-2125,0000,03,3,1200,202606,1,16,000000000,1,01,,0,0,02,0,12,,,,N64,
661134880,SAINA COMMUNITY CARE,,PO BOX 13043,TAMUNING,GU,96931-3043,0000,03,3,1200,202606,1,16,000000000,1,01,,0,0,02,0,12,,,,P81,
661134976,THE GRANGE ESTATE FOUNDATION INC,% YOUNG BAKER,PO BOX 224542,CHRISTIANSTED,VI,00822-4542,0000,03,3,2800,202606,1,04,000000000,1,01,,0,0,00,1,03,,,,A82,
661135570,PUERTO RICO CHILDRENS CARE FOUNDATI ON INC,,96 CALLE CARAZO,GUAYNABO,PR,00969-5717,0000,03,3,1200,202606,1,15,000000000,1,01,,0,0,02,0,12,,,,E20,
661136116,PREVENT & WELLNESS CORP,,BO CAMPO RICO CARR 185 KM 8,CANOVANAS,PR,00729-0000,0000,03,3,1200,202607,1,15,000000000,1,01,,0,0,02,0,12,,,,E70,
661136291,CENTRO LUNAS INC,,URB HILLSIDE G28 CALLE 1,SAN JUAN,PR,00926-0000,0000,03,3,1200,202606,1,15,000000000,1,01,,0,0,02,0,12,,,,B60,
661136838,SOCIEDAD PARA LA TEOLOGIA PENTECOSTAL CARIBENA,,131 CALLE 5,PONCE,PR,00730-1543,0000,03,3,2700,202607,1,16,000000000,2,01,,0,0,02,0,06,,,,X83,
661137396,PASOS PROGRAMA DE VIDA INDEPENDIENT E INC,% GLADYS VANESSA,AC20 RIO ESPIRITU SANTO,BAYAMON,PR,00961-3229,0000,03,3,1000,202607,1,04,000000000,1,01,,0,0,00,1,12,,,,P80,
661138297,ONE LOVE ONE HEART HEARTS FOR HUMAN ITY FOUNDATION INC,% INDERA RIVERA EDWARDS,PO BOX 805,CHRISTIANSTED,VI,00821-0805,0000,03,3,1000,202607,1,15,000000000,1,01,,0,0,02,0,12,,,,O50,
661139216,KICKS 4 KIDS INC,% JEAN MERCADO,IH5 AVE LOMAS VERDES - TU PLANTA PR,BAYAMON,PR,00956-0000,0000,03,3,1700,202607,1,15,000000000,1,01,,0,0,02,0,07,,,,P60,
666012387,UNIVERSITY OF PUERTO RICO SCHOOL OF LAW TRUST,,7 AVE UNIVERSIDAD SUITE 701,SAN JUAN,PR,00925-2527,0000,03,3,1000,199404,1,13,034000000,1,01,202512,6,5,01,0,12,1400343,633211,495711,Q300,ESCUDERO ANTONIO TTEE
666012774,CENTROS SOR ISOLINA FERRE ENDOWMENT TRUST,% C/O BANCO POPULAR,PO BOX 362708,SAN JUAN,PR,00936-2708,0000,03,3,1000,199408,1,17,922000000,2,01,202412,6,6,01,0,12,4925578,3317996,1471079,T900,
666022718,FIDEICOMISO JOSE RAMON ALVAREZ- RODRIGUEZ & GLORIA FIGUERAS-SURO,% PABLO L ALVAREZ,PO BOX 363348,SAN JUAN,PR,00936-3348,0000,03,3,7000,201408,1,04,000000000,2,01,202512,8,6,00,1,12,15427433,3713829,,X99,ALVAREZ PABLO JOSE TTEE
666028271,FONDO PERMANENTE EPISCOPAL,,PO BOX 902,TRUJILLO ALTO,PR,00978-0902,0000,03,3,7000,200812,1,17,000000000,1,01,,0,0,13,0,06,,,,X112,DAVID ANDRES ALVAREZ TTEE
666034235,CARIBBEAN CONSOLIDATED SCHOOLS TR,% CARIBBEAN CONSOLIDATED SCHOOLS TT,PO BOX 70177,SAN JUAN,PR,00936-8177,0000,03,3,2000,201404,1,15,000000000,2,01,202506,6,3,01,0,06,1289885,87430,87430,B11,
666042338,TRUST FOR ENDOWMENT FUND OF ENTERPRIZE EVENTS INC,% GAUYACAN ENDOWMENT FUND,268 MUNOZ RIVERA AVE SUITE 1004,SAN JUAN,PR,00918-1921,0000,03,3,1000,202004,1,22,000000000,2,01,202412,7,6,01,0,12,6095079,1086588,1086588,T11,
666043391,SAN IGNACIO TRUST FUND,,1940 CALLE SAUCO,SAN JUAN,PR,00927-6718,0000,03,3,1200,202602,1,22,000000000,2,01,202506,8,6,01,0,06,17670235,1815725,1815725,B11,
666043399,FIDEICOMISO PARA EL DESARROLLO DE RIO PIEDRAS,% FIDEICEMISO PARA EL DESARROLLO DE,PO BOX 9300448,SAN JUAN,PR,00928-5848,0000,03,3,1000,202106,1,15,000000000,2,01,202412,6,4,01,0,12,2658688,325271,325271,,RACHEL HISKES TTEE
666053839,PUERTO RICO SOUTHWEST FISHERIES & FISHING COMMUNITIES TRANSFORMATIO,,URB KOFRESI 97 CALLE RAFAEL HERNAND,CABO ROJO,PR,00623-0000,0000,03,0,1200,202406,1,16,000000000,2,01,202409,0,0,02,0,09,0,0,0,S30,LUIS A VIVALDI TTEE
666424048,HERMANOS FRANCISCANOS DE LA PROVIDENCIA INC,,BOX 6801 CARR 642 KM 22,MANATI,PR,00674-0000,0000,03,3,1000,199407,1,10,001000000,1,01,,0,0,06,0,12,,,,,
670250221,TENNIS CLUB OF ST CROIX CHRISTIANSTED,,PO BOX 26533,CHRISTIANSTED,VI,00824-2533,0000,07,3,1000,202606,2,00,000000000,1,01,,0,0,01,0,12,,,,N50,
670250356,FREDERICK EVANGELICAL LUTHERAN CHURCH,,PO BOX 58,ST THOMAS,VI,00804-0058,9386,03,9,7000,198704,1,10,001000000,5,01,,0,0,06,0,07,,,,,
670250379,ANTILLES SCHOOL INC,,7280 FRENCHMANS BAY 16-1,ST THOMAS,VI,00802-2809,0000,03,3,1000,195111,1,11,046030000,1,01,202506,8,8,01,0,06,15447695,20668862,12093714,B20Z,
670250807,LUTHERAN SOCIAL SERVICES OF THE VIRGIN ISLANDS INC,,516B HOSPITAL ST,FREDERIKSTED,VI,00840-3824,9386,03,9,7000,196308,1,11,001000000,5,01,202309,8,8,01,0,09,27324906,21447203,21412248,,
670250851,ST CROIX COUNTRY CLUB,,PO BOX 398,FREDERIKSTED,VI,00841-0398,0000,07,3,1000,197805,2,00,280000000,1,01,202512,4,4,01,0,12,260054,131084,131084,,
670251194,HEBREW CONGREGATION OF ST THOMAS INC,% HEBREW CONGREGATION OF ST THOMAS,PO BOX 266,ST THOMAS,VI,00804-0266,0000,03,3,1700,199410,1,10,001000000,1,01,,0,0,06,0,04,,,,,
670251585,ST THOMAS REFORMED CHURCH,% NYE AND CRYSTAL GADE,NYE GADE CRYSTAL GADE,ST THOMAS,VI,00803-0000,9130,03,9,7000,198601,0,10,000000000,0,01,,0,0,06,0,12,,,,,
670252961,ALL SAINTS CATHEDRAL SCHOOL,% CARLA SARAUW,PO BOX 308,ST THOMAS,VI,00804-0308,0000,03,3,2000,202005,1,11,000000000,1,01,202506,5,6,01,0,06,995419,2090261,2021417,B20,
670253542,GOOD HOPE COUNTRY DAY SCHOOL INC,,6199 CONCORDIA,KINGSHILL,VI,00850-9889,0000,03,3,2000,197802,1,11,030000000,1,01,202406,7,7,01,0,06,5943730,5267781,5267781,,
670253545,VIRGIN ISLANDS MONTESSORI SCHOOL INC,% GREG J FERGUSON,6936 VESSUP LN,ST THOMAS,VI,00802-1035,0000,03,3,2000,199610,1,11,000000000,1,01,202506,8,7,01,0,06,12452006,5806901,5694512,B20Z,
670253694,AMERICAN LEGION,% RAMON L ORTIZ,PO BOX 306633,ST THOMAS,VI,00803-6633,0925,19,9,1000,194603,1,00,907000000,5,01,202512,0,0,02,0,12,0,0,0,,90 PATRICK U GEORGE
670254280,HUMANE SOCIETY OF ST THOMAS,,PO BOX 8150,ST THOMAS,VI,00801-1150,0000,03,3,1200,199802,1,15,179000000,1,01,202412,7,6,01,0,12,9843762,1703678,1649410,D21Z,
670254464,FIRST WESLEYAN HOLINESS CHURCH INC,,PO BOX 302145,ST THOMAS,VI,00803-2145,2079,03,9,7000,197005,0,10,001000000,5,01,,0,0,06,0,12,,,,,
670254654,LEGAL SERVICES OF THE VIRGIN ISLANDS INC,% LEGAL SERVICES OF THE VI INC,6002 DIAMOND RUBY STE 7,CHRISTIANSTED,VI,00820-5226,0000,03,3,1000,201607,1,15,000000000,1,01,202412,7,6,01,0,12,7437935,3491075,3491075,I80,
670259922,ST GEORGE VILLAGE BOTANICAL GARDEN OF ST CROIX INC,,127 ESTATE ST GEORGE,FREDERIKSTED,VI,00840-4459,0000,03,3,1000,197506,1,15,062350354,1,01,202512,6,5,01,0,12,1836986,965985,829837,C410,
670260271,APOSTOLIC FAITH MISSION ST CROIX INC,,PO BOX 6327,CHRISTIANSTED,VI,00823-6327,0000,03,3,7000,202201,1,10,000000000,1,01,,4,4,06,0,12,,,,,
670260387,ST CROIX SWIMMING ASSOCIATION,,PO BOX 972,KINGSHILL,VI,00851-0972,0000,03,3,1000,198210,1,16,000000000,1,01,202508,4,4,01,0,08,218822,285752,285752,,
670260496,LORD GOD OF SABAOTH LUTHERAN CHURCH,,1120 KING ST,CHRISTIANSTED,VI,00820-4953,9386,03,9,7000,198704,1,10,001000000,5,01,,0,0,06,0,01,,,,,
680008187,TOASTMASTERS INTERNATIONAL,% SUNRISE BUSINESS LEADERS,NUGEGODA 10250,SRI LANKA,,00000-0000,0820,03,9,2000,194505,1,16,059319000,1,01,202512,0,0,02,0,12,0,0,0,,362 SUNRISE BUSINESS LEADERS
680500814,IGLESIA DE RESTAURACION LA LUZ DEL MUNDO INC,,PO BOX 2812,CAROLINA,PR,00984-2812,2046,03,9,7000,196911,1,10,001000000,5,01,,0,0,06,0,12,,,,,IGL DE REST LA LUZ DEL MUNDO INC
680678031,ANIMALS WITHOUT LIMITS INC,% MARIA MATTSSON-MERCER,CMR 480 BOX 2500,APO,AE,09128-0000,0000,03,3,1400,200909,1,15,000000000,1,01,202312,0,0,02,0,12,0,0,0,D20,
680680719,UNDER THE SAME SUN FOUNDATION USA,,SURREY BC V3R 0N9,CANADA,,00000-0000,0000,03,3,1000,201009,4,15,000000000,1,01,202506,4,4,01,0,06,208422,324201,324201,T30,
680683608,KNIGHTS OF COLUMBUS,% RYAN RITTER,PSC 333 BOX 4042,APO,AP,96251-0041,0188,08,9,1000,194010,1,00,036029265,5,01,202412,0,0,02,0,12,0,0,0,,3348 BISHOP JOSEPH W ESTABROOK ASSE
690012190,IGLESIA JUAN 3-16 AD,% DAVID URBINA,PO BOX 1194,CABO ROJO,PR,00623-1194,1678,03,9,7000,196408,1,10,001002029,5,01,,0,0,06,0,12,,,,,
711048674,VIETNAM VETERANS OF AMERICA INC,% CHAPTER OFFICIAL,ANGELES CITY PAMPANGA 2009,PHILIPPINES,,00000-0000,3202,19,9,1000,198411,1,00,907000000,5,01,202407,0,0,02,0,07,0,0,0,W30,0887 PI VVA CHAPTER
721571034,CONGREGATION HAMERKAZ INC,% ALAN KLEIN,RAMAT BET SHEMESH 99624,ISRAEL,,00000-0000,0000,03,3,7000,200401,1,16,000000000,1,01,202412,3,4,01,0,12,31463,144881,144881,X30,
721610962,CENTER FOR LIVING INDEPENDENTLY IN THE CNMI,% MARY SUSAN SATUR,PO BOX 5759,SAIPAN,MP,96950-5557,0000,03,3,1200,202003,1,15,000000000,1,01,202509,4,5,01,0,09,233695,578558,578558,P80,
731068830,NEW CHAUCER SOCIETY,% THE ORGANIZATION,REYKJAVIK,ICELAND,,00000-0000,0000,03,3,2000,197907,1,16,092123000,1,01,202512,6,4,01,0,12,1551830,128188,128188,A700,
731318895,WAKITA EDUCATIONAL FOUNDATION,,WAKITA OK 73771,GUINEA-BISSAU,,00000-0000,0000,03,3,1000,199906,1,15,000000000,1,01,202412,0,0,02,0,12,0,0,0,B112,
731441383,HUDSONS INTERNATIONAL MINISTRIES INC,,TULSA OK 74170,HAITI,,00000-0000,0000,03,3,7100,199511,1,15,994006007,1,01,202512,0,0,02,0,12,0,0,0,X20,
731578256,FAITH CHRISTIAN FELLOWSHIP OF GUATEMALA INC,,SANTA ELENA,PETEN GUATEMALA,,00000-0000,7018,03,9,7000,198001,1,10,001000000,5,01,,0,0,06,0,12,,,,,AKA HARVEST THE WORLD
742419579,THE CROSSROADS TO TEXAS QUILT GUILD INC,% PRESIDENT CTTQG,KILLEEN 76547,ARMENIA,,00000-0000,0000,03,3,1000,198703,1,16,119000000,1,01,202512,0,0,02,0,12,0,0,0,,
742607138,ART LIBRARIES SOCIETY OF NORTH AMERICA,% PAULA FARRAR,VANCOUVER BRITISH COLUMBIA V6T 1Z1,CANADA,,00000-0000,7140,03,9,2000,199007,0,16,120123205,5,01,202509,0,0,02,0,09,0,0,0,,NORTHWEST
742807289,NATIONAL ORGANIZATION OF PROF HISPANIC NAT RESC CONV SERV EMPS,% BRUNILDA VELEZ,8689 CALLEJON LOS GONZALEZ,QUEBRADILLAS,PR,00678-9732,0000,03,3,1000,199711,1,16,205000000,1,01,202512,0,0,02,0,12,0,0,0,S41Z,NOPHNRCSE
742937371,CHRIST IN ACTION MINISTRY INTERNATIONAL ASSOCIATION,% JUSTIN D MANZEY,ABBOTSFORD BC V2S 2E3,CANADA,,00000-0000,1620,03,9,7000,196402,1,10,001029000,5,01,,0,0,06,0,12,,,,,CHRIST IN ACTION MINISTRY
743261370,CASA DE ADORACION LLAMA DE FUEGO,% MAYRA L CASTILLO-MORALES,129 CALLE COROZO,GURABO,PR,00778-9020,0000,03,3,7000,201902,1,10,000000000,1,01,,0,0,06,0,12,,,,X20,
751850754,ONTARIO EDUCATIONAL COMMUNICATIONS AUTHORITY,% NANCY ROCKEL,TORONTO ON M4S 2B9,CANADA,,00000-0000,0000,03,3,1000,198211,4,15,000000000,5,01,202503,0,0,02,0,03,0,0,0,,TVO
751869279,AMBASSADORS OF FORT WORTH INCORPORATED,% KENNETH L MOSS,FORT WORTH TX 76113,AFGHANISTAN,,00000-0000,0000,07,3,1000,200203,2,00,000000000,1,01,202512,0,0,02,0,12,0,0,0,N50,
752255589,SOCIETY OF PETROPHYSICISTS AND WELL LOG ANALYSTS INC,% MIN CHENG,NEW BRUNSWICK RUSAGONIS E3B 7X3,CANADA,,00000-0000,7067,06,9,2000,198609,2,00,205000000,1,01,202412,3,4,01,0,12,87887,186875,186875,,SCA
752657265,WITHOUT WALLS CHURCH OF FORT WORTH INC,% ORLANDO REYES,FORT WORTH TX 76119,CANADA,,00000-0000,0000,03,3,7000,199712,1,10,001000000,1,01,,0,0,06,0,12,,,,X20Z,
752990161,FRIENDS OF SIR M B DAVIS JEWISH GENERAL HOSPITAL,% ANNIE VUONG,MONTREAL QUEBEC H3T 1E2,CANADA,,00000-0000,0000,03,3,1000,200210,4,17,000000000,1,01,202412,1,4,01,0,12,6856,124838,124838,T30,
753014680,KEG SPIRIT FOUNDATION,% DAVID AISENSTAT,RICHMOND V6X 2W7,CANADA,,00000-0000,0000,03,3,1000,200203,4,04,000000000,1,01,202412,1,2,00,1,12,4636,20982,,T22,
753097144,DELTA ENVIRONMENTAL & EDUCATION FOUNDATION,% CT CORPORATION SYSTEM,TAPEI 114,CHINA,,00000-0000,0000,03,3,2000,200404,1,04,000000000,1,01,202412,3,5,00,1,12,79263,750150,,B12,
753106975,BLUE KNIGHTS MOTORCYCLE CLUB,% GREGG WILLIS,MCMINNVILLE 97128,AFGHANISTAN,,00000-0000,9222,10,9,1000,198909,2,00,260000000,1,01,202512,0,0,02,0,12,0,0,0,,OR II
753255585,INTERNATIONAL SOCIETY FOR THE PSYCHOLOGICAL TREATMENTS OF THE,% ANN-LOUISE S SILVER,ANO GLYFADA ATHENS 165 62,GREECE,,00000-0000,0000,03,3,2000,200806,1,15,000000000,1,01,202512,3,3,01,0,12,60212,52181,52181,F03,ISPS
770613996,NORTHERN MARIANAS JUDICIARY HISTORICAL SOCIETY,% JAMES W STOWELL,PO BOX 502165,SAIPAN,MP,96950-2165,0000,03,3,2100,200406,1,15,000000000,1,01,202512,0,0,02,0,12,0,0,0,A80,
770680341,FINISH LINE FOCUSED MINISTRIES INC,% SANDRA WELBORN,WOODSTOCK GEORGIA 30188,GEORGIA,,00000-0000,0000,03,3,7000,200912,1,15,000000000,1,01,202402,0,0,02,0,02,0,0,0,X20,
800092086,AMERICAN FRIENDS OF THE UNIVERSITY OF CALGARY INC,% LORI HARNACK,CALGARY AB T2N 1N4,CANADA,,00000-0000,0000,03,3,1000,200502,1,15,000000000,1,01,202512,1,3,01,0,12,9125,85092,85092,T11,
800341954,USVI ASSOCIATION OF ADMITTED PROPERTY AND CASUALTY INSURERS INC,% NOSHIRWAN MARFATIA,6-7 DRONNINGENS GADE 202,ST THOMAS,VI,00804-0000,0000,06,3,1000,201002,2,00,000000000,1,01,202412,1,0,02,0,12,6096,0,0,S41,
800360875,POP MINISTRIES,% POP MARIUS,SLOBOZIA IALOMITA 8400,ROMANIA,,00000-0000,1620,03,9,7000,196402,1,10,001029000,5,01,,1,2,06,0,12,,,,,
800454636,FAITH ALIVE CHRISTIAN ACADEMY,% FERNANDO LEONARD,394B ESTATE ANNAS RETREAT,ST THOMAS,VI,00802-0000,0000,03,3,1270,202208,1,11,000000000,1,01,202306,3,4,13,0,06,85144,201389,201389,B24,
800461717,SCOTT L HULL MEMORIAL FUND,% SHARON L HULL,CARY 60013,AFGHANISTAN,,00000-0000,0000,03,3,1000,201105,1,15,000000000,5,01,202312,0,0,02,0,12,0,0,0,G12,
800506012,YOUTH CHALLENGE AMERICA INC,% BRYAN COX,CALEDON ONTARIO L7E 3P7,CANADA,,00000-0000,0000,03,3,1000,201309,1,15,000000000,1,01,202503,0,0,02,0,03,0,0,0,O50,
800589789,IGLESIA CRISTIANA RESTAURANDO AL CAIDO INC,,PO BOX 1544,DORADO,PR,00646-1544,0000,03,3,7000,201108,1,10,000000000,1,01,,0,0,06,0,12,,,,X20,
800615084,SON VALLEY YOUTH RANCH,% DONA STANSBERY,CANTON MO 63435,MOROCCO,,00000-0000,0000,03,3,1000,201010,1,15,000000000,1,01,202412,0,0,02,0,12,0,0,0,O50,
800621269,VETERANS OF FOREIGN WARS AUXILIARY,% DIANA WOLF,LAKEHURST NJ 08733,JERSEY,,00000-0000,5774,19,9,1000,201008,2,00,000000000,5,01,202306,0,0,02,0,06,0,0,0,W30,10061 LAKEHURST AUXILIARY
800814207,INART INC,% ANA MARIA MEJIA,ESCAZU SAN JOSE 1126 1250,COSTA RICA,,00000-0000,0000,03,3,2000,201212,1,15,000000000,1,01,202512,0,0,02,0,12,0,0,0,Q21,
800841756,HELPING HANDS TOGETHER INC,% ERROL CAMPBELL,KINGSTON JAMAICA,JAMAICA,,00000-0000,0000,03,3,1200,201310,1,15,000000000,1,01,202506,0,0,02,0,06,0,0,0,N66,
800903957,CCCAS-EFKAS FAGAALU,% VAILOATA E AMITUANAI,PO BOX 752,PAGO PAGO,AS,96799-0752,0000,03,3,1700,202602,1,16,000000000,5,01,,0,0,02,0,12,,,,X20,
800948823,PARTNERSHIP FOR ECONOMIC POLICY INC,,NAIROBI,KENYA,,00000-0000,0000,03,3,1000,201409,1,15,000000000,1,01,202412,6,6,01,0,12,3178064,4989763,4989763,W99,
800964460,AMERICANS WORKING AROUND THE GLOBE,% APRIL DAVIS,CMR 480 BOX GD,APO,AE,09128-0000,0000,03,3,1000,201408,1,15,000000000,5,01,202505,3,4,01,0,05,48033,117040,11421,J99,AWAG
810301141,KENT DITCH COMPANY,% ANDREW BUTTS,REED POINT 59069,AFGHANISTAN,,00000-0000,0000,12,3,4000,196802,2,00,279000000,1,02,202412,0,0,02,0,12,0,0,0,,
810733616,THE GUIDELINES FUND CORP,,BET SHEMESH 9964166,ISRAEL,,00000-0000,0000,03,3,7000,201609,1,15,000000000,1,01,202512,0,0,02,0,12,0,0,0,X30,
810757923,JGIVE-FRIENDS OF ASOR FUND USA INC,% ASOR FUND,JERUSALEM 9139002,ISRAEL,,00000-0000,0000,03,3,1000,201607,1,15,000000000,1,01,202412,7,8,01,0,12,7903298,38422853,38422853,T30,
810815708,JAKIN MINISTRY,% KAREN FOLKERTSMA,BELMONT MI 49306,PHILIPPINES,,00000-0000,0000,03,3,1270,201512,1,15,000000000,1,01,202512,0,0,02,0,12,0,0,0,P20,
810877801,QUEENS ROAD FOUNDATION INC,% FREDERICK DEMOPOULOS,MIDLEVELS CENTRAL,HONG KONG,,00000-0000,0000,03,3,1000,201603,1,04,000000000,1,01,202412,8,6,00,1,12,10390100,3852023,,T20,
811143995,FRIENDS OF PUERTO RICO,% ANGELIQUE SINA,PO BOX 1437,AGUADILLA,PR,00605-1437,0000,03,3,1000,201602,1,16,000000000,1,01,202412,6,6,01,0,12,1470779,1567502,1567502,A12,
811241316,GODS PROPERTY PHASE I,% KONAMRE CHERRY,ATHENS 35613,ALBANIA,,00000-0000,0000,03,3,1000,201602,1,16,000000000,1,01,202512,0,0,02,0,12,0,0,0,L20,
811321411,TRANSFORMATIONAL HOPE MINISTRIES INC,% DAVID B RHONE JR,LITHONIA 30058,GEORGIA,,00000-0000,0000,03,3,7000,202308,1,16,000000000,1,01,202512,0,0,02,0,12,0,0,0,X12,
811663061,LIFE BEYOND RE-ENTRY,% DEBRA QAIYYIM,PONTIAC MICHIGAN 48341,AFGHANISTAN,,00000-0000,0000,03,3,1000,201608,1,15,000000000,1,01,202412,0,0,02,0,12,0,0,0,P20,
811664389,MONKEY FARM INC,,PLAYA OCOTAL GUANACAST GUANACASTR 5,COSTA RICA,,00000-0000,0000,03,3,1248,201607,1,16,000000000,1,01,202412,1,4,01,0,12,8031,269321,269321,P20,
811667194,ALLIANCE OF DIVINE LOVE INC,% SANDRA LEE MARNIE,300 CALLE ANTONIO G MELLADO STE 1,VIEQUES,PR,00765-3139,3054,03,9,7000,197702,1,10,000000000,5,01,,0,0,01,0,12,,,,,2044 INNER LIGHT WORKSHOP
811879492,PARADISE INTERNATIONAL FOUNDATION LIMITED,% YOUHE INVEST LLC STEVEN ZHANG,DONGCHENG QU BEIJING 100007,CHINA,,00000-0000,0000,03,3,2000,201810,2,15,000000000,1,01,202412,0,0,02,0,12,0,0,0,C30,
812547417,KNIGHTS OF COLUMBUS,% JOHN KUCZKA,PSC 41 BOX 932,APO,AE,09464-0010,0188,08,9,1000,194010,2,00,036029265,5,01,202512,0,0,02,0,12,0,0,0,,14233 SAINT GEORGE COUNCIL
812605203,EMPOWERMENT ALLIANCE,,PLEASANT GROVE ALABAMA 35127,AFGHANISTAN,,00000-0000,0000,03,3,1200,201704,1,16,000000000,1,01,202512,0,0,02,0,12,0,0,0,R01,
812615425,SASEBO RIPTIDES SWIM CLUB,% SHAWN JOHNSON,PSC 476 BOX 1201,FPO,AP,96322-0013,0000,07,3,1000,202005,2,00,000000000,5,01,202412,0,0,02,0,12,0,0,0,N67,SASEBO RIPTIDES SWIM CLUB
812822864,WEST COAST ECUESTRE,,PO BOX 1606,RINCON,PR,00677-1606,0000,03,3,2500,201909,1,16,000000000,1,01,202312,0,0,02,0,12,0,0,0,N69,
812870019,ROBIN LI & MELISSA MA FOUNDATION,% MELISSA MA,KOWLOON HONK KONG,CHINA,,00000-0000,0000,03,3,1000,201703,1,04,000000000,1,01,202512,1,1,00,1,12,1,155,,T20,
813421538,OKINAWA LEADERSHIP SEMINAR,% MCCS EXECUTIVE BRANCH,OPC 557 BOX 80,FPO,AP,96377-0000,0000,03,3,1200,202112,1,16,000000000,1,01,202509,0,0,02,0,09,0,0,0,P01,
813623818,MOZAMBIQUE MISSIONS,% JANIS D CREW,WEST BRANCH IOWA 52358,MOZAMBIQUE,,00000-0000,0000,03,3,7000,201711,1,15,000000000,1,01,202412,0,0,02,0,12,0,0,0,X20,
813638903,KINGDOM CONNECTORS INC,% DEBORAH MATTHEWS,WILMINGTON DE 19805-1834,AFGHANISTAN,,00000-0000,0000,03,3,1200,202101,1,15,000000000,1,01,202512,0,0,02,0,12,0,0,0,P20,
813878568,NAPOLI OPERATIONAL SUPPORT CLUB,% NOSC PRESIDENT,PSC 808 BOX 3678,FPO,AE,09618-0037,0000,03,3,1000,201804,1,16,000000000,5,01,202601,0,0,02,0,01,0,0,0,W12,NOSC
813931169,SAMEYOU FOUNDATION,% ADLER & COLVIN,OLD STREET LONDON EUROPE EC1V 9DD,UNITED KINGDOM,,00000-0000,0000,03,3,1000,201708,1,15,000000000,1,01,202508,1,3,01,0,08,9095,50027,50027,E70,
814061185,ARMED FORCED COMMUNICATION AND ELECTRONICS ASSOCIATION,% KEN RING,PSC 3 BOX 4074,APO,AP,96266-0041,3185,06,9,2000,198209,2,00,065207000,1,01,202509,0,0,01,0,09,0,0,0,,OSAN MUSTANG CHAPTER
814070802,GEORGE SEITZ ELEMENTARY SCHOOL PTO,% KRS ATTN-GEORGE SEITZ ELEMENTARY,PSC 701 BOX 76,APO,AP,96555-0001,0000,03,3,1200,201704,1,16,000000000,5,01,202501,0,0,02,0,01,0,0,0,B94,
814132272,I AM CHRISTIAN MINISTRIES INC,% DAVID LIEBERMAN,FREDERICTON NEW BRUNSWICK E3C 1S2,CANADA,,00000-0000,0000,03,3,1270,201701,1,15,000000000,1,01,202512,0,0,02,0,12,0,0,0,X99,
814207998,OFFICERS SPOUSES ASSOCIATION OF YOKOSUKA,% ABBIE HARTGE,PSC 473 BOX 5022,FPO,AP,96349-0051,0000,03,3,1200,202305,1,16,000000000,5,01,202512,0,0,02,0,12,0,0,0,W30,
814274802,LIBERTY COMMUNITY ASSOCIATION,,APO 09464,UNITED ARAB EMIRATES,,00000-0000,0000,03,3,1000,202505,1,16,000000000,1,01,202212,0,0,02,0,12,0,0,0,T50,
814518657,GRATEFUL MINISTRIES,,PO BOX 382,KOSRAE,FM,96944-0301,0000,03,3,1700,201709,1,15,000000000,1,01,202512,0,0,02,0,12,0,0,0,X20,
814523817,INTERNATIONAL UNION EDUCATIONAL LEAGUE INC,,ATLIXCO PUEBLA 74270,MEXICO,,00000-0000,0000,03,3,2000,201803,1,15,000000000,1,01,202312,0,0,02,0,12,0,0,0,J01,
814723431,GOOD FAIRY DUST FUND INC,% BEVERLY MCCHESNEY,BOWLING GREEN KY 42104,AFGHANISTAN,,00000-0000,0000,03,3,1000,201706,1,15,000000000,1,01,202512,0,0,02,0,12,0,0,0,D12,
814925144,LOVE IN DEED INC,,CMR 480 BOX 297,APO,AE,09128-0003,0000,03,3,1700,201712,1,15,000000000,1,01,202312,0,0,02,0,12,0,0,0,X20,
815074759,KAPPA ALPHA PSI,% DWAYNE JEFFERSON,PSC 473 BOX 1181,FPO,AP,96349-0012,0000,07,3,1000,201704,2,00,000000000,5,01,202412,0,0,02,0,12,0,0,0,W30,
815299782,THE POLARIS ART FOUNDATION,% JOSHUA HONG,604 CALLE HOARE,SAN JUAN,PR,00907-3614,0000,03,3,1200,201702,1,16,000000000,1,01,202412,3,3,01,0,12,75965,75965,75965,A80,
815452190,TAGUM CITY CHILDRENS RELIEF,,TAGUM DAVAO DEL NORTE 8100,PHILIPPINES,,00000-0000,0000,03,3,1200,201708,1,15,000000000,1,01,202512,0,0,02,0,12,0,0,0,K30,
816018477,NATIONAL ACTIVE AND RETIRED FEDERAL EMPLOYEES ASSOCIATION,% HAROLD C VOSEN,MILES CITY MT 59301,MALTA,,00000-0000,1599,05,9,3000,196703,2,00,264480279,5,01,202412,0,0,02,0,12,0,0,0,,1973
820474867,JAMES AND BARBARA CIMINO FOUNDATION INC,% JAMES N CIMINO,PO BOX 363328,SAN JUAN,PR,00936-3328,0000,03,3,1000,199506,1,04,001000000,1,01,202412,8,6,00,1,12,27151172,4162019,,T20Z,
820525361,PALOUSE ICE RINK ASSOCIATION,% STEVE BUSH,PORT TOWNSEND WASHINGTON 98368,AFGHANISTAN,,00000-0000,0000,03,3,1000,200511,1,16,000000000,1,01,202505,0,0,02,0,05,0,0,0,O50,
820661387,ZEPHANIAH OWIDI ODONGO MEMORIAL FOUNDATION INC,,NAIROBI 00200,KENYA,,00000-0000,0000,03,3,1200,201704,1,15,000000000,1,01,202512,0,0,02,0,12,0,0,0,Q33,
821031357,THE HAPPY GIVERS,,CONDOMINIO PALMA DORADA F1104,VEGA ALTA,PR,00692-0000,0000,03,3,1000,201708,1,15,000000000,1,01,202412,5,5,01,0,12,513976,905649,905649,Q33,
821150972,PARKINGS UNDER GREEN,,SHANGHAI SHANGHAI 200000,CHINA,,00000-0000,0000,03,3,1000,201705,1,16,000000000,1,01,202412,0,0,02,0,12,0,0,0,,
821413746,IN COMMUNITY INC,,KAMPALA,UGANDA,,00000-0000,0000,03,3,7000,201708,1,15,000000000,1,01,202412,0,0,02,0,12,0,0,0,X99,
821531991,DOLPHIN FOOTBALL ALUMNI ASSOCIATION INC,% JEAN MARIE HELMICK,EAST MEADOW NY 11554,AFGHANISTAN,,00000-0000,0000,03,3,1000,202405,1,16,000000000,1,01,202506,0,0,02,0,06,0,0,0,N65,
821660573,MEOROT HACHESED INC,,RAMAT BEIT SHEMESH 9909938,ISRAEL,,00000-0000,0000,03,3,1200,201808,1,15,000000000,1,01,202412,1,3,01,0,12,1002,68391,68391,S80,
821766805,BENEVOLENT COMMUNITY HEALTH SERVICES AND WOMENS SOCIAL CLUB CO,,LIMBE SOUTHWEST,CAMEROON,,00000-0000,0000,03,3,1000,202211,1,15,000000000,1,01,202512,0,0,02,0,12,0,0,0,E21,
821934687,NANCY FOUNDATION TANZANIA CORP,,SHINYANGA,TANZANIA,,00000-0000,0000,03,3,1200,201708,1,15,000000000,1,01,202412,0,0,02,0,12,0,0,0,E11,
821976773,MUSICAL STAGE COMPANY,% CHRISTOPHER BALLARD,TORONTO ON M5V 3A8,CANADA,,00000-0000,0000,03,3,1230,201707,1,15,000000000,1,01,202512,0,0,02,0,12,0,0,0,A65,
822957116,ST JOHN CULTURE & HERITAGE FOUNDATION INC,% CHALIESE SUMMERS,5000 ESTATE ENIGHED 63,ST JOHN,VI,00830-6120,0000,03,3,1000,201711,1,15,000000000,1,01,202512,0,0,02,0,12,0,0,0,Q33,
823269347,JUNIOR HUSKY BASKETBALL CLUB INC,,OELWEIN 50662,AFGHANISTAN,,00000-0000,0000,03,3,2000,201801,1,16,000000000,1,01,202312,0,0,02,0,12,0,0,0,N62,
823341758,LOVE CITY COMMUNITY NETWORK CO,,6D CRUZ BAY,ST JOHN,VI,00830-9545,0000,03,3,1000,201804,1,15,000000000,1,01,202412,4,5,01,0,12,271638,740898,740898,Q33,
823414992,KINGS SINGERS GLOBAL FOUNDATION,% ROBERT BAIRD,ALLISTON ONTARIO L9R 1V2,CANADA,,00000-0000,0000,03,3,1200,201803,1,15,000000000,1,01,202412,2,3,02,0,12,24763,40000,40000,A68,
823433115,RESILIENT POWER PUERTO RICO INC,% JONATHAN MARVEL,655 AVE ROBERTO H TODD PMB 300,SAN JUAN,PR,00907-3975,0000,03,3,1000,201905,1,15,000000000,1,01,202409,4,3,02,0,09,214861,32798,-115000,M20,
823664969,MADDIE DOTY FOUNDATION,,SOUTH LYON MICHIGAN 48178-9050,AFGHANISTAN,,00000-0000,0000,03,3,1000,201808,1,15,000000000,5,01,202512,0,0,02,0,12,0,0,0,T31,
824081349,ZAMA BAND BOOSTERS INC,,PSC 705 BOX 23,APO,AP,96338-0001,0000,03,3,1000,201810,1,16,000000000,1,01,202412,0,0,02,0,12,0,0,0,B82,
824215683,USA MINDEROO INC,,BROADWAY NEDLAND,AUSTRIA,,00000-0000,0000,03,3,1000,201809,1,04,000000000,1,01,202506,3,3,00,1,06,48865,50000,,G30,
824277569,KNIGHTS OF COLUMBUS,% FINANCIAL SECRETARY,PSC 305 BOX 131,APO,AP,96218-0002,0188,08,9,1000,194010,1,00,036029265,5,01,202512,0,0,02,0,12,0,0,0,,16678 FATHER HERMAN FELHOELTER COUN
824289616,LOUD CRY MEDIA,,INGOMAR NS B0T 1W0,CANADA,,00000-0000,0000,03,3,7000,202004,1,16,000000000,1,01,202512,0,0,02,0,12,0,0,0,X80,
824309627,HEALING HANDS WORLDWIDE INC,,PO BOX 7486,ST THOMAS,VI,00801-0486,0000,03,3,1200,201803,1,15,000000000,1,01,202512,0,0,02,0,12,0,0,0,E99,
824338925,J W HOLLEY YOUTH CLUB INC,% JUDY H HALL,SYLVESTER 31791,GUINEA-BISSAU,,00000-0000,0000,03,3,1000,201806,1,16,000000000,1,01,202512,0,0,02,0,12,0,0,0,O20,
824435322,VIEQUESLOVE,% KELLY THOMPSON,PO BOX 1108,VIEQUES,PR,00765-1108,0000,03,3,1000,201809,1,15,000000000,1,01,202512,4,3,01,0,12,154360,92474,92474,M20,
824904551,ALCONBURY MOLESWORTH SPOUSE CLUB,,UNIT 5623,APO,AE,09470-0000,0000,03,3,1000,202009,1,16,000000000,5,01,202604,0,0,02,0,04,0,0,0,T50,
824929044,EMPOWERED THROUGH FITNESS INC,,CORAL GABLES FL 33146,AFGHANISTAN,,00000-0000,0000,03,3,1200,201804,1,16,000000000,1,01,202512,0,0,02,0,12,0,0,0,P12,
825324930,SEEKING WATERS,% VERONICA SANDERS,WARNER ROBINS 31088,GEORGIA,,00000-0000,0000,03,3,1000,201903,1,15,000000000,1,01,202512,0,0,02,0,12,0,0,0,P20,
825409601,JOEL KOSCHITZKY CHARITABLE FOUNDATION,,TORONTO ON M6A 3A1,CANADA,,00000-0000,0000,03,3,1000,201811,1,04,000000000,1,01,202412,6,5,00,1,12,3908487,579071,,T20,
825519634,KNIGHTS OF COLUMBUS,% TIMOTHY COE,APO AE 09128,GERMANY,,00000-0000,0188,08,9,1000,194010,1,00,036029265,5,01,202512,0,0,02,0,12,0,0,0,,8792 CHAPLAIN CHARLES J WATTERS COU
830653322,BIBEVSKI FOUNDATION,% JENNIFER BIBEVSKI,HOLLYWOOD FLORIDA 33019,MACEDONIA,,00000-0000,0000,03,3,1000,201806,1,15,000000000,1,01,202512,0,0,02,0,12,0,0,0,D40,
830703347,KAMPALOOZA KIDS,,PLANO TEXAS 75093,AFGHANISTAN,,00000-0000,0000,03,3,1000,201903,1,15,000000000,1,01,202412,0,0,02,0,12,0,0,0,N20,
831024099,LEADERS OF EXCELLENCE INC,% ALYSSIA WALKER,BIRMINGHAM ALABAMA 35208,ALBANIA,,00000-0000,0000,03,3,2000,201903,1,15,000000000,1,01,202512,0,0,02,0,12,0,0,0,O50,
831294660,SAVING AMERICA NOW INC,,HAMPTON GA 30228-3603,AFGHANISTAN,,00000-0000,0000,03,3,1278,201808,1,15,000000000,1,01,202512,0,0,02,0,12,0,0,0,X20,
831513266,HERSHEL WILLIAMS CPOA,% CPOA TREASURER,UNIT 100523 BOX 1,FPO,AE,09595-2300,0000,03,3,1000,202204,1,15,000000000,5,01,202512,0,0,02,0,12,0,0,0,W30,
831635955,BROTHERHOOD OF SCOUTING,% ANTHONY GIBBS,PO BOX 129,CABO ROJO,PR,00623-0129,0000,03,3,2000,201808,1,16,000000000,1,01,202512,0,0,02,0,12,0,0,0,O41,
831916182,VFW DISTRICT III EUROPE,% ROBERT MOWERY,FURTH 90763,GERMANY,,00000-0000,0000,03,3,1200,201902,1,16,000000000,5,01,202212,0,0,02,0,12,0,0,0,W30,
831994985,SPECIALLY FIT FOUNDATION CORPORATION,% MARK OLIVER,RIVERVIEW 33569,NORWAY,,00000-0000,0000,03,3,1000,202203,1,15,000000000,1,01,202512,7,6,01,0,12,8641810,4121492,4121492,P82,
832268948,PRAXIS ADVOCATES,% DON HECKMAN,FILLINGES HAUTE SAVOIE 74250,FRANCE,,00000-0000,0000,03,3,1000,201908,1,15,000000000,1,01,202512,1,3,01,0,12,1,59530,59297,P43,
832288620,BALLET FOLKLORICO DE BARAJAS,% LEONOR GONZALES,COLORADO SPRINGS CO 80919,AFGHANISTAN,,00000-0000,0000,03,3,1000,201812,1,15,000000000,1,01,202512,0,0,02,0,12,0,0,0,A62,
832495697,FRG MINISTRY INTERNATIONAL INC,,STRATHDALE VICTORIA 3550,AUSTRALIA,,00000-0000,0000,03,3,7000,201907,1,15,000000000,1,01,202506,4,4,01,0,06,318118,177774,177774,X20,
832498688,INTERNATIONAL SOCIETY OF BEHAVIORAL MEDICINE,% FRANCISCO PENEDO,VANCOUVER BRITISH COLUMBIA V7X 1M8,CANADA,,00000-0000,0000,03,3,2000,202210,1,16,000000000,1,01,202412,4,4,01,0,12,377400,108198,108198,H03,
832508289,RESPECT ZONE USA INC,% NATHAN COEN,PARIS 75005,FRANCE,,00000-0000,0000,03,3,1200,201903,1,15,000000000,1,01,202406,0,0,02,0,06,0,0,0,R30,
832756405,KINYAN FUND INC,% YITZCHOK WEINIGER,BEIT SHEMESH 9909509,ISRAEL,,00000-0000,0000,03,3,1200,201912,1,15,000000000,1,01,202412,0,0,02,0,12,0,0,0,B82,
832957488,VIRGIN BRIDE OF CHRIST MINISTRIES INC,,DAWSONVILLE GEORGIA 30534,GEORGIA,,00000-0000,0000,03,3,7000,201902,1,16,000000000,1,01,202512,0,0,02,0,12,0,0,0,X99,
833202873,COMMUNITY ON THE RISE,% SHARYN SOLOMON,PHILADELPHIA 19149,AFGHANISTAN,,00000-0000,0000,03,3,1000,201906,1,16,000000000,1,01,202512,0,0,02,0,12,0,0,0,S31,
833359153,REVIVAL TO NATIONS MINISTRIES,% REVIVAL TO NATIONS MINISTRIES,RODELSEE BARVARIA 97348,GERMANY,,00000-0000,0000,03,3,1270,202104,1,15,000000000,1,01,202512,0,0,02,0,12,0,0,0,X20,
833459609,WIESBADEN COMMUNITY SPOUSES CLUB INC,,CMR 467 BOX 7000,APO,AE,09096-0000,0000,03,3,1000,201910,1,16,000000000,1,01,202505,4,4,01,0,05,184996,457898,457898,S21,
834000671,AFNORTH INTERNATIONAL ELEMENTARY SCHOOL PTO,% AFNORTH ELEMENTARY PTO TREASURER,UNIT 21606,APO,AE,09752-1606,0000,03,3,2000,202509,1,16,000000000,1,01,,0,0,02,0,05,,,,B94,
834043830,SOCIETY OF AMERICAN MILITARY ENGINEERS,,PSC 37 BOX 4223,APO,AE,09459-0043,1278,03,9,2800,195411,1,16,059908120,5,01,202512,0,0,02,0,12,0,0,0,,SAME UK
834384552,SYG INC,% SHIRKYRIA GRAY,PSC 41 BOX 2566,APO,AE,09464-0026,0000,03,3,1000,201910,1,15,000000000,2,01,202312,0,0,02,0,12,0,0,0,P58,
834413212,ST JOHN WILDLIFE AND DONKEY RESCUE INCORPORATED,,9901 EMMAUS,ST JOHN,VI,00830-9587,0000,03,3,4000,201905,1,16,000000000,1,01,202504,0,0,02,0,04,0,0,0,D12,
834622362,MISSION IMMIGRANTS,% ANDRE MON BELLE,945 AVE PONCE DE LEON,SAN JUAN,PR,00901-0000,0000,03,3,1000,202001,1,15,000000000,1,01,202512,0,0,02,0,12,0,0,0,P84,
841389082,DELECTABLE MOUNTAIN QUILTING GUILD INC,% MARIA BIDGOOD,STEAMBOAT SPRINGS 80477,AFGHANISTAN,,00000-0000,0000,07,3,1000,201409,2,00,000000000,1,01,202512,0,0,02,0,12,0,0,0,N99,
841623314,CALVARY CHAPEL K-TOWN,% RAMSTEIN COMMUNITY CENTER,86 SVS SVYR UNIT 3240 BOX 30,APO,AE,09094-3240,0000,03,3,7000,200401,1,10,000000000,5,01,,0,0,06,0,12,,,,X20,
841730205,UPSHOT,% STUART BERNSEN,PO BOX 165,LUQUILLO,PR,00773-0165,0000,03,3,1237,201906,1,04,000000000,2,01,202412,6,3,00,1,12,2199787,57675,,T20,
841885465,MASTER CRAFTS ALLIANCE INC,% DANIELLA ROMANO,6501 RED HOOK PLZ,ST THOMAS,VI,00802-1373,0000,03,3,1230,202010,1,16,000000000,1,01,202512,0,0,02,0,12,0,0,0,C50,
841967681,MC PERRY & IWAKUNI ELEMENTARY PTO,% MC PERRY ELEMENTARY,OPC 561 BOX 18,FPO,AP,96310-0000,0000,03,3,1238,201906,1,15,000000000,5,01,202606,0,0,02,0,06,0,0,0,B94,
842099473,VIEQUES ECO-SPORTS PARK ORG,% THOMAS ROBERTS,PO BOX 625,VIEQUES,PR,00765-0625,0000,03,3,1200,202003,1,16,000000000,1,01,202506,0,0,02,0,06,0,0,0,N99,
842462908,FIGHT BACK NOW,% KATHRYN WOLF,1501 ASHFORD AVENUE,SAN JUAN,PR,00911-1146,0000,03,3,1270,202011,1,04,000000000,1,01,202512,2,2,00,1,12,20953,20000,,R01,
842956424,FOOD IN EXCHANGE OF CURE,,1507 CALLE LOIZA,SAN JUAN,PR,00911-1999,0000,03,3,1000,201912,1,16,000000000,1,01,202412,0,0,02,0,12,0,0,0,K99,
843015400,OMALLEY FAMILY CHARITABLE FOUNDATION,% STEPHANIE PETIT,TAIPEI CITY TAIPEI TW 111,TAIWAN,,00000-0000,0000,03,3,1000,202002,1,04,000000000,1,01,202512,5,3,00,1,12,513213,54920,,T20,
843083070,CONTONCHI PROVISION INTERNATIONAL INC,% JASON OFORI,MAMPONG AKUAPEM EASTERN REGION 9999,GHANA,,00000-0000,0000,03,3,1000,201911,1,15,000000000,1,01,202412,0,0,02,0,12,0,0,0,G41,
843087671,BARRIO ELECTRICO,% GEORGE GASKINS ALCOTT,PO BOX 1029,ISABELA,PR,00662-1029,0000,03,3,1000,202006,1,15,000000000,1,01,202412,6,6,01,0,12,1793651,1274880,1274880,C35,
843317262,IGLESIA PENTECOSTAL Y MISIONERA INTERNACIONAL INC,% LUIS ROSARIO,PO BOX 64,CAROLINA,PR,00986-0064,0000,03,3,7000,202103,1,10,000000000,1,01,,0,0,06,0,12,,,,X20,
843543670,PUERTO RICO AMERICAN FOOTBALL ALLIANCE INC,,SAN JUAN  00907,PUERTO RICO,,00000-0000,0000,03,3,1200,202508,1,16,000000000,1,01,202412,2,3,02,0,12,11709,83518,83518,P20,
843794050,NEW MEXICO ASSOCIATION OF EMERGENCY MANAGEMENT PROFESSIONALS,% JEREMY CUDDEBACK,ALBUQUERQUE NM 87122,AFGHANISTAN,,00000-0000,0000,03,3,1200,202001,1,16,000000000,1,01,202312,0,0,02,0,12,0,0,0,M03,NM EMERGENCY MANAGEMENT ASSOCIATION
843870145,LADIES OF OKINAWA KICKBALL LEAGUE,% KIANNA ATALIG,PSC 559 BOX 5198,FPO,AP,96377-0052,0000,03,3,1000,202505,1,16,000000000,5,01,202509,0,0,02,0,09,0,0,0,N99,LOOK LEAGUE
843887939,FLORAL AVENUE ELEMENTARY PTO,,BARTOW FL 33830,AFGHANISTAN,,00000-0000,0000,03,3,1000,202001,1,16,000000000,1,01,202506,0,0,02,0,06,0,0,0,B94,
843920047,FISHERS FOR HIM INC,% JAMIE RAMIREZ,FORT WORTH TEXAS 76112,AFGHANISTAN,,00000-0000,0000,03,3,1700,202212,1,16,000000000,1,01,202412,0,0,02,0,12,0,0,0,O55,
844218981,DIAMOND DIVAS,% DANIEL CONNOLLY,PSC 567 BOX 6650,FPO,AP,96384-0067,0000,03,3,2000,202203,1,16,000000000,5,01,202512,0,0,02,0,12,0,0,0,N63,
844429111,ORIGIN OUT-RE-EACH FUND,,PHILADELPHIA PA 19141,PHILIPPINES,,00000-0000,0000,03,3,1200,202005,1,15,000000000,1,01,202512,0,0,02,0,12,0,0,0,J22,
844574620,PSI KYIV INC,,KYIV 03039,UKRAINE,,00000-0000,0000,03,3,2000,202008,1,11,000000000,1,01,202507,8,6,01,0,07,13166865,3493052,3470110,B28,
844580995,GUSTO LIFE SKILLS TRAINING INC,,PO BOX 714,RINCON,PR,00677-0714,0000,03,3,1200,202202,1,16,000000000,1,01,202512,0,0,02,0,12,0,0,0,O50,
850493968,AMERICAN LEGION,% CARL W HALE,PARIS 75012,FRANCE,,00000-0000,0925,19,9,1000,194603,1,00,907908000,5,01,202512,0,0,02,0,12,0,0,0,,PARIS POST 1
850539222,ABC LEGACY FOUNDATION INC,% DONALD WINSOR,VICTORIA,CANADA,,00000-0000,0000,03,3,1000,202510,1,04,000000000,1,01,,0,0,00,1,12,,,,C11,
850620731,DESCENDANTS OF COLONIAL REGULATORS,,AURORA ILLINOIS 60504,AFGHANISTAN,,00000-0000,0000,03,3,1200,202107,1,16,000000000,1,01,202512,0,0,02,0,12,0,0,0,A80,
850632105,VISI 33 INC,,250 CALLE SAN FRANCISCO,SAN JUAN,PR,00901-1786,0000,03,3,1200,202004,1,15,000000000,1,01,202512,0,0,02,0,12,0,0,0,,
850864208,BRUSSELS AMERICAN SCHOOL BOOSTER CLUB,% MEGHAN ISAACSON,UNIT 28100 BOX 13,APO,AE,09714-8100,0000,03,3,1000,202506,1,16,000000000,5,01,202512,0,0,02,0,12,0,0,0,B94,
851010744,UJIMA TRIBE,,LAGRANGE 30241,GEORGIA,,00000-0000,0000,03,3,1000,202104,1,15,000000000,1,01,202512,0,0,02,0,12,0,0,0,T30,
851065436,JES CORP,% MARILU GARCIA,22 CALLE ANGEL RIOS,QUEBRADILLAS,PR,00678-2345,0000,03,3,1000,202303,1,15,000000000,1,01,202505,0,0,02,0,05,0,0,0,L99,
851217100,NORTH IDAHO VETERANS STAND DOWN INC,,COEUR D ALENE IDAHO 83814,AFGHANISTAN,,00000-0000,0000,03,3,1000,202101,1,15,000000000,1,01,202512,0,0,02,0,12,0,0,0,W30,
852398174,INTERNATIONAL SOCIETY FOR PHYSICAL ACTIVITY AND HEALTH,% LISA CADMUS-BERTRAM,VANCOUVER BRITISH COLUMBIA V6B 5Z5,CANADA,,00000-0000,0000,03,3,1000,202110,1,16,000000000,1,01,202312,0,0,02,0,12,0,0,0,E03,
852573367,FREE KOREAN DOGS US,,TORONTO NOT APPLICABLE M5E 2A1,CANADA,,00000-0000,0000,03,3,1000,202010,1,15,000000000,1,01,202312,0,0,02,0,12,0,0,0,D99,
852773301,ROAD DAWG ANIMAL RESCUE TRANSPORT INC,% CHRISTINE SNELLING,LOUGHMAN POLK 33858,AFGHANISTAN,,00000-0000,0000,03,3,1400,202010,1,15,000000000,1,01,202312,0,0,02,0,12,0,0,0,D20,
852814006,DADA BHAGWAN VIGNAN FOUHDATION,% JINESH H JANI,AHMEDABAD,INDIA,,00000-0000,0000,03,3,7000,202103,2,10,000000000,1,01,,0,0,06,0,03,,,,X70,
852919733,HURUMA INC,,HUNTSVILLE AL 35810,ALBANIA,,00000-0000,0000,03,3,1000,202105,1,16,000000000,1,01,202512,0,0,02,0,12,0,0,0,M11,
853282864,WIESBADEN HIGH SCHOOL PARENT TEACHER STUDENT ORGANIZATION,,PSC 467 BOX GD 7000,APO,AE,09096-0000,0000,03,3,2000,202201,1,16,000000000,5,01,202512,0,0,02,0,12,0,0,0,B94,
853794803,UNDERGROUND FAMILY FOUNDATION,,EVEN YEHUDA 4050708,ISRAEL,,00000-0000,0000,03,3,1000,202104,1,04,000000000,1,01,202412,8,6,00,1,12,29808099,3097281,,T20,
854336472,TERI IJEOMA FAMILY FOUNDATION,,RIVIERA PARKVIEW 2,BAYAMON,PR,00956-0000,0000,03,3,1000,202205,1,04,000000000,1,01,202412,6,5,00,1,12,3794423,686962,,T22,
854357123,KNIGHTS OF COLUMBUS,% GLENN A FERGUSON,PSC 819 BOX 2040R,FPO,AE,09645-0021,0188,08,9,1000,194010,1,00,036029265,5,01,202512,0,0,02,0,12,0,0,0,,17363 LA VIRGEN DEL ROCIO COUNCIL
854402313,ROCK OF PROMISE FOUNDATION INC,% PETER G CHEN,ADMIRALTY 00000,HONG KONG,,00000-0000,0000,03,3,1000,202308,1,03,000000000,1,01,202411,4,6,00,1,11,470836,1400000,,T23,
860722483,ARIZONANS FOR SAFETY AND HUMANITY ON PUBLIC LANDS INCORPORATED,% ARIZONANS FOR SAFETY AND HUMANITY,PO BOX 366811,SAN JUAN,PR,00936-6811,0000,04,3,3000,199408,2,00,350000000,1,01,,0,0,00,0,12,,,,,
860803198,YETADEL FOUNDATION,% ADELE E BEHAR PRES,18697,SPAIN,,00000-0000,0000,03,3,1000,199512,2,04,602000000,1,01,202512,3,4,00,1,12,58065,113664,,T20J,
861050499,GRACE FELLOWSHIP BAPTIST CHURCH,% DAVID GAYLORD,BOLIVAR MO 65613,MOROCCO,,00000-0000,1725,03,9,7000,196503,1,10,001029000,5,01,202412,0,0,06,0,12,0,0,0,,
861842769,KING CYRUS HRAM CHAPTER 52,% CHRISTOPHER INGRAM,PSC 305 BOX 887,APO,AP,96218-0009,0000,03,3,1000,202402,1,04,000000000,5,01,,0,0,00,1,12,,,,S12,
862681086,DIVERSITY DECOLONIZATION AND THE GERMAN CURRICULUM COLLECTIVE,% ROSEMARIE PENA,VANCOUVER BC V5T3G7,CANADA,,00000-0000,0000,03,3,2000,202108,1,16,000000000,1,01,202512,0,0,02,0,12,0,0,0,B01,
862804517,AMERICAN LEGION,,NONGBRUE BANGLAMUNG CHONBURI 20150,THAILAND,,00000-0000,0925,19,9,1000,194603,1,00,907908000,5,01,202512,0,0,02,0,12,0,0,0,,SGT THOMAS OLIVER AHLBERG MEMORIAL
862930481,TEFERRA MEKONNEN FOUNDATION,% LEAYNET WOLDELEUL,ALGES LISBON 1495143,PORTUGAL,,00000-0000,0000,03,3,1000,202106,1,16,000000000,1,01,202312,0,0,02,0,12,0,0,0,A20,
863163882,SHREE SWAMINARAYAN MANDIR BHUJ INC,% MITESH PATEL,STANMORE,UNITED KINGDOM,,00000-0000,0000,03,3,7000,202602,1,10,000000000,1,01,,0,0,06,0,12,,,,X70,
863178343,VADODARA CENTER FOR RESCUE AN EMERGENCY-VCARE,,VADODARA GUJARAT 390007,INDIA,,00000-0000,0000,03,3,4000,202107,1,15,000000000,5,01,202512,0,0,02,0,12,0,0,0,D20,
863248637,TEE DIVAS AND TEE DUDES GOLF CLUB FOUNDATION,% BERYL BRYANT,LOS ANGELES CA CA 90047,CANADA,,00000-0000,0000,03,3,1000,202206,1,16,000000000,1,01,202512,0,0,02,0,12,0,0,0,N12,
863289672,RLC PARTYERS INC,% DONNA IANNITELLO,VANCOUVER SELECT V6P 4R4,CANADA,,00000-0000,0000,03,3,1000,202111,1,16,000000000,1,01,202412,0,0,02,0,12,0,0,0,A12,
863357469,JOLAN PRIMARY ACADEMY,% AJA SIMMS,BURGIRI,UGANDA,,00000-0000,0000,03,3,2000,202107,1,11,000000000,1,01,202306,0,0,02,0,06,0,0,0,Q30,
863438854,RESCUE UNITED FOUNDATION,,MADRID MADRID 28003,SPAIN,,00000-0000,0000,03,3,1000,202112,1,15,000000000,1,01,202412,0,0,02,0,12,0,0,0,T50,
863475015,FORMING SUSTAINABLE DEVELOPMENT FOUNDATION INC,% FIONA MACINTYRE,GLASGOW SCOTLAND G77 5NS,UNITED KINGDOM,,00000-0000,0000,03,3,1200,202112,1,15,000000000,1,01,202412,3,4,01,0,12,38157,146122,146122,Q20,
863556342,SOWER PROJECT,,COLONIA YAP 96943,MACEDONIA,,00000-0000,0000,03,3,1270,202108,1,16,000000000,1,01,202512,0,0,02,0,12,0,0,0,B80,
863793117,KNIGHTS OF COLUMBUS,% AARON R MCHANEY,PSC 473 BOX 2795,FPO,AP,96349-0028,0188,08,9,1000,194010,1,00,036029265,1,01,202512,0,0,02,0,12,0,0,0,,12488 YOKOSUKA COUNCIL
870434522,FOLKLORE SOCIETY OF UTAH INC,% LYNNE S MCNEILL,SALEM UTAH 84653,GHANA,,00000-0000,0000,03,3,2000,201409,1,16,120000000,1,01,202410,0,0,02,0,10,0,0,0,A20,
870793309,WEALTH PRODUCERS MINISTRIES,% DR BRIAN D SCOTT,LONDON ON N6P 1E3,CANADA,,00000-0000,0000,03,3,7000,200907,1,15,000000000,1,01,202512,0,0,02,0,12,0,0,0,,
870938336,AFFIRMATIVE CARE ESSENTIALS FOUNDATION,% AMANDA MOGOI,WICHITA KS 67203,AFGHANISTAN,,00000-0000,0000,03,3,1200,202207,1,16,000000000,1,01,202512,0,0,02,0,12,0,0,0,E60,
871367830,INTERNATIONAL SOCIETY FOR CONTEMPLATIVE RESEARCH,% PODIUM CONFERENCE SPECIALISTS LTD,VICTORIA BC V8N 1X6,CANADA,,00000-0000,0000,03,3,1000,202504,4,16,000000000,1,01,202412,3,3,01,0,12,30458,95035,95035,U03,
871488617,ONESEED,% AUBREY ANNA WALSH,ACCRA,GHANA,,00000-0000,0000,03,3,1200,202302,1,15,000000000,1,01,202512,0,0,02,0,12,0,0,0,B60,
871788200,USS JOHN C STENNIS CVN 74,% CPOA TREASURER,USS JOHN C STENNIS CVN 74 BOX 1,FPO,AE,09512-0000,0000,03,3,1000,202402,1,15,000000000,5,01,202412,0,0,02,0,12,0,0,0,W30,CHIEF PETTY OFFICERS ASSOCIATION
872066837,LEE & PARK FOUNDATION INC,,CRESSKILL 07626,AFGHANISTAN,,00000-0000,0000,03,3,1300,202111,1,16,000000000,1,01,202512,0,0,02,0,12,0,0,0,T12,
872087896,FRIENDS OF THE OTTAWA HOSPITAL FOUNDATION,% CO MARY PERSSON,OTTAWA ONTARIO K1Y 1J8,CANADA,,00000-0000,0000,03,3,1800,202205,1,15,000000000,1,01,202503,0,0,02,0,03,0,0,0,H90,
872231381,SAVINGHAWAIIORG,,HONOLULU 96819,AFGHANISTAN,,00000-0000,0000,03,3,1000,202112,1,16,000000000,1,01,202512,0,0,02,0,12,0,0,0,C50,
872465986,CAMBODIA PROJECTS FUND,,NORTH LOGAN US 84341,CAMBODIA,,00000-0000,0000,03,3,1000,202201,1,16,000000000,1,01,202312,0,0,02,0,12,0,0,0,E70,
872472170,TOTAL GREATNESS INTERNATIONAL FOUNDATION,,HARARE,ZIMBABWE,,00000-0000,0000,03,3,1200,202301,1,15,000000000,1,01,202512,0,0,02,0,12,0,0,0,O50,
872508102,MINISTRY ON WHEELS RECORDING STUDIO INC,,MINNESOTA MN 55402,UNITED KINGDOM,,00000-0000,0000,03,3,1700,202112,1,15,000000000,1,01,202412,0,0,02,0,12,0,0,0,X99,
872599864,TEAM MILDENHALL 1ST SGT OPERATION WARM HEART COUNCIL,% MSGT SANTIAGO SANCHEZ,PSC BOX 4914,APO,AE,09459-0000,0000,03,3,1000,202201,1,16,000000000,5,01,202412,0,0,02,0,12,0,0,0,P20,
872691078,FRIENDS OF LA RUTA DEL CLIMA INC,,SAN JOSE SAN JOSE 10105,COSTA RICA,,00000-0000,0000,03,3,1280,202312,1,15,000000000,1,01,202512,0,0,02,0,12,0,0,0,C60,
872709358,RILL FAMILY FOUNDATION INC,,3403 PLANTATION VLG,DORADO,PR,00646-1961,0000,03,3,1240,202303,1,04,000000000,1,01,202512,1,1,00,1,12,5202,1,,T20,
872902037,GIER INTERNATIONAL CORPORATION,% BROTHER GREGORIO LINACERO,6 ST MARCELINO CHAMPAGNAT,GUAYNABO,PR,00969-0000,0000,03,3,7000,202312,1,10,000000000,1,01,,0,0,06,0,12,,,,X02,GIER INTERNATIONAL
872999282,POTCAKE PLACE K9 RESCUE USA INC,,GRACE BAY TKCA 1ZZ,TURKS & CAICOS ISLANDS,,00000-0000,0000,03,3,1400,202201,1,16,000000000,1,01,202512,0,0,02,0,12,0,0,0,D60,
873165134,TIMBUKTU EYE FOUNDATION,,BAMAKO BAMAKO,MALI,,00000-0000,0000,03,3,1000,202206,1,15,000000000,1,01,202312,0,0,02,0,12,0,0,0,G41,
873185352,TIMBERWISE CHARITABLE FOUNDATION,,LANGLEY BRITISH COLUMBIA V2Y 0G9,CANADA,,00000-0000,0000,03,3,2000,202206,1,15,000000000,1,01,202512,0,0,02,0,12,0,0,0,C60,
873518599,ANIMAL FREEDOM INC,,LANCASTER LANCASHIRE LA14XQ,UNITED KINGDOM,,00000-0000,0000,03,3,1240,202312,1,15,000000000,1,01,202412,4,4,01,0,12,305000,327000,327000,D12,
873881664,ANDREW BASKIN MILITARY LODGE 65,,PSC 305 BOX 2281,APO,AP,96218-0023,0000,03,3,1000,202402,1,04,000000000,5,01,,0,0,00,1,12,,,,S12,
873991447,COL LEWIS L MILLETT HILL 180 MEMORIAL POST 8180,% QUARTERMASTER,PO BOX 2065-6,APO,AP,96278-0000,0000,19,3,1000,202406,1,00,000000000,5,01,202506,0,0,02,0,06,0,0,0,W30,VETERANS OF FOREIGN WARS POST 8180
874271257,AMERICAN LEGION,% COURTNEY A JIMENEZ,PSC 467 BOX 7000,APO,AE,09096-0000,0925,19,9,1000,194603,1,00,000000000,1,01,202512,0,0,02,0,12,0,0,0,,0783 WIESBADEN
874399387,PROJECT 55 FOUNDATION INC,% ANDREW MORTON,CALGARY ALBERTA T3E-1Y4,CANADA,,00000-0000,0000,03,3,1000,202206,1,15,000000000,1,01,202312,0,0,02,0,12,0,0,0,E60,
874586385,DOYLY CARTE FOUNDATION,% LEONARD LEVIE,1511 PONCE DE LEON 1031,SAN JUAN,PR,00909-0000,0000,03,3,1200,202207,1,15,000000000,1,01,202512,0,0,02,0,12,0,0,0,B12,
874730809,SASF-NEWMIND INC,% VEETAZE STOREY,ATLANTA GA 30343,GEORGIA,,00000-0000,0000,03,3,1237,202310,1,16,000000000,1,01,202501,0,0,02,0,01,0,0,0,R99,
880194448,ELKO ARCHERY CLUB,% TIM BOTTARI,ELKO NEVADA 89803,AFGHANISTAN,,00000-0000,0000,04,3,1000,200110,2,00,000000000,1,01,202512,0,0,02,0,12,0,0,0,N61,
880660702,AURORA FOUNDATION FOR TAX EDUCATION AND REPORTING INC,% JAMES P GREENE,100 CALLE FRANCISCO SEIN,SAN JUAN,PR,00926-5104,0000,03,3,1200,202302,1,16,000000000,1,01,202512,1,4,01,0,12,6671,150608,150608,B30,
880925955,SKYLARK YOUTH ACADEMY,,CUPERTINO CA 95014,AFGHANISTAN,,00000-0000,0000,03,3,1200,202203,1,16,000000000,1,01,202512,0,0,02,0,12,0,0,0,A6B,
881460089,PATRICK HORSMAN FOUNDATION,% PATRICK HORSMAN,2067 CALLE ESPANA APT 4,SAN JUAN,PR,00911-1545,0000,03,3,1230,202505,1,15,000000000,1,01,202412,0,0,02,0,12,0,0,0,B82,
881534580,TOYBRIDGE CORP,% MARK WEISENBORN,1357 AVE ASHFORD STE 2 PMB 434,SAN JUAN,PR,00907-1403,0000,03,3,1000,202205,1,15,000000000,1,01,202412,0,1,02,0,12,0,93,93,Q71,
881637170,US NAVY DRAGON BOAT TEAM,% SYLVIA MCBEE,PSC 80 BOX 21503,APO,AP,96367-0100,0000,03,3,2000,202204,1,16,000000000,5,01,202601,0,0,02,0,01,0,0,0,N60,
881648453,HYPERACTIVE WELLNESS PROGRAM INC,% OSVALDO RIVERA,URB PALACIOS DEL RIO II,TOA ALTA,PR,00953-0000,0000,03,3,1000,202205,1,15,000000000,1,01,202512,0,0,02,0,12,0,0,0,P20,
882084287,BLACK BROWN AND DIVERSE PLANT-BASED PEOPLE FOR EQUITY INC,% LISA DUMAS,ROCHESTER 14616,ARMENIA,,00000-0000,0000,03,3,1000,202304,1,15,000000000,1,01,202505,0,0,02,0,05,0,0,0,K30,
882305550,CORPORACION PARA EL DESARROLLO DE ESCUELAS ALIANZAS DE PR,,15 CALLE MARSEILLES 6 5,SAN JUAN,PR,00907-0000,0000,03,3,2000,202212,1,11,000000000,1,01,202406,8,5,01,0,12,17154170,826086,826086,B29,DAVID FRONTERA MBR
882362744,BRIDGE OF GRACE FOUNDATION,% JOSEPH MENSAH,PSC 9 BOX 4665,APO,AE,09123-0047,0000,03,3,1200,202206,1,15,000000000,1,01,202512,0,0,02,0,12,0,0,0,P58,
882481451,AFCEA EDUCATIONAL FOUNDATION,% KEITH REPIK,86 MWR RAB BLDG 412 BOX 29,APO,AE,09094-0000,3207,03,9,1200,198410,1,15,000000000,1,01,202512,0,0,02,0,12,0,0,0,,KAISERSLAUTERN CHAPTER
882655878,BRIDGE INSTITUTE US INC,% SUZANNE JANE DARKINS,HAVERHILL SUFFOLK CB9 9JU,UNITED KINGDOM,,00000-0000,0000,03,3,1200,202302,1,15,000000000,1,01,202512,3,4,01,0,12,40431,350566,350566,Q20,
882672682,SU MESA CAFE INC,,PO BOX 801469,COTO LAUREL,PR,00780-1469,0000,03,3,7000,202406,1,10,000000000,1,01,202312,2,4,06,0,12,24804,107697,107697,X20,
882732309,FOMARES INC,,MEXICO CITY MEXICO 1100,MEXICO,,00000-0000,0000,03,3,1000,202209,1,15,000000000,1,01,202512,4,4,01,0,12,167823,306272,306272,U21,
882804034,T E A M KAGELE,,JFTC US NSE,APO,AE,09743-0000,0000,03,3,1000,202303,1,15,000000000,1,01,202512,0,0,02,0,12,0,0,0,Q71,
883027075,GROWING UP WITH JESUS MINISTRIES INTERNATIONAL,,NASSAU NEW PROVIDENCE CB11808,THE BAHAMAS,,00000-0000,0000,03,3,1700,202208,1,15,000000000,1,01,202412,0,0,02,0,12,0,0,0,X20,
883031221,EMT US ACTION FUND,,5093 DRONNINGENS GADE STE 1,ST THOMAS,VI,00802-6828,0000,04,3,3000,202504,2,00,000000000,1,01,202412,7,0,02,0,12,9969672,0,0,B01,
883102735,CWO BENJAMIN K HUMPHREYS VFW MEMORIAL POST 10223,% CHRISTOPHER R WINSTEAD,PSC 400 BOX 4424,APO,AP,96273-0045,0000,19,3,1000,202602,1,00,000000000,5,01,,0,0,02,0,06,,,,W30,
883118051,MARGRIT NEKOUIAN STIFTUNG,% MARLENE MARSH,MUNCHEN PA 80469,GERMANY,,00000-0000,0000,04,3,3000,202212,2,00,000000000,1,01,202512,0,0,02,0,12,0,0,0,T50,
883231891,QUIET CLEAN VIRGINIA FOUNDATION,% THEODORE JOHN CRAIG,UNIT 7110,APO,AE,09824-7110,0000,03,3,1200,202208,1,16,000000000,1,01,202412,0,0,02,0,12,0,0,0,C20,
883252286,EVANAS LOVING ALMS INC,% VANESSA D STROBERT,SAVANNAH GA 31415,GEORGIA,,00000-0000,0000,03,3,1000,202303,1,16,000000000,1,01,202506,0,0,02,0,06,0,0,0,P20,
883430915,DET 24 BOOSTER CLUB,% CARE OF DET 24 BOOSTER CLUB,UNIT 6111,APO,AE,09604-6111,0000,03,3,1000,202210,1,15,000000000,5,01,202401,0,0,02,0,01,0,0,0,W30,
883774597,DOYON FOUNDATION INC,,PSC 559 BOX 5853,FPO,AP,96377-0059,0000,03,3,1000,202208,1,15,000000000,1,01,202512,0,0,02,0,12,0,0,0,P58,
883780802,KAISERSLAUTERN KINGFISH SWIM TEAM,,86TH FORCE SUPPORT SQUADRON UNIT 31,APO,AE,09094-0000,0000,03,3,1200,202511,1,16,000000000,5,01,202504,3,4,01,0,04,35813,102940,95559,N67,
883822412,E PLURIBUS UNUM AFFINITY GROUP LLC,% BENTLEY RAYBURN,OTTAWA ONTA K1P 5H2,CANADA,,00000-0000,0000,03,3,2000,202405,1,15,000000000,1,01,202512,0,0,02,0,12,0,0,0,B40,BENTLEY B RAYBURN SOLE MBR
883852100,JABALI STUDENT FUND,,NAIROBI NAIROBI 00100,KENYA,,00000-0000,0000,03,3,1000,202209,1,15,000000000,1,01,202512,0,0,02,0,12,0,0,0,B90,
884250937,FOCUS PHILANTHROPY INC,% FOCUS PHILANTHROPY INC,BERLIN 12059,GERMANY,,00000-0000,0000,03,3,1000,202212,0,15,000000000,0,01,202512,0,0,02,0,12,0,0,0,T30,
884401224,USS MARINETTE CHIEF PETTY OFFICER ASSOCIATION,% JASON PUGH,32228 0046,UNITED ARAB EMIRATES,,00000-0000,0000,03,3,1000,202606,1,16,000000000,1,01,,0,0,02,0,12,,,,,
900034674,AMERICAN FEDERATION OF GOVERNMENT EMPLOYEES,% JOSE N VEGA FLORES,PO BOX 2008,CATANO,PR,00963-2008,0194,05,9,3000,194010,0,00,000000000,5,01,202512,0,0,02,0,12,0,0,0,,4052 LOCAL AFGE BOP
900095038,PEOPLE FIRST OF WASHINGTON,% DONNA LOWARY,OLYMPIA WA 98508,AFGHANISTAN,,00000-0000,4099,03,9,1000,198801,0,16,000000000,1,01,202509,0,0,02,0,09,0,0,0,,BAIN BRIDGE ISLAND
900115567,TOASTMASTERS INTERNATIONAL,% UNIVERSAL TOASTMASTERS CLUB 7653,VICENTE LOPEZ B1638,ARGENTINA,,00000-0000,0820,03,9,2000,194505,1,16,059319000,1,01,202512,0,0,02,0,12,0,0,0,,7653 UNIVERSAL TOASTMASTERS CLUB
900117262,TOASTMASTERS INTERNATIONAL,% ARTICULATE CLUB,GAMPAHA WESTERN 11000,SRI LANKA,,00000-0000,0820,03,9,2000,194505,1,16,059319000,1,01,202512,0,0,02,0,12,0,0,0,,6145 ARTICULATE CLUB
900117329,TOASTMASTERS INTERNATIONAL,% MANHASSET PORT WASHINGTON TOASTMA,NORTH YORK ONTARIO M2J 0,CANADA,,00000-0000,0820,03,9,2000,194505,1,16,000000000,1,01,202512,0,0,02,0,12,0,0,0,,7692 MANHASSET PORT WASHINGTON TSTM
900264194,RUTH PFAU STIFTUNG,,61130 NIDDERAU,GERMANY,,00000-0000,0000,03,0,7000,000000,0,10,000000000,0,01,200612,0,0,06,0,12,,,,,FOR FILING 990T
900339636,PHYSICIANS FOR A NATIONAL HEALTH PROGRAM,% SARAH HUERTAS,20 CALLE WASHINGTON,SAN JUAN,PR,00907-1531,9524,03,9,1000,199007,1,15,165000000,1,01,202512,0,0,02,0,12,0,0,0,,PUERTO RICO CHAPTER
900344505,TOASTMASTERS INTERNATIONAL,% HARVARD TOASTMASTERS CLUB,PRAKHANONG NUA WATTHANA BANGKOK 102,THAILAND,,00000-0000,0820,03,9,2000,194505,1,16,059319000,5,01,202312,0,0,02,0,12,0,0,0,,1098642 HARVARD TOASTMASTERS CLUB
900344648,PUERTO RICO STATE ASSEMBLY OF THE CHURCH OF GOD,,67 CALLE PALOMA DEL LAGO,CIDRA,PR,00739-9361,1489,03,9,7000,196007,1,10,001268000,1,01,,0,0,06,0,12,,,,,
900386205,MARIA DEL ROCIO II INC,,SAN JAUN 00927,PUERTO RICO,,00000-0000,0000,03,3,1000,202511,1,15,000000000,1,01,202412,7,3,01,0,12,6612458,97721,97721,L12,
900392108,AIR FORCE SERGEANTS ASSOCIATION,% JENNELL D CHALK,PSC 2 BOX 1684,APO,AE,09123-0000,1758,19,9,1000,197205,2,00,480908000,5,01,,0,0,02,0,12,,,,,07 DIVISION
900402055,TOASTMASTERS INTERNATIONAL,% GO MASTERS,SURREY BRITISH COLUMBIA V4N 0,CANADA,,00000-0000,0820,03,9,2000,194505,1,16,059319000,5,01,202512,0,0,02,0,12,0,0,0,,1207003 GO MASTERS
900448838,TOASTMASTERS INTERNATIONAL,% COLLEEN MORSE GOLDEN RULE,THUNDER BAY ONTARIO P7B 5,CANADA,,00000-0000,0820,03,9,2000,194505,1,16,059319000,1,01,202509,0,0,02,0,09,0,0,0,,1274552 COLLEEN MORSE GOLDEN RULE
900448858,TOASTMASTERS INTERNATIONAL,% PUERTO RICO TOASTMASTERS CLUB,PO BOX 8054,BAYAMON,PR,00960-8054,0820,03,9,2000,194505,1,16,059319000,1,01,202512,0,0,02,0,12,0,0,0,,1279661 PUERTO RICO TOASTMASTERS
900460892,TOASTMASTERS INTERNATIONAL,% LEXINGTON TOASTMASTERS,BANGALORE NANJAPPA LAYOUT 560097,INDIA,,00000-0000,0820,03,9,2000,194505,1,16,059319000,5,01,202312,0,0,02,0,12,0,0,0,,1254058 LEXINGTON TOASTMASTERS
900474714,KISHORIT,,KFAR KISHUR 25149,ISRAEL,,00000-0000,0000,03,3,1000,200304,0,15,000000000,1,01,202412,8,8,01,0,12,29563902,14236418,14236418,,
900490168,TOASTMASTERS INTERNATIONAL,% BROADCOM TOASTMASTERS,HARARE,ZIMBABWE,,00000-0000,0820,03,9,2000,194505,1,16,059319000,1,01,202512,0,0,02,0,12,0,0,0,,1326960 BROADCOM TOASTMASTERS
900625046,TOASTMASTERS INTERNATIONAL,% HONEYWELL PUERTO RICO TOASTMASTER,PO BOX 3348,AGUADILLA,PR,00605-3348,0820,03,9,2000,194505,1,16,059319000,1,01,202412,0,0,02,0,12,0,0,0,,1545622 HONEYWELL PUERTO RICO TOAST
900634371,KOKESHI ROLLER DOLLS,% MELINDA FLEMING,PSC 567 BOX 6768,FPO,AP,96384-0068,0000,03,3,1000,201501,1,16,000000000,5,01,202412,0,0,02,0,12,0,0,0,N70,
900642703,IGLESIA DE DIOS MINISTERIAL DE JESUCRISTO INTERNATIONAL INC,% VLADAMIR ARREDONDO,502 AVE MUNOZ RIVERA,SAN JUAN,PR,00918-3353,4288,03,9,7000,200404,1,10,000000000,1,01,,0,0,06,0,12,,,,,
900698745,PARTNERSHIP FOR AFRICAN SOCIAL AND GOVERNANCE RESEARCH INC,% I&M BANK HOUSE,NAIROBI 00000,KENYA,,00000-0000,0000,03,3,1200,201508,1,15,000000000,1,01,202412,6,6,01,0,12,3099693,3675675,3675675,Q99,PASGR INC
900709689,DISABLED AMERICAN VETERANS AUXILIARY INC,% WANDA ECHEVARRIA,PO BOX 363604,SAN JUAN,PR,00936-3604,2473,04,9,1000,197310,1,00,908921000,5,01,202606,0,0,02,0,06,0,0,0,,DEPARTMENT OF PUERTO RICO
900738797,TOASTMASTERS INTERNATIONAL,% EXECUTIVE LEADERS,CONDOMINIO PASEO GRAN VISTA APT 107,GURABO,PR,00778-0000,0820,03,9,2000,194505,1,16,059319000,1,01,202512,0,0,02,0,12,0,0,0,,1865434 EXECUTIVE LEADERS
900744114,TOASTMASTERS INTERNATIONAL,% INVESCO NEW YORK CITY TOASTMASTER,MARSHFIELD PE C1C 0,CANADA,,00000-0000,0820,03,9,2000,194505,1,16,059319000,1,01,202512,0,0,02,0,12,0,0,0,,188472 INVESCO NEW YORK CITY TOASTM
900771779,WILLIAM AND LISA MCGAHAN FAMILY FOUNDATION INC,% WILLIAM MCGAHAN,200 DORADO BEACH DRIVE 3622WB,DORADO,PR,00646-0000,0000,03,3,1000,201201,1,04,000000000,1,01,202512,6,7,00,1,12,2458196,5929945,,T21,
900780201,TOASTMASTERS INTERNATIONAL,% SIEMENS HEATLHINEERS TOASTMASTERS,RED DEER AB T4P 0,CANADA,,00000-0000,0820,03,9,2000,194505,1,16,059319000,1,01,202512,0,0,02,0,12,0,0,0,,2129155 SIEMENS HEALTHINEERS GLASGL
900780663,TOASTMASTERS INTERNATIONAL,% MOMENTUM TOASTMASTERS,23 CALLE 2,SAN JUAN,PR,00926-9638,0820,03,9,2000,194505,1,16,059319000,5,01,202512,0,0,02,0,12,0,0,0,,2185054 MOMENTUM TOASTMASTERS
900818694,TOASTMASTERS INTERNATIONAL,% SAN FRANCISCO MANDARIN ENGLISH,TAIZHOU ZJ 31760,CHINA,,00000-0000,0820,03,9,2000,194505,1,16,000000000,1,01,202512,0,0,02,0,12,0,0,0,,2258108 SAN FRANCISCO MANDARIN ENG
900835586,AMERICAN SAMOA LEGAL AID INC,% FAINU ULELEI ALA ILIMA UTU,PO BOX 5984,PAGO PAGO,AS,96799-5984,0000,03,3,1000,201403,1,15,000000000,2,01,202512,4,5,01,0,12,248569,684348,684348,I80,
900906059,AIR FORCE SERGEANTS ASSOCIATION,% ANTHONY W WILLIAMS,PSC 57 BOX 34,APO,AE,09610-0001,1758,19,9,1000,197205,2,00,480908000,5,01,,0,0,01,0,12,,,,,1650 CHAPTER
900992260,TOASTMASTERS INTERNATIONAL,% PUERTO RICO POWER SPEAKERS,206 CALLE MONSENOR BERRIOS URBANIZA,VEGA ALTA,PR,00692-0000,0820,03,9,2000,194505,1,16,059319000,1,01,202412,0,0,02,0,12,0,0,0,,3163293 PUERTO RICO POWER SPEAKERS
901006749,TOASTMASTERS INTERNATIONAL,% ELITE ADVANCED SPEAKERS,100 AVE LA SIERRA APT C37,SAN JUAN,PR,00926-4316,0820,03,9,2000,194505,1,16,059319000,5,01,202512,0,0,02,0,12,0,0,0,,02223990 ELITE ADVANCED SPEAKERS
901019732,PRATT GLOBAL FOUNDATION INC,% POLA NOMINEES PTY LTD,SOUTHBANK VICTORIA 3006,AUSTRALIA,,00000-0000,0000,03,3,1000,201407,1,04,000000000,1,01,202506,1,1,00,1,06,208,1,,Q33,
901069396,YESHE KHORLO FOUNDATION,% ARAGON TRUST COMPANY,GEORGETOWN KY1-9005,CYPRUS,,00000-0000,0000,92,0,1000,000000,0,00,000000000,0,12,202512,6,4,00,1,12,2858796,143473,,,
901072413,TOASTMASTERS INTERNATIONAL,% MIRAMAR BILINGUAL SPEAKERS TMS,ANNECY 74600,FRANCE,,00000-0000,0820,03,9,2000,194505,1,16,059319000,1,01,202512,0,0,02,0,12,0,0,0,,3034515 MIRAMAR BILINGUAL SPEAKERS
901072526,TOASTMASTERS INTERNATIONAL,% DTM MASTERS,BELFAST BT5 5,IRELAND,,00000-0000,0820,03,9,2000,194505,1,16,059319000,1,01,202512,0,0,02,0,12,0,0,0,,4054648 DTM MASTERS
901076682,TOASTMASTERS INTERNATIONAL,% TOASTMASTERS OF WYNDHAM,SAINT JOHN NB E2K 2,CANADA,,00000-0000,0820,03,9,2000,194505,1,16,059319000,1,01,202512,0,0,02,0,12,0,0,0,,4413795 TOASTMASTERS OF WYNDHAM
901119601,TOASTMASTERS INTERNATIONAL,% ASPENTECH TOASTMASTERS,MEXICO CITY DEL BENITO JUAREZ 03340,MEXICO,,00000-0000,0820,03,9,2000,194505,1,16,059319000,1,01,202312,0,0,02,0,12,0,0,0,,5053195 ASPEN TECH TOASTMASTERS
901122594,TOASTMASTERS INTERNATIONAL,% VALLEY STARS TOASTMASTERS,PLOVDIV 4000,BULGARIA,,00000-0000,0820,03,9,2000,194505,1,16,059319000,1,01,202512,0,0,02,0,12,0,0,0,,5118771 VALLEY STARS TOASTMASTERS
901188612,TOASTMASTERS INTERNATIONAL,% SUNDAY SPEAKERS TOASTMASTERS CLUB,MEXICO 15620,MEXICO,,00000-0000,0820,03,9,2000,194505,1,16,059319000,1,01,202512,0,0,02,0,12,0,0,0,,6771693 SUNDAY SPEAKERS TOASTMASTER
901244088,TOASTMASTERS INTERNATIONAL,% ULTEIG MULTIREGIONAL TOASTMASTERS,BURLINGTON ONTARIO L7N3N,CANADA,,00000-0000,0820,03,9,2000,194505,1,16,059319000,1,01,202512,0,0,02,0,12,0,0,0,,6817738 ULTEIG MULTIREGIONAL TMS CL
901249607,TOASTMASTERS INTERNATIONAL,% ESL MASTERS,VADHANA 10110,THAILAND,,00000-0000,0820,03,9,2000,194505,1,16,059319000,1,01,202512,0,0,02,0,12,0,0,0,,6787359 ESL MASTERS
901254158,TOASTMASTERS INTERNATIONAL,% PRAXIS TOASTMASTERS CLUB,MARRAKECH 40000,MOROCCO,,00000-0000,0820,03,9,2000,194505,1,16,059319000,1,01,202512,0,0,02,0,12,0,0,0,,6718103 PRAXIS TOASTMASTERS CLUB
901479024,TOASTMASTERS INTERNATIONAL,% SES ORBITERS TOASTMASTERS,NEWEL 54309,GERMANY,,00000-0000,0820,03,9,1000,194505,1,16,059319000,5,01,202512,0,0,02,0,12,0,0,0,,7409036 SES ORBITERS TOASTMASTERS
901494675,TOASTMASTER INTERNATIONAL,% SUNRISE TOASTMASTER,NASSAU,THE BAHAMAS,,00000-0000,0820,03,9,2000,194505,1,16,059319000,1,01,202512,0,0,02,0,12,0,0,0,,7376003 SUNRISE TOASTMASTER
901505794,FANEUIL GARDENS TENANTS ORGANIZATION,,BRIGHTON 02135,UNITED KINGDOM,,00000-0000,0000,03,3,2600,202002,1,16,000000000,5,01,202412,3,2,02,0,12,26456,16402,0,T31,
911179750,PEACE BRIGADES INTERNATIONAL,,BRUSSELS BRUSSELS 1060,BELGIUM,,00000-0000,0000,03,3,1000,198308,2,15,430000000,1,01,202412,6,6,01,0,12,1950253,2423217,2423217,Q400,
911434376,MUSIC LIBRARY ASSOCIATION,% SARA WALLACE,VICTORIA BRITISH COLUMBIA V8P 2P9,CANADA,,00000-0000,3338,03,9,1000,199301,1,16,123000000,5,01,202506,0,0,02,0,06,0,0,0,,PACIFIC NORTHWEST CHAPTER
911550449,ACADEMY OF R V TUCKER STUDY CLUBS,% DR L G VANZELLA,SQUAMISH BRITISH COLUMBIA V8B 0A3,CANADA,,00000-0000,0000,03,3,1000,199609,4,16,995161000,1,01,202507,4,3,01,0,07,213605,50349,50349,H90,
911552569,EVERLASTING ASSEMBLY,% BASILIO L CHUA,MANILA PHILIPPINES 1008,PHILIPPINES,,00000-0000,0000,03,3,7000,199303,2,10,002000000,1,01,202312,0,0,02,0,12,0,0,0,,
911561323,ROTARY INTERNATIONAL,% DR WARREN CUNNINGHAM,PENTICTON BRITISH COLUMBIA V2A4M3,CANADA,,00000-0000,0573,04,9,1000,194209,2,00,319000000,5,01,202506,4,4,01,0,06,401965,236308,236308,,5060 DISTRICT ROTARY CLUB
911772961,AIR FORCE SERGEANTS ASSOCIATION,% CESAR E MEDINA,PSC 76 BOX 7786,APO,AP,96319-0078,1758,19,9,1000,197205,2,00,480908000,5,01,,0,0,01,0,12,,,,,1552 CHAPTER
911772967,AIR FORCE SERGEANTS ASSOCIATION,% MICHAEL B WAFFLE,CMR 490 BOX 2207,APO,AE,09708-0023,1758,19,9,1000,197205,2,00,480908000,5,01,,0,0,01,0,12,,,,,1655 CHAPTER
911773011,AIR FORCE SERGEANTS ASSOCIATION,% ANTHONY L THOMAS,PSC 94 BOX 716,APO,AE,09824-0008,1758,19,9,1000,197205,2,00,480908000,5,01,,0,0,01,0,12,,,,,1660 CHAPTER
911773023,AIR FORCE SERGEANTS ASSOCIATION,% RICARDO A WILSON,PSC 37 BOX 2231,APO,AE,09459-0023,1758,19,9,1000,197205,2,00,480908000,5,01,,0,0,01,0,12,,,,,1670 CHAPTER
911773404,AIR FORCE SERGEANTS ASSOCIATION,% MONISE S BUTLER,PSC 7 BOX 129,APO,AE,09104-0002,1758,19,9,1000,197205,2,00,480908000,5,01,,0,0,02,0,12,,,,,1678
911786684,FRIEDLAND FOUNDATION INC,% YALE,V6C3E1,CANADA,,00000-0000,0000,03,3,1000,199708,1,04,602000000,1,01,202509,4,1,00,1,09,231397,9170,,T22Z,
911789918,ASSOCIATION OF CAMPS FARTHEST OUT INC,% PETER TROTTER,"PT ALBERNI,BC,V9Y 2R1",CANADA,,00000-0000,1452,03,9,7000,195904,1,16,230000000,5,01,,0,0,01,0,12,,,,,CANADA BRITISH COLUMBIA VAN ISLE CF
911820950,PROFESSIONAL HOCKEY PLAYERS ASSOC HEALTH & WELFARE BENEFIT TRT,% 3964 PORTAGE RD,NIAGARA FALLS ONTARIO L2J 2K9,CANADA,,00000-0000,0000,09,3,2000,199807,2,00,265000000,2,01,202509,8,7,01,0,09,10826318,5801217,5801217,,AMERICAN HOCKEY LEAGUE
911864630,UNITED STATES POWER SQUADRONS,% BENIGNO MERCEDES,PO BOX 1001,BOQUERON,PR,00622-1001,1041,03,9,2000,194903,1,16,059279000,5,01,202511,0,0,02,0,11,0,0,0,,33 BOQUERON POWER SQUADRON
911866557,DISABLED AMERICAN VETERANS,% ANGEL F LOPEZ COMAS,505 CALLE AMATISTA,CABO ROJO,PR,00623-3635,0557,04,9,3000,194206,1,00,908279265,5,01,202506,0,0,02,0,06,0,0,0,W30,3 SFC LUIS MORALES
911873279,SIGMA PHI ALPHA DENTAL HYGIENE HONOR SOCIETY,% JASMINE BONEFANT,WINNIPEG MB R3E0W2,CANADA,,00000-0000,1844,03,9,1200,196703,1,16,059602040,5,01,202512,0,0,02,0,12,0,0,0,,DELTA ETA CHAPTER UNIV OF MANITOBA
911873740,INTERNATIONAL UNION UNITED AUTO AEROSPACE & AGRICULTURAL WORKERS,% MIGUEL RIVERA,3100 CARR 190 STE 201,CAROLINA,PR,00983-1983,0427,05,9,3000,194106,2,00,263000000,5,01,202512,4,3,01,0,12,147434,50911,50911,,2337 UAW
911874634,MISION CHRISTIANA EDEN,,PO BOX 386,SABANA HOYOS,PR,00688-0386,2046,03,9,7000,196911,1,10,001000000,5,01,,0,0,06,0,12,,,,,
911906266,IGLESIA CARISMATICA EL NUEVO NACIMIENTO INC,% ROBERTO FIGUEROA,BO DOMINGUITO,ARECIBO,PR,00612-0000,8141,03,9,7000,199701,1,10,001000000,1,01,,0,0,06,0,12,,,,,
911918160,ASSOCIATION OF WOMEN IN THE METAL INDUSTRIES INC,% KATHERINE VAILLANCOURT,HAMILTON ONTARIO L8H7S7,CANADA,,00000-0000,8147,06,9,1000,199711,2,00,205000000,1,01,202512,3,4,01,0,12,56588,103103,103103,,TORONTO CHAPTER
911925300,CHILDREN OF ISRAEL FOUNDATION,% KIMBALL TAYLOR,RAYMOND ALBERTA T0K 2S0,CANADA,,00000-0000,0000,03,3,1000,199901,0,15,000000000,1,01,202512,0,0,02,0,12,0,0,0,,
911928395,ALPHA DELTA KAPPA SORORITY INC,% MARIBEL ROLDAN HIRALDO,HC 9 BOX 13380,AGUADILLA,PR,00603-9328,1900,07,9,1000,197010,2,00,036319000,5,01,202505,0,0,02,0,05,0,0,0,B83,PUERTO RICO STATE CHAPTER
911928408,ALPHA DELTA KAPPA SORORITY INC,% YARMILA CANCIO,PO BOX 4963,AGUADILLA,PR,00605-4963,1900,07,9,1000,197010,2,00,036319000,5,01,202605,0,0,02,0,05,0,0,0,,PUERTO RICO RHO CHAPTER
911934792,GRACE FAMILY MINISTRIES,% REV RAYMOND S KINSELLA,MP 96950,SAIPAN,,00000-0000,8257,03,9,7000,199809,1,10,001000000,1,01,,0,0,06,0,12,,,,,
911960575,PRAIRIE HIGH SCHOOL AIR FORCE JUNIOR ROTC BOOSTER CLUB,% ANDREA SILBERNAGEL,BRUSH PRAIRIE 98606,AFGHANISTAN,,00000-0000,0000,03,3,1000,200512,1,15,000000000,1,01,202406,0,0,02,0,06,0,0,0,B11,
912046474,GRACE CHRISTIAN ACADEMY-ROTA,,PO BOX 1194,ROTA,MP,96951-1194,8257,03,9,7200,199809,1,10,001000000,1,01,,0,0,06,0,06,,,,,
912061670,JOHN VOLKEN FOUNDATION,% LEN JAHN,SURREY BC V3W 5A1,CANADA,,00000-0000,0000,03,3,1000,200101,4,17,000000000,1,01,202412,8,6,01,0,12,39295263,2214133,1106137,T22,
912101748,COMMUNICATION WORKERS OF AMERICA,% ARAMIS CRUZ DOMINGUEZ,PO BOX 366297,SAN JUAN,PR,00936-6297,1102,05,9,1000,195011,2,00,000000000,5,01,202409,3,4,01,0,09,65596,377415,377415,,3010 LOCAL
912133262,TEATRO DE LA OPERA INC,,207 CALLE DEL PARQUE STE 3,SAN JUAN,PR,00912-3237,0000,03,3,1000,198209,0,16,000000000,1,01,202506,4,3,02,0,06,118618,39533,39533,,
912162099,THE SON OF COMPASSION FOUNDATION,% MING KWEI,SINGAPORE 589790,SINGAPORE,,00000-0000,0000,03,3,1000,201807,1,04,000000000,1,01,202412,6,3,00,1,12,1378719,51274,,T20,
912169414,BIBLE LIFE FAMILY MINISTRIES,,CRO 2 JW,LONDON,,00000-0000,1620,03,9,1000,196402,0,10,001029000,5,01,,0,0,06,0,12,,,,,
912169458,IN HIS SERVICE MINISTRIES,,EDMONTON AB,CANADA,,00000-0000,1620,03,9,7000,196402,0,10,001029000,5,01,,0,0,06,0,12,,,,,
912169460,INDIAN EVANGELICAL TEAM,,NEW DELHI,INDIA,,00000-0000,1620,03,9,7000,196402,0,10,001029000,5,01,,0,0,06,0,12,,,,,
920679611,ALLIANCE FRANCAISE OF THE TREASURE VALLEY INC,% HORTENSE SAGET-EVERETT,BOISE 83706,FRANCE,,00000-0000,0000,03,3,2000,202211,1,16,000000000,1,01,202512,0,0,02,0,12,0,0,0,A23,
920818975,FRENCH PRESS,% THOMAS LUTZ,SAINT CHAMASSY 24260,FRANCE,,00000-0000,0000,03,3,3000,202304,1,04,000000000,1,01,202504,1,3,00,1,04,5447,80000,,A20,
921233210,CHILD PROTECTION INITIATIVE,,5312 CARDEN BEACH,CHRISTIANSTED,VI,00820-0000,0000,03,3,1245,202212,1,15,000000000,1,01,202412,0,0,02,0,12,0,0,0,P20,
921424213,VFA-147 OFFICERS MESS,,UNIT 209198 BOX 1,FPO,AP,96601-9800,0000,19,3,1000,202305,2,00,000000000,5,01,202512,0,0,02,0,12,0,0,0,W30,
921450660,ARMY BIRTHDAY BALL ASSOCIATION - KOREA,% AMANDA STANFIELD,UNIT 15228,APO,AP,96271-5228,0000,19,3,1000,202304,1,00,000000000,5,01,202312,3,4,01,0,12,26802,136697,136697,W30,
921520902,BAGARIA RADHA MOHAN CHARITABLE ORG,,IRVING TX 75039,TURKMENISTAN,,00000-0000,0000,03,3,1250,202501,1,15,000000000,1,01,202412,0,0,02,0,12,0,0,0,B01,
921660429,THATS A WRAP MINISTRIES,,KOOTWIJKERBROEK GELDERLAND 3774 AZ,NETHERLANDS,,00000-0000,0000,03,3,1700,202307,1,15,000000000,1,01,202512,0,0,02,0,12,0,0,0,X20,
921679853,WOVEN COALITION,,FRESNO CA 93704,AFGHANISTAN,,00000-0000,0000,03,3,1200,202302,1,15,000000000,1,01,202512,0,0,02,0,12,0,0,0,S21,
921729563,PATTY WALSH LORETOS CHRISTMAS KITCHEN,% PATTYS CHRISTMAS KITCHEN,CINCINNATI OH 45248-2828,AFGHANISTAN,,00000-0000,0000,03,3,1000,202302,1,15,000000000,1,01,202512,0,0,02,0,12,0,0,0,K36,
922042669,COMMUNITY UPLIFT INC,% ANDY MORGAN,DACULA GEORGIA 30019,AFGHANISTAN,,00000-0000,0000,03,3,1200,202302,1,15,000000000,1,01,202506,0,0,02,0,06,0,0,0,F01,
922200451,NORTH AMERICA VETERINARY DERMATOLOGY FORUM,% ROSE MILLER,VANCOUVER BC V6Z 0E2,CANADA,,00000-0000,0000,03,3,2000,202304,1,16,000000000,1,01,202512,0,0,02,0,12,0,0,0,D03,
922209155,STUTTGART EAGLES,% STUTTGART EAGLES,PSC 480 BOX GD,APO,AE,09128-0000,0000,03,3,1000,202303,1,16,000000000,5,01,202512,0,0,02,0,12,0,0,0,N62,
922475524,31ST COMMUNICATIONS SQ BOOSTER CLUB,,UNIT 6115,APO,AE,09604-6115,0000,03,3,1000,202306,1,16,000000000,5,01,202501,0,0,02,0,01,0,0,0,W30,
922802237,TUV LEVAV,% ORLIE ZAK,JERUSALEM 9242201,ISRAEL,,00000-0000,0000,03,3,1700,202307,1,15,000000000,1,01,202512,0,0,02,0,12,0,0,0,X30,
923558603,SEEDS OF SUCCESS,,MN MN MN,MONACO,,00000-0000,0000,03,3,1000,202403,1,15,000000000,1,01,202412,0,0,02,0,12,0,0,0,F99,
923884138,BELIZE CANCER SOCIETY INC,% KRAVITZ & GUERRA LAW FIRM,BELIZE CITY BELIZE,BELIZE,,00000-0000,0000,03,3,1000,202306,1,16,000000000,1,01,202512,0,0,02,0,12,0,0,0,G30,
923975869,CYCLING WITHOUT AGE MASSACHUSETTS,,COPENHAGEN NV COPENHAGEN 2400,DENMARK,,00000-0000,0000,03,3,1000,202309,1,15,000000000,5,01,202512,0,0,02,0,12,0,0,0,S20,
930806667,ROGUE VALLEY COMMUNITY CHURCH,,ROGUE RIVER,ASHMORE & CARTIER IS,,00000-0000,0000,03,3,7000,198205,1,10,001000000,1,01,,0,0,06,0,12,,,,,
930853086,STARBURST FOUNDATION,% PAUL LAVIOLETTE,LONDON LONDON N3 2QB,UNITED KINGDOM,,00000-0000,0000,03,3,1000,201108,1,15,181000000,1,01,202512,0,0,02,0,12,0,0,0,U30,
931332969,THE JULIAN A JACKSON FOUNDATION INC,% HILLSIDE SECRETARIAL SERVICES,8050 CARET BAY EAST,ST THOMAS,VI,00802-0000,0000,03,3,1200,202402,1,15,000000000,1,01,202512,0,0,02,0,12,0,0,0,N99,ALICIA JACKSON
931452364,SHARK RESEARCH FOUNDATION INC,% NEIL HAMMERSCHLAG,BOUTILERS POINT NOVIA SCOTIA B3Z0M9,CANADA,,00000-0000,0000,03,3,2000,202404,1,15,000000000,1,01,202506,3,5,01,0,06,52904,551882,551882,U21,
931491667,STUTTGART BALL COMMITTEE AIR FORCE,% JEREMY CHRISTIANS,PSC 480 BOX 1798,APO,AE,09128-0018,0000,19,3,1000,202510,1,00,000000000,5,01,202512,0,0,02,0,12,0,0,0,W30,
931578133,ELEGANT ECLECTUS,% ASHII VROHIDIS,6501 RED HOOK PLZ PMB 201 1050,ST THOMAS,VI,00802-1373,0000,03,3,1248,202310,1,04,000000000,5,01,202512,1,1,00,1,12,2934,2658,,D20,
932422062,EMANUEL CHRISTIAN CHURCH,% LUIS MALDONADO,HC 1 BOX 3967,JAYUYA,PR,00664-8643,0000,03,3,7000,202403,1,10,000000000,1,01,,0,0,06,0,12,,,,X20,
932610929,GRIM REAPER BOOSTER CLUB,,PSC 41 BOX 6165,APO,AE,09464-0062,0000,19,3,1000,202511,1,00,000000000,5,01,,0,0,02,0,12,,,,W30,
932647538,USS GEORGE WASHINGTON FAMILY READINESS GROUP,,PSC 473 BOX 2663,FPO,AP,96349-0027,0000,04,3,3000,202507,2,00,000000000,5,01,202512,0,0,02,0,12,0,0,0,P11,
932736531,TOASTMASTERS INTERNATIONAL,% REGULATORY AFFAIRS TOASTMASTERS,EDINBURGH EH3 5,UNITED KINGDOM,,00000-0000,0820,03,9,2000,194505,1,16,059319000,1,01,202512,0,0,02,0,12,0,0,0,,28676256 REGULATORY AFFAIRS TOASTM
932756103,RWENZORI HEALTH PROJECT,,KASESE,UGANDA,,00000-0000,0000,03,3,1000,202310,1,16,000000000,1,01,202512,0,0,02,0,12,0,0,0,E12,
932931954,ASPEN NETWORK INC,,COCHRANE ALBERTA T4C1B2,CANADA,,00000-0000,0000,03,3,1700,202405,1,15,000000000,1,01,202312,0,0,02,0,12,0,0,0,X20,
933063747,FATIMA HANIF FOUNDATION,,KARACHI,PAKISTAN,,00000-0000,0000,03,3,1200,202505,1,15,000000000,1,01,,0,0,02,0,06,,,,P20,
933520416,EUROPEAN PARENT TEACHER STUDENT ASSOCIATION,% EUROPEAN PTSA,UNIT 3221 BOX 34,APO,AE,09094-3221,0000,03,3,1230,202410,1,16,000000000,5,01,202506,1,2,02,0,06,8638,15439,15439,B94,
933526830,LIVE X-PERIENCE,,NASHVILLE 37203,AFGHANISTAN,,00000-0000,0000,03,3,1200,202402,1,15,000000000,1,01,202412,0,0,02,0,12,0,0,0,I21,
933644283,MILDENHALL SPOUSES ASSOCIATION,% LISA GANOCY,UNIT 4702,APO,AE,09459-0000,0000,03,3,1000,202401,1,16,000000000,5,01,202512,3,3,02,0,12,47652,47473,47473,W30,
933908586,STEPHEN OLNEY PTO,% MICHELLE REFINO,NORTH PROVIDENCE RI 02904,AFGHANISTAN,,00000-0000,0000,03,3,1200,202310,1,15,000000000,1,01,202512,0,0,02,0,12,0,0,0,B94,
934058742,HUMPHREYS YOUTH ORCHESTRA,,PSC 400 BOX 6774,APO,AP,96273-0068,0000,03,3,1200,202504,1,16,000000000,5,01,202512,0,0,02,0,12,0,0,0,A69,
934623667,AMERICAN FRIENDS OF SHOMRON,% YIGAL SEGAL,JERUSALEM ISRAEL 9432527,ISRAEL,,00000-0000,0000,03,3,1000,202406,1,15,000000000,1,01,202512,0,0,02,0,12,0,0,0,W12,
934738221,LIVE IN VICTORY OUTREACH FOUNDATION,,MCDOUNGH 30252,GEORGIA,,00000-0000,0000,03,3,1700,202401,1,16,000000000,1,01,202412,0,0,02,0,12,0,0,0,P20,
934868885,COME HOME SHELTER ATLANTA FOR WOMEN MEN & CHILDREN CORP,% NIKKI CANADY BOYD,MCDONOUGH GA 30253,GEORGIA,,00000-0000,0000,03,3,1250,202406,1,16,000000000,1,01,202412,0,0,02,0,12,0,0,0,L41,
934871729,GLOBAL SURGERY UMBRELLA INCORPORATED,% SERENA CRUZ,AMSTERDAM NOORD HOLLAND 1077ZB,NETHERLANDS,,00000-0000,0000,03,3,1000,202401,1,16,000000000,1,01,202512,0,0,02,0,12,0,0,0,Q01,
934975354,FSHVAR,,JELSA 21465,CROATIA,,00000-0000,0000,03,3,2300,202603,1,16,000000000,1,01,,0,0,01,0,12,,,,B21,
941693715,WALNUT CREEK AQUABEARS SWIM TEAM,,BRITISH COLUMBIA V3W 1J8,CANADA,,00000-0000,0000,03,3,2000,196912,1,16,317000000,1,01,202406,3,5,01,0,06,59210,624242,624242,,
942448894,FIRST SAMOAN FULL GOSPEL PENTECOSTAL CHURCH INC,% PATTI VAEAO,PAGO PAGO 96799,AMERICAN SAMOA,,00000-0000,0000,03,3,7000,197803,2,10,001000000,1,01,,0,0,06,0,07,,,,,
942459892,INTERNATIONAL DRY CLEANERS CONGRESS,% CHRISTOPHER TEBBS,CALGARY AB T2X2T8,CANADA,,00000-0000,0000,06,3,2000,198104,2,00,200000000,5,01,202512,0,0,02,0,12,0,0,0,,
942502780,INTERNATIONAL RIGHT OF WAY ASSOCIATION,% GARRY DYCK,WINNIPEG MB R3R 0Z6,CANADA,,00000-0000,1438,06,9,2000,195812,2,00,059000000,5,01,,0,0,02,0,06,,,,,66
942766046,INTERNATIONAL SOCIETY FOR DEVELOPMENTAL NUEROSCIENCES,% PROF P LEPRINCE,LIEGE LI B4000,BELGIUM,,00000-0000,0000,03,3,2000,198202,2,16,199000000,5,01,202601,6,4,01,0,01,1934008,253679,253679,,
942922923,CHAN FOUNDATION,% CALEB CHAN,VANCOUVER BCV6E2Y3,CANADA,,00000-0000,0000,03,3,1000,198504,1,04,602000000,2,01,202410,6,4,00,1,10,2950786,103476,,,
942926688,TOASTMASTERS INTERNATIONAL,% STEELE CREEK TOASTMASTERS CLUB,BAGUIO CITY 2600,PHILIPPINES,,00000-0000,0820,03,9,2000,194505,1,16,059319000,1,01,202512,0,0,02,0,12,0,0,0,,3961 STEELE CREEK TOASTMASTERS CLUB
942986450,FRIDAYS CHILD INTERNATIONAL,% JO LEE MANSELL,TORONTO ONTARIO M4Y1R7,CANADA,,00000-0000,0000,03,3,1000,198710,1,15,349994000,1,01,202412,0,0,02,0,12,0,0,0,P20,
942986512,TOASTMASTERS INTERNATIONAL,% SOFTTALK TOASTMASTERS CLUB,COULSDON CR5 3,UNITED KINGDOM,,00000-0000,0820,03,9,2000,194505,1,16,059319000,5,01,202512,0,0,02,0,12,0,0,0,,5620 SOFTTALK TOASTMASTERS CLUB
943148253,SIXTH ANCESTOR ZEN CENTER,,VICTORIA CANADA BC V9A1M6,CANADA,,00000-0000,0000,03,3,7000,199307,1,10,003000000,1,01,,0,0,06,0,11,,,,,
943151213,TAMUNING BAPTIST CHURCH,% ED PEREZ,555 GOV CARLOS CAMACHO RD,TAMUNING,GU,96913-0000,1606,03,9,7000,196311,1,10,029000000,1,01,,0,0,06,0,12,,,,,
943170081,19TH SUPPORT COMMAND & TAEGU COMMTY OFFCRS CSMS-SGMS-CIVILIANS FORMAL,% DIXIE GRAY,UNIT 15015,APO,AP,96218-5015,1061,03,9,7000,194910,1,10,325059927,5,01,,0,0,06,0,09,,,,,
943173772,ASSOCIATION OF CERTIFIED FRAUD SPECIALISTS INC,,CITRUS HEIGHTS 00000,ALBANIA,,00000-0000,5522,03,6,1000,200812,1,16,205000000,1,01,202312,2,2,02,0,12,11152,14973,14973,I032,
943174748,VIETNAM VETERANS OF AMERICA INC,% DANIEL T MENDIOLA,PO BOX 5638,HAGATNA,GU,96932-8667,3202,19,9,1000,198411,1,00,907000000,5,01,202502,0,0,02,0,02,0,0,0,,668 VVA CHAPTER
943228795,JESUS LORD OF THE HARVEST MINISTRIE S INTERNATIONAL INC,% MARCELINO M DALUSUNG,PO BOX 21557,BARRIGADA,GU,96921-1557,2046,03,9,7000,196911,1,10,001000000,5,01,,0,0,06,0,12,,,,X20,
943231350,DOMINICAN SCHOOL,,114 CHALAN PALE RAMON LAGU RTE 1,YIGO,GU,96929-2733,0928,03,9,1200,194603,1,10,031150120,5,01,,0,0,06,0,12,,,,,
943249127,TETRA SOCIETY OF NORTH AMERICA USA,% HARRY GREWAL,VANCOUVER BRITISH COLUMBIA V5N 3G9,CANADA,,00000-0000,0000,03,3,1000,200101,1,15,994160000,1,01,202512,0,0,02,0,12,0,0,0,P80Z,
943251815,SHAWNIGAN USA FUND,% L WOODS DAVIS WRIGHT TREMAINE LLP,SEATTLE WA 98104-1610,CANADA,,00000-0000,0000,03,3,2000,199611,1,17,602000000,1,01,202506,3,4,01,0,06,64121,450222,450222,B80J,
943365012,MANELU,% JOAN MASON,PO BOX 3131,HAGATNA,GU,96932-3131,0000,03,3,1200,202412,1,15,000000000,1,01,202412,2,5,01,0,12,14781,908348,908348,O31,
943456215,CATHOLIC DAUGHTERS OF THE AMERICAS,% EVELYN C NELTHROPP,PO BOX 304732,ST THOMAS,VI,00803-4732,0928,03,9,1700,194603,1,10,031150120,5,01,,0,0,13,0,07,,,,,2049 OUR LADY OF PERPETUAL HELP
943483701,DIAMOND LIFE UNITED SERVICES,% ARCHIE MOURICE SMITH,REVERE MASSACHUSETTS 02151,MADAGASCAR,,00000-0000,0000,03,3,1000,201303,1,15,000000000,1,01,202412,0,0,02,0,12,0,0,0,L40,
953426592,CROSSROADS CHRISTIAN COMMUNICATIONS INC,% STEWART MCPHETERS,NY NY - NEW YORK 14302,CANADA,,00000-0000,0000,03,3,1000,197807,1,15,000000000,5,01,202508,0,0,02,0,08,0,0,0,,
954377018,K S SERVICE,% CHANG HO LIM,LOS ANGELES CA 90006,ANDORRA,,00000-0000,0000,03,3,1000,199605,1,15,005000000,1,01,202512,0,0,02,0,12,0,0,0,X99Z,
960001172,CALVARY BAPTIST CHURCH,% ROB PUCKETT,1196 N MARINE CORPS DR,TAMUNING,GU,96913-4340,1606,03,9,7000,191606,1,10,036000000,5,01,,0,0,06,0,12,,,,,
960001479,AMERICAN FEDERATION OF TEACHERS,% TIMOTHY FEDENKO,PO BOX 2301,HAGATNA,GU,96932-2301,0787,05,9,3000,196711,2,00,263264279,5,01,202509,6,6,01,0,09,1988989,1120722,1120722,J40,1581 GUAM FEDERATION OF TEACHERS
960001716,GENERAL CONFERENCE OF SEVENTH DAY ADVENTIST,% GENERAL CONFERENCE CORP OF SDA,388 YPAO RD,TAMUNING,GU,96913-3701,1071,03,9,7000,195001,1,10,000000000,1,01,,0,0,06,0,12,,,,,GUAM CLINIC
960002543,SANCTUARY INC,,406 MAIMAI ST,CHALAN PAGO,GU,96910-5669,0000,03,3,1000,199503,1,15,994326000,1,01,202409,6,6,01,0,09,2424949,1508693,1508693,I21,
980000028,ANCIENT & ACCEPTED SCOTTISH RITE OF FREE MASONRY SOUTHERN JURISDICTION,,PANAMA REPUBLIC OF PANAMA,PANAMA,,00000-0000,0095,10,9,1000,194009,1,00,030059902,5,01,,4,2,02,0,12,,,,,VALLEY OF BALBOA & COORD BODIES
980000057,AMERICAN CHAMBER OF COMMERCE IN FRANCE INC,,PARIS FC 75008,FRANCE,,00000-0000,0000,06,3,3000,195308,2,00,200000000,1,01,202512,6,6,01,0,12,3549309,2132198,2132198,,
980000061,AMERICAN HOSPITAL OF PARIS,,NEUILLY SUR SEINE 92202,FRANCE,,00000-0000,0000,03,3,1000,193810,1,12,154150179,1,01,202312,9,9,01,0,12,248511894,183048533,183048533,Q300,
980000064,AMERICAN LIBRARY IN PARIS INC,% KRISTINA VER FOLEY,PARIS 75007,FRANCE,,00000-0000,0000,03,3,2000,194004,1,15,061000000,1,01,202512,6,6,01,0,12,3053945,2542223,2266427,B70,
980000121,BOY SCOUTS OF AMERICA,% CAROLINA HARKER,OPC 79 BOX 7,APO,AE,09714-0000,1761,03,9,1200,196511,1,15,059328908,5,01,202512,6,6,01,0,12,1369660,1734616,1693200,,802 TRANSATLANTIC COUNCIL
980000680,INDEPENDENT ORDER OF FORESTERS,,DON MILLS ON M3C-1T9,CANADA,,00000-0000,1783,08,6,1000,196604,4,00,036211279,1,01,202412,9,9,01,0,12,5193474694,835751204,835751204,,US BRANCH
980001490,GUAM-MICRONESIA MISSION,,290 CHALAN PALOSYO,AGANA HEIGHTS,GU,96910-6405,1071,03,9,7000,194704,1,10,211029000,5,01,,0,0,06,0,12,,,,,SAIPAN SEVENTH-DAY ADVENTIST SCHOOL
980013358,AMERICAN COMMUNITY SCHOOL OF ATHENS INC,% DR PEGGY PELONIS,ATHENS ATIKI 11521,GREECE,,00000-0000,0000,03,3,2000,196505,1,11,046030000,1,01,202506,8,8,01,0,06,27985357,20995550,20995550,,
980016007,WORLD COUNCIL OF CHURCHES,,GENEVA,SWITZERLAND,,00000-0000,0000,03,3,7000,197108,2,10,001000000,1,01,,0,0,06,0,12,,,,,
980030624,INTERNATIONAL BUREAU OF FISCAL DOCUMENTATION,% JAN MAARTEN SLAGTER,AMSTERDAM 1019 DW,NETHERLANDS,,00000-0000,0000,03,3,1000,197507,2,16,120123124,1,01,202412,9,8,01,0,12,60969798,42183002,41979731,,
980030939,SOUTH PACIFIC ACADEMY,% DR SABRINA SULUAI MAHUKA,PO BOX 520,PAGO PAGO,AS,96799-0530,0000,03,3,2000,199709,1,11,046030000,1,01,202406,0,0,02,0,06,0,0,0,B20Z,
980030992,KAPPA ALPHA PSI FRATERNITY,% CLAUDE BURNETT,ROB/PO,APO,AE,09067-0000,1372,07,9,1000,195606,2,00,036040000,5,01,202509,0,0,02,0,09,0,0,0,,GERMANY ALUMNI CHAPTER
980031121,WESTMINSTER ABBEY LIMITED,,MISSION CITY BC,CANADA,,00000-0000,0000,03,3,7000,197510,4,10,001003029,1,01,,0,0,06,0,06,,,,,
980031193,THE RESEARCH INSTITUTE OF THE MCGILL UNIVERSITY HEALTH CENTRE,% VESNA PANKOVSKA,MONTREAL QUEBEC H3H 2R9,CANADA,,00000-0000,0000,03,3,2000,197603,4,12,161162911,3,01,202503,9,9,01,0,03,153680185,133258301,133258301,,
980031414,INTERNATIONAL SCHOOL IN GENOA,% THE INTERNATIONAL SCHOOL OF GENOA,GENOVA ITALIA GE- ITA 16148,ITALY,,00000-0000,0000,03,3,2000,197605,2,11,030040911,1,01,202508,7,7,01,0,08,6845426,6959609,6959609,,ISG
980032043,MACDONALD STEWART FOUNDATION,% ROBERT GALTERI,MONTREAL H3A 1H9,CANADA,,00000-0000,0000,03,3,1000,197510,4,04,602911000,1,01,202412,8,5,00,1,12,32401768,898660,,,
980032427,FRASER INSTITUTE,% NIELS VELDHUIS,VANCOUVER BC V6J 3G7,CANADA,,00000-0000,0000,03,3,1280,197608,4,15,199181911,1,01,202412,8,8,01,0,12,13403574,12057637,11154884,,
980032646,UNION CHURCH OF MANILA FOUNDATION INC,,MAKATI CITY RP 1229,PHILIPPINES,,00000-0000,0000,03,3,1270,198202,2,15,004560602,1,01,202512,5,4,01,0,12,642365,410990,410990,,MAKATI POST OFFICE
980032683,INTERNATIONAL RIGHT OF WAY ASSOCIATION,% CYNTHIA DUBEAU,"METCALFE,ON KOA 2PO",CANADA,,00000-0000,1438,06,9,2000,195812,2,00,059205000,5,01,,0,0,02,0,06,,,,,63
980032738,ANCIENT & ACCEPTED SCOTTISH RITE OF FREE MASONRY SO JURIS USA,% GREGORY BLAS,PO BOX 513,HAGATNA,GU,96932-0513,0095,10,9,1000,194009,1,00,030059902,5,01,202512,0,0,02,0,12,0,0,0,,VALLEY OF AGANA & COORD BODIES
980033472,ROYAL ONTARIO MUSEUM,% PATRICIA REYNOLDS,TORONTO ONTARIO M5S2C6,CANADA,,00000-0000,0000,03,3,1000,197801,4,15,060125911,1,01,202503,9,9,01,0,03,145345271,74502137,74502137,A50Z,
980033473,MOUNT ALLISON UNIVERSITY,% GUYLAINE ROY CPACA,SACKVILLE NEW BRUNSWICK E4L 1E4,CANADA,,00000-0000,0000,03,1,1000,197906,4,11,030000000,1,01,202504,9,9,01,0,04,342054155,85755742,68850017,,
980034825,VANCOUVER SCHOOL OF THEOLOGY COLUMBIA,,VANCOUVER BC V6T 1L4,CANADA,,00000-0000,0000,03,3,2000,197802,4,10,004000000,1,01,,0,0,06,0,12,,,,,
980034842,PACIFIC MISSIONARY AVIATION,% MARIA MELINDA R ESPINOSA,PO BOX 3209,HAGATNA,GU,96932-3209,0000,03,3,1000,202310,1,16,000000000,1,01,202506,7,6,01,0,06,9359164,3226370,3226370,Q33,
980035702,NEAR EAST SOUTH ASIA COUNCIL OF OVERSEAS SCHOOLS,% P P SYCHICO,ATHENS 153 42,GREECE,,00000-0000,0000,03,3,1200,198111,2,16,059000000,1,01,202506,6,6,01,0,06,2659898,1906779,1906779,Q300,
980036091,ROYAL INSTITUTE OF INTERNATIONAL AFFAIRS,% CHATHAM HOUSE,LONDON SW1Y 4LE,UNITED KINGDOM,,00000-0000,0000,03,3,1000,197808,1,15,120123124,1,01,202503,9,8,01,0,03,58982438,24251655,24251655,Q50F,
980036445,INTERNATIONAL INSTITUTE FOR APPLIED SYSTEMS ANALYSIS,,LAXENBURG A,AUSTRIA,,00000-0000,0000,03,3,1800,197906,2,15,911199000,5,01,202412,8,8,01,0,12,30326559,31396865,31396865,,
980038349,CARLETON UNIVERSITY RETIREMENT PLAN S1S 5B6,% ELIZABETH SPRINGER,OTTAWA ONTARIO K1S5B6,CANADA,,00000-0000,0000,03,3,1000,197812,4,16,268279000,2,01,202512,9,9,01,0,12,1510231465,721676439,289614410,,
980038754,ELIZABETH GREENSHIELDS FOUNDATION,% CLAUDETTE BELLEMARE,MONTREAL SHERBROOKE BELLEMARE,CANADA,,00000-0000,0000,03,3,1000,198003,4,04,040000000,2,01,202412,8,5,00,1,12,22543995,671416,,,
980039660,ST ANDREWS EPISCOPAL CHURCH INC,% E AMBROSE GUMBS,PO BOX 7368,ST THOMAS,VI,00801-0368,0000,03,3,7000,200008,0,10,000000000,1,01,,0,0,06,0,12,,,,X21,
980040227,MARIANAS BAPTIST CHURCH,,SAIPAN,SAIPAN,MP,96950-0000,0000,03,3,7000,197912,1,10,001006000,1,01,,0,0,06,0,12,,,,,
980040652,UNIVERSITY OF B C PENSION PLAN FOR MEMBERS OF THE ACADEMIC STAFF,,VANCOUVER BC V6T 1Z3,CANADA,,00000-0000,0000,03,3,2000,198002,4,15,268911000,2,01,202512,9,9,01,0,12,3744020465,376963416,376963416,Y30Z,
980041019,INTERNATIONAL CENTRE FOR DIARRHOEAL DISEASE RESEARCH BANGLADESH,% ABDALLAH A ABBAS,DHAKA 1212,BANGLADESH,,00000-0000,0000,03,3,1000,198107,1,15,161911000,1,01,202412,9,9,01,0,12,148121373,77723739,77723739,,
980041031,ROSSORY PARISH SELECT VESTRY 0631,,ENNISKILLEN,NORTH IRELAND,,00000-0000,0000,03,3,7000,197601,2,10,001000000,5,01,,0,0,06,0,12,,,,,
980041406,THE ITALIAN STUDENT LOAN FUND CORP,% CSA,ROME 00186,ITALY,,00000-0000,0000,03,3,1000,198002,2,15,040041000,1,01,202412,6,4,01,0,12,1436462,155467,155467,Q220,
980041970,INTERNATINAL COUNCIL OF SCIENTIFIC UNIONS,,PARIS 75116,FRANCE,,00000-0000,0000,03,3,7000,198010,2,15,037000000,1,01,202412,7,7,01,0,12,5763379,6809069,6809069,U00J,
980042539,UNIVERSITY OF REGINA,,REGINA SASKATCHEWAN S4S 0A2,CANADA,,00000-0000,0000,03,3,2000,198007,4,11,030031000,1,01,202504,9,9,01,0,04,665011844,384769383,383705156,,
980043379,CHAMBER OF COMMERCE OF AMERICAN SAMOA,,PO BOX 983107,PAGO PAGO,AS,96799-8518,0000,06,3,3000,202509,2,00,000000000,1,01,,0,0,02,0,01,,,,S41,
980043814,AIR FORCE SERGEANTS ASSOCIATION,% LIVIU BOGDEN,PO BOX 291211,YIGO,GU,96929-3090,1758,19,9,1000,197205,2,00,480908000,5,01,,0,0,02,0,12,,,,,1560 CHAPTER
980046151,CAMPION SCHOOL,,ATHENS PALLINI 15302,GREECE,,00000-0000,0000,03,3,1000,198105,2,11,046030000,1,01,202508,8,8,01,0,08,11245067,10473330,10438268,,
980046254,ZWEIBRUECKEN BAPTIST CHURCH,,ZWEIBRUECKEN,GERMANY,,00000-0000,0000,03,3,7200,198412,2,10,046001029,5,01,,0,0,06,0,01,,,,,
980046260,THE INSTITUTE FOR HUMAN GENETICS AND BIOCHEMISTRY 12 RUE DU MONT-DE,,GENEVA SWITZERLAND CH-1121,SWITZERLAND,,00000-0000,0000,03,3,1280,198105,2,12,150161162,1,01,202412,4,4,01,0,12,464146,450776,285608,,
980046301,CHURCH OF CHRIST OF THE TERRITORY OF GUAM,,PO BOX 883,AGUNA,GU,96932-0883,0000,03,3,7000,200908,1,10,000000000,1,01,,0,0,06,0,12,,,,X20,
980046988,GUAM LEGAL SERVICES CORPORATION,,WEST OBRIEN DR STE 102,HAGATNA,GU,96910-0000,0000,03,3,1000,202102,1,15,000000000,1,01,202412,6,6,01,0,12,1056642,1346153,1346153,P20,
980047013,LA PAZ COMMUNITY CHURCH,,LA PASA,BOLIVIA,,00000-0000,0000,03,3,1700,198901,2,10,001029000,1,01,,0,0,06,0,10,,,,,
980047386,SOUTHWEST PROFESSIONAL INDEMNITY CORPORATION,% ADVANTAGE INTL MGMT CAYMAN,GRAND CAYMAN CI KY1-9006,CAYMAN ISLANDS,,00000-0000,0000,15,3,1000,198903,2,00,279000000,5,01,202512,4,3,01,0,12,368450,72876,72876,,
980047451,DIOCESE OF SAMOA PAGO PAGO,,PO BOX 596,PAGO PAGO,AS,96799-0596,0928,03,9,1700,194603,0,10,031150120,5,01,,0,0,06,0,12,,,,,
980047586,LAIDLAW FOUNDATION,% JEHAD Y ALIWEIWI,TORONTO ON M4T2T5,CANADA,,00000-0000,0000,03,3,1000,198112,1,02,040602000,1,01,202512,9,6,00,1,12,55241427,2357592,,,
980048901,UNITED WAY OF CANADA CENTRAIDE,% PAUL TOTTEN COO,OTTAWA ONTARIO K1P 5G3,CANADA,,00000-0000,0000,03,3,1000,198112,4,15,600927994,1,01,202412,7,7,01,0,12,6480044,7040715,7040715,,
980049735,KAPPA ALPHA PSI FRATERNITY,% CARRINGTON R CARTER SR,PSC 400 BOX 6023,APO,AP,96273-0061,1372,07,9,1000,195706,0,00,000000000,5,01,202509,0,0,02,0,09,0,0,0,,KOREA ALUMNI
980049790,CONGREGATIONAL CHRISTIAN CHURCH IN AMERICAN SAMOA,% CONGREGATIONAL CHRISTIAN CHURCH I,1537 KANANA FOU ST,PAGO PAGO AS,AS,96799-0000,0000,03,3,7000,202011,1,10,000000000,1,01,,0,0,06,0,12,,,,X20,
980050118,AMERICAN COMMUNITY SCHOOL OF ABU DHABI,% MONIQUE FLICKINGER,ABU DHABI ABU DHABI 000000,UNITED ARAB EMIRATES,,00000-0000,0000,03,3,2000,200002,1,11,000000000,5,01,202408,9,8,01,0,08,102502252,26925547,26925547,B20,
980050185,OCEAN WISE CONSERVATION ASSOCIATION,% JENNIE MOUSHOS,VANCOUVER BRITISH COLUMBIA V6B 3X8,CANADA,,00000-0000,0000,03,3,1000,198204,4,16,060000000,1,01,202412,8,8,01,0,12,32996095,10870603,10870264,,
980051058,IROSIN EVANGELICAL CHURCH INCORPORATED IROSIN,,IROSIN SORSOGON 5210,PHILLIPINES,,00000-0000,0000,03,3,1700,198403,2,10,001029000,1,01,,0,0,06,0,12,,,,,
980051094,MOUNT SAINT VINCENT UNIVERSITY,% CATHLEEN MADGETT,HALIFAX NOVA SCOTIA B3M2J6,CANADA,,00000-0000,0000,03,3,2000,198108,4,11,001000000,1,01,202503,0,0,02,0,03,0,0,0,,
980051894,AIR FORCE SERGEANTS ASSOCIATION,% RENIEKA D PEPPER BENJAMIN,PSC 2 BOX 10479,APO,AE,09012-0105,1758,19,9,1000,197205,2,00,480908000,5,01,,0,0,01,0,12,,,,,1674 CHAPTER
980052462,CORNERSTONE BAPTIST CHURCH,,ACHAFFENBURG,WEST GERMANY,,00000-0000,0000,03,3,7000,198303,2,10,001000000,5,01,,0,0,06,0,12,,,,,
980052780,BROCK UNIVERSITY,,ST CATHARINES ON L2S 3A1,CANADA,,00000-0000,0000,03,3,1000,198306,4,11,030000000,1,01,202504,9,9,01,0,04,589777502,304314948,301006472,B43Z,
980053906,YAP COMMUNITY ACTION PROGRAM YAPCAP,,PO BOX 426,YAP,FM,96943-0426,0000,03,3,1000,198303,1,11,408030000,1,01,202309,6,5,01,0,09,3022026,521454,521454,,
980054968,INTERNATIONAL CENTRE FOR AGRICULTURAL RESEARCH IN THE DRY A,,BEIRUT VERDUN 112007,LEBANON,,00000-0000,0000,03,3,1000,198401,2,15,046199000,5,01,202512,8,8,01,0,12,33626754,33431021,33431021,Q053,
980055958,GUMA MAMI,,PO BOX FN,HAGATNA,GU,96932-7664,0000,03,3,1000,200101,1,15,998000000,1,01,202409,6,6,01,0,09,1028377,1738993,1738993,L20,
980056792,PALAU COMMUNITY ACTION AGENCY,% PALAU COMMUNITY ACTION AGENCY,PO BOX 3000,KOROR,PW,96940-6013,0000,03,3,1000,198511,1,15,911000000,1,01,202409,6,6,01,0,09,3880303,3283342,3283342,P28Z,
980057133,ARMED FORCES COMMUNICATIONS AND ELECTRONICS ASSOCIATION,% SIMON SANCHEZ,PSC 480 BOX 3057,APO,AE,09128-0031,3185,06,9,2000,198209,2,00,065207000,1,01,202512,0,0,02,0,12,0,0,0,,STUTTGART CHAPTER
980057751,FOUNDATION ST JEAN DE BRITO,,SIERRE,SWITZERLAND,,00000-0000,0000,03,3,6100,198304,2,10,006007000,1,01,,0,0,06,0,12,,,,,
980058317,ST PETERS SEMINARY CORPORATION OF LONDON IN ONTARIO,,LONDON ONTARIO N6A 3Y1,CANADA,,00000-0000,0000,03,3,7200,198306,4,10,279001000,1,01,,0,0,06,0,04,,,,,
980058511,UNIVERSITY OF B C STAFF PENSION PLAN,,VANCOUVER BC V6T 1Z3,CANADA,,00000-0000,0000,03,3,1000,000000,0,16,000000000,0,01,202512,9,9,01,0,12,3260900327,284286656,284286656,,
980058629,ASSEMBLY OF GOD AGAT GUAM CHRISTIAN LIFE CENTER A RELIGOUS ORGANIZATI,,681 N RTE 2,AGAT,GU,96928-0000,0000,03,3,7000,201606,1,10,000000000,1,01,,0,0,06,0,12,,,,X20,
980058740,THE MOUNT ROYAL CEMETERY COMPANY,% MAXIME JACQUES,OUTREMONT QUEBEC H2V 2P9,CANADA,,00000-0000,0000,13,3,2000,198308,2,00,900000000,1,01,202512,8,8,01,0,12,49404650,10536414,10536414,,
980061197,INTERNATIONAL UNION OF CRYSTALLOGRAPHY,,CHESTER CH1 2HU,UNITED KINGDOM,,00000-0000,0000,03,3,2000,198510,2,16,998000000,1,01,202412,6,6,01,0,12,4935098,3700957,3700957,Z99Z,
980061275,SAMOA BAPTIST ACADEMY,% LUCY TAFRO,PO BOX H,PAGO PAGO,AS,96799-9708,1606,03,9,7000,196311,1,10,029000000,1,01,,0,0,06,0,12,,,,,
980061413,UNIVERSITY OF WATERLOO,% PATRICIA HANCOCK,WATERLOO ONTARIO N2L 3G1,CANADA,,00000-0000,0000,03,3,1000,198411,4,11,046030000,1,01,202504,9,9,01,0,04,2791683240,1369276718,1350975460,,
980062196,RELIGIOUS HOSPITALLERS OF ST JOSEPH OF DELAWARE INC,,MONTREAL QC,CANADA,,00000-0000,0928,03,9,7000,194603,1,10,031150120,5,01,200912,0,0,06,0,12,,,,,
980063479,MU THETA ZETA CHAPTER,% ZETA PHI BETA SORORITY INC,CMR 422 BOX 5106,APO,AE,09067-0000,0000,10,3,1000,202005,2,00,036279040,5,01,202606,0,0,02,0,06,0,0,0,B03,
980064446,THE SISTERS OF NAZARETH OF AMERICAN SAMOA,,PO BOX 1510,PAGO PAGO,AS,96799-1510,0928,03,9,1700,198606,1,10,001030150,5,01,,6,5,13,0,06,,,,,
980064603,NATIONAL IVES ROYAL ORDER OF JESTERETTS,% LYNDA JEWKES,TILLSONBURG ON N4G 5H6,CANADA,,00000-0000,2687,10,9,1000,197601,2,00,260318319,5,01,202509,0,0,02,0,09,0,0,0,,10 TOR-CAN
980065009,VICTORY CHAPEL INC,,PO BOX 20688,BARRIGADA,GU,96921-0688,0000,03,3,7000,200511,1,10,000000000,1,01,,0,0,06,0,12,,,,X20,
980065405,CONGREGATION OF THE IMMACULATE HEART OF MARY SCHEUT MISSION HK,,KOWLOON,HONG KONG,,00000-0000,0000,03,3,7000,198712,2,10,911003006,1,01,,0,0,06,0,12,,,,,
980065737,CHURCH OF ST ANDREW & ST PAUL,% ROYAL TRUST,TORONTO ONTARIO M5W 1P9,CANADA,,00000-0000,0000,03,3,7000,198604,4,10,001000000,1,01,,0,0,06,0,12,,,,,
980066847,CROUCHER FOUNDATION,,HONG KONG,HONG KONG,,00000-0000,0000,03,3,1000,198512,2,04,199000000,2,01,202409,9,6,00,1,09,276600655,3423077,,,
980067299,SUNNYBROOK FOUNDATION,,TORONTO ONTARIO M4N 3M5,CANADA,,00000-0000,0000,03,3,1200,198608,4,15,927911000,1,01,202603,9,9,01,0,03,405525509,112879175,111039045,,
980070373,RHEINLAND BAPTIST CHURCH,,6795 KINDSBACH,WEST GERMANY,,00000-0000,0000,03,3,7000,198608,2,10,001000000,1,01,,0,0,06,0,12,,,,,
980072236,ST STEPHENS SCHOOL CORPORATION,% ERIC MAYER,00153 ROMA,ITALY,,00000-0000,0000,03,3,2000,196308,0,15,000000000,5,01,,7,7,00,0,08,,,,,
980072853,SOCIETY OF AMERICAN MILITARY ENGINEERS,% BLACK VEATCH SPECIAL PROJECTS COR,PSC 467 BOX 3327,APO,AE,09096-0034,1278,03,9,2800,195411,1,16,059908120,5,01,202512,0,0,02,0,12,0,0,0,,S A M E RHEIN-MAIN POST
980072997,JOHN CABOT UNIVERSITY,,ROME 00165,ITALY,,00000-0000,0000,03,3,1000,199804,1,11,030000000,1,01,202506,9,9,01,0,06,166827840,65149015,65013443,B43Z,
980074736,ZWEIBRUCKEN BAPTIST CHURCH,,6660 ZWEIBRUCKEN,WEST GERMANY,,00000-0000,0000,03,3,7000,198608,2,10,001000000,1,01,,0,0,06,0,12,,,,,
980075208,LUSO-AMERICAN DEVELOPMENT FOUNDATION,,LISBON LISBON 1249-090,PORTUGAL,,00000-0000,0000,04,3,3000,198607,2,00,911602400,1,01,202512,9,8,01,0,12,212690974,14835310,14835310,,
980076515,THE FIRST PRESBYTERIAN CHURCH OF GUAM,% REV BUM YONG CHOI,PO BOX 9490,TAMUNING,GU,96931-5490,0000,03,3,1700,200608,1,10,000000000,1,01,,0,0,06,0,12,,,,X21,
980077279,MONTREAL ASSOCIATION FOR THE BLIND FOUNDATION,,MONTREAL QUEBEC H4B 1R3,CANADA,,00000-0000,0000,03,3,1000,198801,4,10,038000000,1,01,,0,0,02,0,12,,,,,
980077449,FIRST CHURCH OF GOD,% MARK BENAVENTE,449 ROUTE 10,MANGILAO,GU,96913-1395,1489,03,9,7000,196007,1,10,001268000,1,01,,0,0,06,0,12,,,,,
980078729,BOARD OF GOVERNORS OF THE BANFF CENTRE,% CHRIS LORWAY,BANFF ALBERTA T1L1H5,CANADA,,00000-0000,0000,03,3,2000,198707,4,11,030000000,1,01,202503,9,9,01,0,03,226417992,60623000,60623000,,
980084843,MARIANAS BAPTIST CHURCH,% ED POPPE,PO BOX 4761,HAGATNA,GU,96932-8652,1606,03,9,7000,196311,1,10,029000000,1,01,,0,0,06,0,12,,,,,
980085071,LEND-A-HAND INC,,238 ARCHBISHOP FLORES STREET,AGANA,GU,96910-5113,9102,03,9,1000,198901,1,16,429000000,1,01,,0,0,02,0,12,,,,,PACIFIC DAILY NEWS
980085912,SHOWA WOMENS UNIVERSITY INC,% HIROFUMI WATANABE,SETAGAYA KU TOKYO 154-8533,JAPAN,,00000-0000,0000,03,3,1000,198805,1,11,000000000,5,01,202503,9,9,01,0,03,423464267,102279877,102279877,B24Z,
980085979,GUAM BUDDHISM SOCIETY,% GUAM BUDDHISM SOCIETY,PO BOX 21027,BARRIGADA,GU,96921-1027,0000,03,3,7000,201407,1,10,000000000,1,01,,0,0,06,0,12,,,,X50,
980086141,GRACE CHRISTIAN MINISTRIES OF THE ASSEMBLIES OF GOD,,PO BOX 502140,SAIPAN,MP,96950-2140,8257,03,8,1270,199809,1,10,001000000,1,01,,0,0,06,0,12,,,,X21Z,GRACE CHRISTIAN ASSEMBLY
980086227,INTERNATIONAL SOCIETY FOR ISAAC,,TORONTO ON M3J SN2,CANADA,,00000-0000,0000,03,3,1200,199607,4,16,160123995,1,01,202412,4,4,01,0,12,258981,331019,331019,Q300,ISAAC
980090472,VICTIM ADVOCATES REACHING OUT,,PO BOX 2045,HAGATNA,GU,96932-2045,0000,03,3,1000,201503,1,15,000000000,1,01,202409,4,4,01,0,09,152834,301224,301224,F40,VARO
980096928,SOCIETY OF AMERICAN MILITARY ENGINEERS,% ERIC WARNER,FPO AP 96326,JAPAN,,00000-0000,1278,03,9,2800,195411,1,16,059000000,5,01,202512,0,0,02,0,12,0,0,0,,S A M E JAPAN POST
980096930,KOREAN PRESBYTERIAN CHURCH OF SAIPAN,% KOREAN PRESBYTERIAN CHURCH OF,PO BOX 501526,SAIPAN,MP,96950-1526,0000,03,3,7000,201012,1,10,000000000,1,01,202312,0,0,06,0,12,0,0,0,X20,HAM KI ARM
980097848,SOCIETY OF AMERICAN MILITARY ENGINEERS,% 86 SVS SVMR,UNIT 3221 BOX 51,APO,AE,09094-3221,0000,03,3,1200,202606,1,16,059000000,5,01,202212,0,0,02,0,12,0,0,0,B90,S A M E KAISERSLAUTERN POST
980098047,SIM INTERNATIONAL,,HOWICK,NEW ZEALAND,,00000-0000,0000,03,3,7000,198907,2,10,002000000,1,01,,0,0,06,0,09,,,,,
980098048,SOCIETE INTERNATIONALE MISSIONNAIRE,,CH 1004 LAUSANNE,SUISSE,,00000-0000,0000,03,3,7000,198907,2,10,002000000,1,01,,0,0,06,0,09,,,,,
980098049,SIM CANADA,,SCARBOROUGH PROV OF ONTARIO M1W 2S5,CANADA,,00000-0000,0000,03,3,7000,198907,4,10,002000000,1,01,,0,0,06,0,09,,,,,
980098051,SIM INTERNATIONAL UK JOINT MISSION CENTRE,,COULSDON SURREY CR3 2HR,ENGLAND,,00000-0000,0000,03,3,7000,198907,2,10,002000000,1,01,,0,0,06,0,09,,,,,
980098218,MAKE-A-WISH FOUNDATION OF GUAM,,590 S MARINE CORPS DR STE 109,TAMUNING,GU,96913-3555,0000,03,3,1000,201911,1,16,000000000,1,01,202508,5,5,01,0,08,743545,564717,478878,T11,
980098988,JESUS FINAL COMMAND INC,% ISAAC PENDLETON,ZACATECAS ZACATECAS 98070,MEXICO,,00000-0000,0000,03,3,1000,199001,4,15,006000000,1,01,202309,4,3,01,0,09,222500,57715,57715,X20Z,
980099070,VETERANS OF FOREIGN WARS,,PSC 415 BOX 5307,APO,AE,09114-0054,0000,04,3,3000,196701,2,00,907000000,5,01,202510,0,0,02,0,10,0,0,0,,10692 TOWER POST
980099973,INTERNATIONAL INSTITUTE FOR ENVIRONMENT AND DEVELOPMENT,,LONDON WC2A 1AP,UNITED KINGDOM,,00000-0000,0000,03,3,1200,198904,1,15,911000000,1,01,202403,8,8,01,0,03,17725000,32887500,32887500,,
980100761,FONDATION H DUDLEY WRIGHT,% PESTALOZZI LACHENAL PATRY,CH 1204 GENEVE,SWEDEN,,00000-0000,0000,03,3,1820,198906,2,04,911602123,1,01,202412,8,4,00,1,12,18208002,417942,,,
980104248,NATIONAL AIR TRAFFIC CONTROLLERS ASSOCIATION,% STEVE COSTA,1775 ADMIRAL SHERMAN BLVD,BARRIGADA,GU,96913-1612,3254,05,9,3000,199002,2,00,263000000,5,01,202512,0,0,02,0,12,0,0,0,,NATCA LOCAL ZUA
980104492,KEBAYORAN BAPTIST CHURCH-ENGLISH LANGUAGE CONGREGATION INC,,KEBAYORAN BARU JAKARTA,INDONESIA,,00000-0000,0000,03,3,1700,199009,2,10,001007000,1,01,,0,0,06,0,12,,,,,
980104816,GUAM CHURCH OF RESURRECTION,,PO BOX 26443,BARRIGADA,GU,96921-6443,0000,03,3,7000,200102,1,10,000000000,1,01,,0,0,06,0,12,,,,X21,
980105409,MAKIVIK CORPORATION,% ANGELO MANNETTA,VILLE ST LAURENT QUEBEC H4M 2X6,CANADA,,00000-0000,0000,04,3,1000,199106,2,00,119923000,1,01,202409,9,9,01,0,09,776770424,59167733,10396109,,
980106558,SHAAR HASAHMAYIM SYNAGOGUE,,ENGINEERS LANE,GIBRALTAR,,00000-0000,0000,03,3,1000,199005,2,10,001000000,1,01,,0,0,06,0,06,,,,,
980109072,RAY AND DIANA HARRYHAUSEN FOUNDATION,% CO TURCAN CONNELL,EDINBURGH EH3 9EE,UNITED KINGDOM,,00000-0000,0000,03,3,1000,199007,2,04,911149000,2,01,202503,7,3,00,1,03,7084786,38734,,,
980111198,MORLEY & RITA COHEN FOUNDATION,% MORLEY M COHEN,DOLLARD DES ORMEUX QC H9B 2K4,CANADA,,00000-0000,0000,03,3,1000,199008,4,04,150000000,1,01,202412,6,5,00,1,12,3707990,759879,,,
980112881,YAYASAN KANTOR WALIGEREJA INDONESIA K W I,,JAKARTA 10340,INDONESIA,,00000-0000,0000,03,3,7000,199010,2,15,001000000,5,01,,0,0,13,0,06,,,,,
980113680,HAPPY VALLEY BAPTIST CHURCH,% ELISE TAFAO,PO BOX O,PAGO PAGO,AS,96799-9714,1606,03,9,7000,196311,1,10,036000000,5,01,,0,0,06,0,12,,,,,
980113681,SAMOA KOREAN BAPTIST CHURCH,% CHANG LEE,PO BOX 2068,PAGO PAGO,AS,96799-2068,1606,03,9,7000,196311,1,10,029000000,1,01,,0,0,06,0,12,,,,,
980113683,FIRST CHINESE CHURCH OF AMERICAN SAMOA,,PAGO PAGO AM 96799,SAMOA,,00000-0000,1606,03,9,7000,196311,1,10,036000000,5,01,,0,0,06,0,12,,,,,
980116396,FOMENTO EDUCATIONAL A C,,CIUDAD DE MEXICO COLONIA SANTA MAR,MEXICO,,00000-0000,0000,03,3,1000,199203,2,04,911603149,1,01,202412,7,5,00,1,12,8663060,633201,,Q300,
980118943,FOUNDATION FOR EDUCATIONAL EXCHANGE BETWEEN CANADA & THE U S A,% AVA KOVATS-SR DR FIN ADM & H,OTTAWA ONTARIO K1R 1A4,CANADA,,00000-0000,0000,03,3,1200,199202,4,15,040000000,1,01,202508,8,6,01,0,08,15319465,4295098,4295098,Q122,
980119947,COMMONWEALTH SCIENTIFIC AND INDUSTRIAL RESEARCH ORGANIZATION,% THOMAS MUNYARD,ACTON ACT 2601,AUSTRALIA,,00000-0000,0000,03,3,1000,199201,0,15,000000000,1,01,202506,9,9,01,0,06,2449533898,1034784608,1034784608,,
980120810,ST CROIX CHRISTIAN CHURCH INC,% THERESA COLLINGWOOD,3013 ESTATE ORANGE GRV,CHRISTIANSTED,VI,00820-4260,0000,03,3,1270,202210,1,10,000000000,1,01,,0,0,06,0,06,,,,X20,
980121066,BARNABAS FAMILY MINISTRIES SOCIETY,% DEBBIE DREWLO,GIBSONS BRITISH COLUMBIA V0N 1V0,CANADA,,00000-0000,0000,03,3,7200,199205,4,15,563000000,1,01,202412,8,6,01,0,12,13130225,2983331,2960532,X20Z,
980121082,VETERANS OF FOREIGN WARS POST 8862,,PSC 427 BOX 70,APO,AE,09630-0001,0000,19,0,1000,000000,0,00,000000000,0,01,202511,0,0,02,0,11,0,0,0,,
980122785,HOPE CHAPEL OKINAWA,,PSC 557 BOX 3553,FPO,AP,96379-0000,1061,03,9,7000,194910,1,10,000000000,5,01,,0,0,06,0,12,,,,,
980123241,INTERNATIONAL OLYMPIC COMMITTEE,% EMRE KURTOGLU,LAUSANNE 1007,SWITZERLAND,,00000-0000,0000,04,3,1000,199203,2,00,300317000,1,01,202412,9,9,01,0,12,4735675750,4413965153,4410516368,,
980124608,FIRST EMPLOYERS INSURANCE COMPANY,,GRAND CAYMAN CJ KY1-1102,CHILE,,00000-0000,0000,15,3,1000,199211,2,00,212000000,1,01,,6,5,00,0,12,,,,,
980124949,EUROPEAN BREEDERS FUND,% SAM SHEPPARD,NEWMARKET SUFFOLK CB8 9AE,UNITED KINGDOM,,00000-0000,0000,06,3,1000,199209,2,00,229237000,5,01,202501,3,5,01,0,01,43275,532293,532293,,
980125241,LANDSTUHL PARENTS TEACHERS AND STUDENTS ASSOCIATION,% LANDSTUHL ELEM MIDDLE SCHOOL,CMR 402,APO,AE,09180-0000,0000,03,3,2000,200201,1,16,000000000,5,01,202406,0,0,02,0,06,0,0,0,B112,
980127096,THE UNIVERSITY OF QUEENSLAND,% MR M TOOMEY,QUEENSLAND 4072,AUSTRALIA,,00000-0000,0000,04,3,1000,201903,2,00,911030000,1,01,202312,9,9,01,0,12,5332427000,1489742240,1474882957,,
980127844,ALBERTA BIBLE COLLEGE,% STANLEY HELTON,CALGARY ALBERTA T2K 3J6,CANADA,,00000-0000,0000,03,3,2000,201505,4,11,030000000,1,01,202507,7,5,01,0,07,5688392,816172,816172,B42,
980129562,BETHEL DELIVERANCE CENTER CHURCH INC,,PO BOX 6615,CHRISTIANSTED,VI,00823-6615,0000,03,3,7000,199406,1,10,001000000,1,01,,0,0,06,0,12,,,,,
980130166,LIFE IN THE SON CHRISTIAN FELLOWSHI P,% MARK BENAVENTE,PO BOX 23308,BARRIGADA,GU,96921-3308,0000,03,3,7000,202607,1,10,000000000,1,01,,0,0,06,0,12,,,,X20,
980131776,ASSOCIATION OF CAMPS FARTHEST OUT INC,% JASMINE SMILEY,"KARS,ON,K0A 2E0",CANADA,,00000-0000,1452,03,9,7000,195904,0,16,000000000,5,01,,0,0,02,0,12,,,,,CAMP FARTHEST OUT
980132529,FEDERATION INTERNATIONALE DE FOOTBALL ASSOCIATION,% NIEDERER KRAFT & FREY AG,ZURICH ZURICH 8044,SWITZERLAND,,00000-0000,0000,04,3,3000,199406,2,00,298317349,1,01,202412,9,9,01,0,12,6145756514,872061669,872061669,,FIFA
980133543,NEW ERA PUBLICATIONS INTERNATIONAL APS,,COPENHAGEN 1264,DENMARK,,00000-0000,0000,03,3,7000,199310,2,17,008000000,1,01,,0,0,13,0,12,,,,,
980135070,FRIENDS OF BROCK UNIVERSITY INC,% BROCK UNIVERSITY,ST CATHARINES ONTARIO L2S 3A1,CANADA,,00000-0000,0000,03,0,1000,199107,0,04,200000000,1,01,202504,3,3,00,1,04,62420,62420,,,
980136011,MEMBERSHIP SERVICES ADMINISTRATION U K LTD,,SUSSEX RH194JY,ENGLAND,,00000-0000,0000,03,3,7000,199310,2,17,008004000,1,01,,0,0,13,0,12,,,,,
980136012,INTERNATIONAL ASSOCIATION OF SCIENTOLOGISTS,% SAINT HILL MANOR,SUSSEX RH194JY,ENGLAND,,00000-0000,0000,03,1,7000,199310,2,17,004029000,5,01,,0,0,13,0,12,,,,,
980136937,S A L T S SAIL AND LIFE TRAINING SOCIETY,,VICTORIA BC V8W3N8,CANADA,,00000-0000,0000,03,3,1000,199405,4,15,349000000,5,01,202512,6,6,01,0,12,4589167,2996826,2963379,O51Z,
980139325,FELTWELL ELEMENTARY SCHOOL PTO,% ERIN DETILLION,CCSEF UNIT 5108 BOX 315,APO,AE,09461-5108,0000,03,3,1200,201101,1,16,000000000,5,01,202508,0,0,02,0,08,0,0,0,B94,
980140282,INUIT ART FOUNDATION,% COUNTRY PLACE,TORONTO ON M6P 3T1,CANADA,,00000-0000,0000,03,3,1000,199409,4,16,091000000,1,01,202503,5,6,01,0,03,756091,1615783,1615783,,
980142199,INTERNATIONAL INSTITUTE FOR SUSTAINABLE DEVELOPMENT,,WINNIPEG MANITOBA R3B0T4,CANADA,,00000-0000,0000,03,3,1200,199412,4,15,124000000,1,01,202503,9,8,01,0,03,106490755,46616924,46616924,Q99E,
980142916,BIOVERSITY INTERNATIONAL,% BIOVERSITY INTERNATIONAL,ROME 00153,ITALY,,00000-0000,0000,03,3,1000,199802,1,15,911000000,5,01,202412,9,8,01,0,12,50605000,38206000,38206000,Z31Q,
980148939,UNIVERSITY OF AUCKLAND,% SHARMAINE NAIDOO,AUCKLAND 1142,NEW ZEALAND,,00000-0000,0000,03,3,2000,201602,2,11,030046000,1,01,202312,9,9,01,0,12,2941121937,929737930,927508695,B40,
980148940,PACIFIC HORIZONS SCHOOL INC,% MARSHALL ASHLEY,PO BOX 326,PAGO PAGO,AS,96799-0326,0000,03,3,2000,201309,1,11,000000000,1,01,202506,6,6,01,0,06,3524389,2495289,2495289,B24,
980149857,ESCUELA DE AGRICULTURA DE LA REGION TROPICAL HUMEDA,% URIEL CUBILLO,SAN JOSE,COSTA RICA,,00000-0000,0000,03,3,1000,199503,2,11,030000000,2,01,202412,9,8,01,0,12,151502740,33902372,33902372,B43Z,EARTH
980150041,METROPOLITAN ANDREY SHEPTYTSKY INSTITUTE FOUNDATION,,TORONTO ON M5S1J4,CANADA,,00000-0000,0000,03,3,1000,199510,4,17,602040914,1,01,202412,7,6,01,0,12,9006528,1554477,1554477,B43I,
980150395,FOUNDATION FOR WORLD EVANGELISM,% MRTEN GEIGER,VADUZ,LIECHTENSTEIN,,00000-0000,0000,03,3,1700,199503,4,17,911007602,1,01,202412,9,9,13,0,12,86628638,118144913,118144913,X99J,
980151321,NATIONAL THEATRE SCHOOL OF CANADA,% FANNY PAG,MONTREAL QUEBEC H2J 2L8,CANADA,,00000-0000,0000,03,3,1200,199505,4,11,030000000,1,01,202507,8,7,01,0,07,42332893,8936302,8936302,A6EZ,
980151689,YAD SARAH,,JERUSALEM,ISRAEL,,00000-0000,0000,03,3,1000,199504,4,15,911566000,5,01,202412,9,8,01,0,12,192669000,30102000,29779000,P99I,
980152468,YAYASAN KEANEKARAGAMAN HAYATI INDONESIA,% RIKI FRINDOS,JAKARTA SELATAN DKI JAKARTA 12560,INDONESIA,,00000-0000,0000,03,3,1200,199509,2,15,994911602,1,01,202412,8,7,01,0,12,33943949,8700316,6464465,C36,INDONESIAN BIODIVERSITY FOUNDATION
980156249,SUSILA DHARMA INTERNATIONAL ASSOC INC,,GREENFIELD PARK QC J4V 1W2,CANADA,,00000-0000,0000,03,3,1000,199602,4,15,994179000,1,01,202412,6,4,01,0,12,1955181,375533,375533,E99,SDIA
980156718,JACK JACKSON EVANGELICAL MINISTRIES ASSOCIATION,% JACK JACKSON,CALGARY ALBERDA T2B 3C9,CANADA,,00000-0000,0000,03,3,1200,199606,4,15,007000000,1,01,202212,4,2,02,0,12,112304,23352,-11409,X21Z,
980158157,CONCEPT FOUNDATION,% MARTA FERNANDEZ SUAREZ,KLONGLUANG PATHUMTHANI KLONG 1 1212,THAILAND,,00000-0000,0000,03,3,1000,199701,2,15,179564911,1,01,202509,6,6,01,0,09,3914351,4962447,4962447,Q200,
980158641,JAZZ ASSURANCE COMPANY,,GRAND CAYMAN KY1-1203,CAYMAN ISLANDS,,00000-0000,0000,15,3,1000,199912,2,00,000000000,1,01,,6,4,00,0,12,,,,Z99,
980158695,INTERNATIONAL COMMUNITY CHURCH INC,% EDWARD HESS,"CHERTSEY,SURREY,KT17,1HQ 8AP",UNITED KINGDOM,,00000-0000,0000,03,3,1200,199610,1,10,001000000,1,01,,0,0,06,0,08,,,,X21Z,
980158792,UNIVERSITY HEALTH NETWORK FOUNDATION US INC,% TENNYS HANSON,TORONTO ONTARIO M5G 2C4,CANADA,,00000-0000,0000,03,3,1000,199603,4,17,927559000,1,01,202503,1,0,02,0,03,1,0,0,E22J,
980159060,CAB INTERNATIONAL,% DR DANIEL ELGER,WALLINGFORD OXFORDSHIRE OX10 8DE,UNITED KINGDOM,,00000-0000,0000,04,3,1000,199705,2,00,199000000,5,01,202412,8,9,01,0,12,37076168,55334000,55334000,,
980159507,SOUTH PACIFIC BAPTIST ASSOCIATION,% ELISE TAFAO,PO BOX 3207,PAGO PAGO,AS,96799-3207,1606,03,9,7000,196311,1,10,036000000,5,01,,0,0,06,0,12,,,,,
980160621,NEW ZEALAND ANGLICAN CHURCH PENSION BOARD,,WELLINGTON WELLINGTON 6144,NEW ZEALAND,,00000-0000,0000,03,3,1000,199610,2,17,268922000,1,01,202503,9,8,01,0,03,90257315,11013019,11013019,Y30Z,
980161264,L ARCHE DAYBREAK FOUNDATION U S,% BRENDA BOOTH CPA CA,RICHMOND HILL ONTARIO L4S1L1,CANADA,,00000-0000,0000,03,3,1000,199611,4,17,602000000,1,01,202503,7,5,01,0,03,5130305,511740,324745,T20Z,
980163869,TORONTO AIRPORT CHRISTIAN FELLOWSHIP USA INC,,ETOBICOKE ONTARIO CA M9W 6M3,CANADA,,00000-0000,0000,03,3,7000,202112,1,16,007000000,1,01,202512,0,0,02,0,12,0,0,0,X20Z,
980164389,LARCHE DAYBREAK,% BRENDA BOOTH CPA CA,RICHMOND HILL ONTARIO L4S1L1,CANADA,,00000-0000,0000,03,3,1000,199611,4,15,000000000,1,01,202503,7,7,01,0,03,9866694,6728915,6591986,P80Z,
980169222,MALAGASY FOUNDATION IN ENVIRONMENT TANY MEVA,% LAURENT RASOLOFONIRINA,ANTANANARIVO 105,MADAGASCAR,,00000-0000,0000,03,3,1000,199712,2,15,994911000,1,01,202412,8,6,01,0,12,21542705,4394347,4394347,C20,
980169910,AISG INC,% RACHEL TANG,YUEXIU DISTRICT GUANGZHOU 510105,CHINA,,00000-0000,0000,03,3,2000,199902,2,11,000000000,1,01,202506,9,8,01,0,06,109375997,36094960,36094960,Q300,
980171203,BABAJIS KRIYA YOGA ORDER OF ACHARYAS USA INC,,EASTMAN QUEBEC J0E 1P0,CANADA,,00000-0000,0000,03,3,1000,199807,4,15,995003000,1,01,202412,4,3,01,0,12,152842,77820,77820,B80,
980175425,JEWISH COMMUNITY OF OTTAWA DEVELOPMENT FOUNDATION,,OTTAWA ONTARIO ON K2A 1R9,CANADA,,00000-0000,0000,03,3,1000,199712,4,15,994600000,1,01,202512,6,6,01,0,12,4840336,1331484,758805,T31,
980175797,BIRDLIFE INTERNATIONAL,,CAMBRIDGE CAMBRIDGESHIRE CB2 3QZ,UNITED KINGDOM,,00000-0000,0000,03,3,2000,199811,2,15,350000000,1,01,202412,9,8,01,0,12,51151829,41346012,41292150,D32Z,
980179162,OSAN MIDDLE HIGH SCHOOL PARENT TEAC HER STUDENT ORGANIZATION,,UNIT 2037,APO,AP,96278-2037,0000,03,3,1200,202603,1,15,000000000,5,01,,0,0,02,0,12,,,,B94,
980179585,GEO PRODUCTS INSURANCE CO LTD,% JHT LAW SUITE 2,CHARLESTOWN FEDERATION OF ST KI,ST KITTS & NEVIS,,00000-0000,0000,15,3,1000,199909,2,00,000000000,1,01,,6,4,00,0,12,,,,Z99,
980183325,HOSPITAL FOR SICK CHILDREN FOUNDATION,,TORONTO ONTARIO M5G 2L3,CANADA,,00000-0000,0000,03,3,1000,199805,4,15,151000000,1,01,202503,9,9,01,0,03,1659486206,852651472,405635408,P34Z,
980183709,FEDERATION CJA,% PABLO FABRYKANT,MONTREAL QUEBEC H3W 1M6,CANADA,,00000-0000,0000,03,3,1000,199809,4,15,029000000,1,01,202503,9,8,01,0,03,89906977,48612502,48612502,T30Z,
980187154,LOTTE AND JOHN HECHT MEMORIAL FOUNDATION,,VANCOUVER BC V6C 1Z7,CANADA,,00000-0000,0000,03,3,1000,199808,4,04,911000000,1,01,202512,3,1,00,1,12,78973,5000,,T20,
980188497,NATASHA FOUNDATION,% LAURA MULLIGAN,HAMILTON HM 11,BERMUDA,,00000-0000,0000,04,3,1000,199811,2,00,911000000,1,01,202412,9,8,01,0,12,436708545,38031102,38031102,,
980197116,JEWISH COMMUNITY CENTRE OF GREATER VANCOUVER,% ELDAD GOLDFARB,VANCOUVER BRITISH COLUMBIA V5Z 3W6,CANADA,,00000-0000,0000,03,3,1000,199904,4,16,000000000,5,01,202508,8,7,01,0,08,41209769,8398904,8001442,P28,
980198362,NAPLES TIGER SHARKS SWIM TEAM,% PETER CUTLER,PSC 808 BOX 885,FPO,AE,09618-0009,0000,03,3,1000,202602,1,16,000000000,5,01,202603,1,3,01,0,03,4246,93692,76031,N67,
980203027,WORLD WILDLIFE FUND CANADA,% MEGAN LESLIE,TORONTO ONTARIO M5V 1S8,CANADA,,00000-0000,0000,03,3,1200,199907,4,15,000000000,1,01,202506,8,8,01,0,06,21755726,28518653,28284113,C99,
980206430,JIM BOYD FOUNDATION,% JIM BOYD,PSC 517 BOX 2000R,FPO,AP,96517-0021,0000,04,3,3000,200201,2,00,000000000,1,01,202512,0,0,02,0,12,0,0,0,Q99,
980207096,CALGARY ACADEMY,% DR GREG ALEXANDER BASS,CALGARY ALBERTA T3H 0R3,CANADA,,00000-0000,0000,03,3,2000,200107,4,15,000000000,1,01,202508,0,0,02,0,08,0,0,0,B28,
980209720,UNIVERSAL APOSTOLIC CHURCH INC,% HENRI STEFFEN,L-7258 HELMSANGE,LUXENBOURG,,00000-0000,0000,03,3,7000,199911,2,10,000000000,1,01,,0,0,06,0,04,,,,X99,
980210704,MOUNT SINAI HOSPITAL FOUNDATION,,COTE SAINT LUC QUEBEC H4W 1S7,CANADA,,00000-0000,0000,03,3,1000,200001,4,15,000000000,1,01,202412,0,0,02,0,12,0,0,0,H12,
980210979,NAVAL OFFICERS SPOUSES CLUB OF OKINAWA,,PSC 480 BOX 714,FPO,AP,96370-0008,0000,04,3,3000,200008,2,00,000000000,5,01,202506,4,4,01,0,06,267533,354578,326729,T12,
980211642,ARAB FUND FOR ECONOMIC AND SOCIAL DEVELOPMENT,% MOHAMMED JALLAD,KUWAIT CITY,KUWAIT,,00000-0000,0000,04,3,1000,200205,2,00,000000000,1,01,202412,9,9,01,0,12,13785447168,420366824,420366824,Z99,
980212019,SEASPRAY INSURANCE LTD,,ROAD TOWN TORTOLA,BRITISH VIRGIN ISLANDS,,00000-0000,0000,15,3,1000,200002,2,00,000000000,1,01,,6,5,00,0,12,,,,Z99,
980213387,GUAM KOREAN BUDDHIST TEMPLE,,PO BOX 24471,BARRIGADA,GU,96921-4471,0000,03,3,7000,201111,1,10,000000000,1,01,,0,0,06,0,12,,,,X50,
980213458,PRINCESS ALICE HOSPICE,,ESHER SURREY KT10 8NA,UNITED KINGDOM,,00000-0000,0000,03,3,1000,200004,2,15,000000000,1,01,202403,0,0,02,0,03,0,0,0,E86,
980214323,KADENA OFFICERS SPOUSES CLUB,% HANNAH SCHAFFER,18 SVS/SVBO UNIT 5135 BOX 10,APO,AP,96368-5135,0000,04,3,1000,200207,2,00,000000000,1,01,202505,4,4,01,0,05,304320,432104,301927,S80,
980223700,ARNN ELEMENTARY SCHOOL PARENT TEACHER ORGANZATION,,SAGAMIHARA DHA,APO,AP,96338-0000,0000,03,3,1200,201711,1,16,000000000,5,01,202306,0,0,02,0,06,0,0,0,B94,
980224048,SHAWNIGAN LAKE SCHOOL FOUNDATION,% NICOLA OLDFIELD,SHAWNIGAN LAKE BC V0R 2W1,CANADA,,00000-0000,0000,03,3,1000,200011,4,15,000000000,1,01,202406,9,8,01,0,06,106462321,16623786,16623786,B110,BRITISH COLUMBIA VOR 2W1
980224967,SARAH HERZOG MEMORIAL HOSPITAL,% DR YEHEZKEL CAINE,JERUSALEM 91035,ISRAEL,,00000-0000,0000,03,3,1000,200102,2,12,000000000,5,01,202412,9,9,01,0,12,260045158,86850370,86850370,E22,
980227149,AMERICAN WELFARE AND WORKS ASSOCIATION,% SASHA RENTFRO,UNIT 39020 BOX 5,APO,AP,96378-2000,0000,03,3,1000,200106,1,15,000000000,1,01,202405,2,3,01,0,05,10180,97211,97211,T20,
980230221,THE SULLIVANS PARENT-TEACHERS ORGANIZATION,% STEFANIE ARTHUR,PSC 473 BOX 4279,FPO,AP,96349-0043,0000,03,3,1200,200104,1,15,000000000,5,01,202406,2,3,01,0,06,10857,60271,46724,B94,
980230398,MISAWA MILITARY RETIREES ASSOCIATION,% DAVID J BARTON,APO AP 96319,JAPAN,,00000-0000,0000,19,3,1000,200102,1,00,000000000,1,01,202512,0,0,02,0,12,0,0,0,W30,
980231743,NORTH ISLAND OFFICERS SPOUSES CLUB,% SONYA LEONG,OPC 559 BOX 80,FPO,AP,96377-0000,0000,03,3,1000,201409,1,15,000000000,5,01,202606,0,0,02,0,06,0,0,0,P40,
980233371,HAIGAZIAN UNIVERSITY INC,% YERVANT-SHAHAN H BABIKIAN,BEIRUT 11072090,LEBANON,,00000-0000,0000,03,3,2000,200106,1,11,000000000,1,01,202508,7,7,01,0,08,7515325,8231781,8231781,B40,
980234611,DEVONSHIRE PROPERTY & CASUALTY INSURANCE CORPORATION,% BELMONT INSURANCE MANAGEMENT LT,THE VALLEY-ANGUILA-BRITISH WEST IND,ANGUILLA,,00000-0000,0000,15,3,1000,000000,0,00,000000000,1,01,,4,4,00,0,12,,,,Y23,
980335263,GATES CAMBRIDGE TR,% DR JADE TRAN,CAMBRIDGE CB21RX,UNITED KINGDOM,,00000-0000,0000,03,3,1000,200105,2,17,000000000,2,01,202507,9,8,01,0,07,479996000,18131000,18131000,Z99,MEAD TIMOTHY MD TTEE
980335924,EUSTON PROPERTY & CASUALTY INSURANCE CORPORATION,% BELMONT INSURANCE MANAGEMENT,THE VALLEY BRITISH WEST INDIES,ANGUILLA,,00000-0000,0000,15,3,1000,200110,2,00,000000000,1,01,,6,4,00,0,12,,,,Z99,
980338800,KATORIKKU IEZUSU KAI,% ARTURO MARTIN,TOKYO 102-0083,JAPAN,,00000-0000,0000,03,3,7000,200905,2,10,000000000,1,01,,0,0,06,0,03,,,,X22,
980341969,UNITED ISRAEL APPEAL OF CANADA INC,% AVI BARKIN,TORONTO ONTARIO M2R 3V3,CANADA,,00000-0000,0000,03,3,1000,200105,4,15,000000000,1,01,202412,9,9,01,0,12,95390748,65256677,65256677,T20,
980346507,OKINAWA ENLISTED SPOUSES CLUB,% KADENA ENLISTED SPOUSES CLUB,18 FSS UNIT 5134 BLDG 859,APO,AP,96368-0000,0000,03,3,1000,201505,1,16,000000000,5,01,202506,3,4,01,0,06,63199,211166,211166,P29,
980349699,ORGANIX FOUNDATION INC,% CHERYL HOOPER,MONTREL QC H2Y 1H5,CANADA,,00000-0000,0000,03,3,1000,200110,4,04,000000000,1,01,202512,6,4,00,1,12,1494396,258561,,T30,
980354404,ST MICHAELS UNIVERSITY SCHOOL SOCIETY,% ALAN J SCOTT,VICTORIA BC V8P 4P5,CANADA,,00000-0000,0000,03,3,2000,200212,4,11,000000000,1,01,202306,9,8,01,0,06,72943389,37401227,37044334,B252,
980357417,ZAMA COMMUNITY SPOUSES ASSOCIATION,,PSC 705 BOX 22,APO,AP,96338-0001,0000,03,3,1200,201702,1,16,000000000,5,01,202605,0,0,02,0,05,0,0,0,S80,
980362884,FIGO CHARITABLE FOUNDATION,% VEDDER PRICE KAUFMAN & KAMMHOLZ,LONDON SE18ST,UNITED KINGDOM,,00000-0000,0000,03,3,1000,201201,1,04,000000000,1,01,202412,1,1,00,1,12,1,1,,T31,
980363136,PROFESSIONAL HOCKEY PLAYERS ASSOCIATION HEALTH & WELFARE BENEF,% PROFESSIONAL HOCKEY PLAYERS,NIAGARA FALLS ONTARIO L2J 2K9,CANADA,,00000-0000,0000,09,3,1000,200309,2,00,000000000,1,01,202509,6,6,01,0,09,1613408,2051085,2051085,Y43,TRUST-ECHL
980367731,MERMAID THEATRE OF NOVA SCOTIA,% DANIEL EVERSON,WINDSOR NOVA SCOTIA B0N 2T0,CANADA,,00000-0000,0000,03,3,1000,201508,4,15,000000000,1,01,202506,6,6,01,0,06,2766490,1086278,1086278,A60,
980370665,ALLIED SPOUSES OF GEILENKIRCHEN,,PSC 7 BOX 615,APO,AE,09104-0007,0000,03,3,1000,202508,1,15,000000000,5,01,,0,0,02,0,05,,,,P20,
980371530,BIBLE LIFE MINISTRIES INC,% AURELE FOURNIEIZ,475 DE LEGLISE,ST ANDRE NB NEW BRUN,,00000-0000,0000,03,3,7000,200210,2,10,000000000,1,01,,0,0,06,0,12,,,,X20,
980379818,KEBZEH FOUNDATION,% GREGORY CAMP,PO BOX 23061 V1T 9L8,VERNON,,00000-0000,0000,03,3,7000,200301,4,10,000000000,1,01,,0,0,06,0,12,,,,X21,
980380092,GLOBAL FUND TO FIGHT AIDS TUBERCULOSIS AND MALARIA,% JAMES M KULIKOWSKI,CH GENEVA,SWITZERLAND,,00000-0000,0000,03,3,1000,200211,1,15,000000000,1,01,202412,9,9,01,0,12,7507202758,3542069209,3542069209,H81,
980380597,COAST FOUNDATION SOCIETY 1974,% TOM GILL,VANCOUVER BC V5T2C4,CANADA,,00000-0000,0000,03,3,1000,200301,2,15,000000000,1,01,,0,0,14,0,03,,,,L22,
980384135,THE TEMAGAMI COMMUNITY FOUNDATION,% SARAH-JANE PEARCE,TEMAGAMI ONTARIO P0H 2H0,CANADA,,00000-0000,0000,03,3,1000,200303,4,15,000000000,1,01,202412,5,4,01,0,12,808377,249158,249158,T31,
980391928,TEL AVIV UNIVERSITY,% NERI AZOGUI FINANCE DEPT,TEL AVIV 6139001,ISRAEL,,00000-0000,0000,03,3,2000,200609,2,11,000000000,5,01,202509,9,9,01,0,09,2861989000,970862000,970862000,B42,
980392349,LUTHERAN GARDENS APARTMENTS INC,% CHRIS E FINCH,516B HOSPITAL ST,FREDERIKSTED,VI,00840-3824,0000,03,3,1000,200307,1,15,000000000,1,01,202409,6,4,01,0,09,1149328,234698,234698,L22,
980398994,EARTHWORKS PROPERTY & CASUALTY INSURANCE CORPORATION,% 0ATLAS INSURANCE MANAGEMENT LTD,THE VALLEY,ANGUILLA,,00000-0000,0000,15,3,1000,200705,2,00,000000000,1,01,,0,0,00,0,12,,,,Y23,
980401641,EL BUEN SAMARITANO AD,% LUIS E RODRIGUEZ ROMAN,PO BOX 30000 PMB 8022,SABANA HOYOS,PR,00688-3000,1678,03,9,7000,196408,1,10,001002029,5,01,,0,0,06,0,12,,,,,
980404212,MAKEWAY FOUNDATION,% ZAHRA LAARIF,VANCOUVER BC V6B 5A6,CANADA,,00000-0000,0000,03,3,1000,200310,4,15,000000000,1,01,202503,9,8,01,0,03,71542511,37510898,37510898,P20,
980404435,GLOBAL ALLIANCE FOR IMPROVED NUTRITION,% EDWARD ATKINSON CFO,CH GENEVA,SWITZERLAND,,00000-0000,0000,03,3,1200,200501,2,15,000000000,1,01,202506,8,9,01,0,06,32878773,57097449,54862721,K40,
980405326,TORONTO FARSI SCHOOL,,NORTH YORK ONTARIO M2M 3S9,CANADA,,00000-0000,0000,03,3,1000,201308,1,15,000000000,1,01,202508,0,0,02,0,08,0,0,0,B90,
980407051,4D ART LEMIEUX PILON INC,,MONTREAL QUEBEC H2W2L5,CANADA,,00000-0000,0000,04,3,3000,200709,2,00,000000000,1,01,202305,0,0,02,0,05,0,0,0,A60,
980407553,FOUNDATION FOR INNOVATIVE NEW DIAGNOSTICS FIND,% NORMA TORRES COO,GRANDSACONNEX,SWITZERLAND,,00000-0000,0000,03,3,2100,200310,1,15,000000000,1,01,202412,9,8,01,0,12,51274531,49306331,49306331,H80,
980408652,NATIONAL ARTS CENTRE CORPORATION,% PATRICK GIRARD,OTTAWA ON K1P 5W1,CANADA,,00000-0000,0000,03,3,1000,200403,4,15,000000000,1,01,202508,9,9,01,0,08,167637100,83707425,83707425,A60,
980413360,WEIZMANN INSTITUTE OF SCIENCE,% TAMIR KADISHI,REHOVOT 7610001,ISRAEL,,00000-0000,0000,03,3,1000,200411,2,15,000000000,1,01,202509,9,9,01,0,09,5874335000,891074542,891074542,U500,
980415977,FRIENDS OF TEEN RANCH FOUNDATION INC,,CALEDON ON L7K 1X1,CANADA,,00000-0000,0000,03,3,1000,200501,4,15,000000000,1,01,202512,3,1,02,0,12,34044,7000,7000,P99,
980417559,BONNY LEA CHARITABLE FOUNDATION,% JOANNE DELONG,CHESTER NOVA SCOTIA B0J1J0,CANADA,,00000-0000,0000,03,3,1000,200506,4,15,000000000,1,01,202412,6,4,01,0,12,1662771,294876,294876,T22,
980423726,GREEN THUMB PLAYERS SOCIETY,% NADINE CAREW,VANCOUVER BRITISH COLUMBIA V5R 0B6,CANADA,,00000-0000,0000,03,3,1000,200607,4,15,000000000,1,01,202506,5,5,01,0,06,968377,810241,810241,,GREEN THUMB THEATRE FOR YOUNG PEOPL
980428633,UNITED BIBLE SOCIETIES ASSOCIATION INC,% STONEHILL GREEN WESTLEA,SWINDON WILTSHIRE SN5 7PJ,UNITED KINGDOM,,00000-0000,0000,03,3,7200,200610,2,15,000000000,1,01,202412,9,9,01,0,12,117550186,53014127,46354884,X83,
980434574,CANADIAN TOURISM COMMISSION,,OTTAWA ONTARIO CANADA K1P 6L5,ONTARIO CANADA,,00000-0000,0000,06,3,2000,200608,2,00,000000000,1,01,,0,0,14,0,12,,,,S41,
980436038,UNITED CHRISTIAN CHURCH OF CARACAS INC,% CHARLIE PRIDMORE,AVENIDA ARBOLEDA EL BOSQUE,CARACAS,,00000-0000,0000,03,3,7000,200509,2,10,000000000,1,01,,0,0,06,0,12,,,,X22,
980437807,VETERANS OF FOREIGN WARS OF THE UNITED STATES,% POST QUARTERMASTER,PSC 705 BOX 52,APO,AP,96338-0001,0000,19,3,1000,201712,1,00,000000000,5,01,202506,0,0,02,0,06,0,0,0,W30,VFW POST 9612
980439803,WELLSPRING FOUNDATION FOR EDUCATION,,LANGLEY BC V1M 2M3,CANADA,,00000-0000,0000,03,3,1000,201408,4,15,000000000,1,01,202412,5,6,01,0,12,705921,1474843,1455430,Q33,
980440748,COMMUNITY LIVING WINDSOR,% XAVIER NOORDERMEER,WINDSOR ON N8S3L2,CANADA,,00000-0000,0000,03,3,1000,200506,4,15,000000000,1,01,202603,0,0,02,0,03,0,0,0,P80,
980444604,NORTHERN MARIANA ISLANDS VOLLEYBALL ASSOCIATION NMIVA,% MIKE PAI,PO BOX 501267,SAIPAN,MP,96950-1267,0000,03,3,1000,201507,1,15,000000000,1,01,202512,0,0,02,0,12,0,0,0,N60,
980447843,IMMANUEL MISSION METHODIST CHURCH INC,,PO BOX 503071,SAIPAN,MP,96950-3071,0000,03,3,7000,202501,1,10,000000000,1,01,,0,0,06,0,11,,,,X21,
980449807,THE OTTAWA HEART INSTITUTION FOUNDATION,% LINDSAY HARRINGTON,OTTAWA ON K1Y 4W7,CANADA,,00000-0000,0000,03,3,1000,201307,4,15,000000000,1,01,202603,0,0,02,0,03,0,0,0,E112,
980450012,FOCUS ON JESUS INC,% VERNON L FOWLER,CMR 490 BOX 2018,APO,AE,09708-0000,0000,03,3,7000,200605,1,10,000000000,1,01,,0,0,06,0,12,,,,X20,
980450094,NOVA SCOTIA NATURE TRUST,% BONNIE SUTHERLAND,DARTMOUTH NOVA SCOTIA B2Y 1M1,CANADA,,00000-0000,0000,03,3,1000,200604,4,15,000000000,1,01,202503,9,8,01,0,03,55885872,13181388,13181388,C34,
980450629,JDB CHARITABLE FOUNDATION,% ASHER BISTRICER,TORONTO ONTARIO M5H 4E,CANADA,,00000-0000,0000,03,3,1000,200601,4,04,000000000,1,01,202512,6,7,00,1,12,3674403,8774295,,T22,
980454111,OTTAWA HOSPITAL RESEARCH INSTITUTE,% ROBERT HANLON,OTTAWA ON K1H 8L6,CANADA,,00000-0000,0000,03,3,1200,200603,4,15,000000000,1,01,202503,9,9,01,0,03,160913354,107786297,107786297,E05,
980459537,AFRICAN AGRICULTURAL TECHNOLOGY FOUNDATION,% PETER MUGAMBI,NAIROBI,KENYA,,00000-0000,0000,03,3,1000,200604,2,15,000000000,1,01,202412,8,8,01,0,12,25599543,16406182,16406182,Q31,
980465529,SIR MORTIMER B DAVIS JEWISH GENERAL HOSPITAL FOUNDATION,% ANNIE VUONG,MONTREAL QC H3T 1E2,CANADA,,00000-0000,0000,03,3,1000,201910,4,15,000000000,2,01,202503,9,9,01,0,03,233530420,56578186,55458598,T11,
980470539,MARINE STEWARDSHIP COUNCIL,% RUPERT HOWES,LONDON EUROPE EC1A 12DH,UNITED KINGDOM,,00000-0000,0000,03,3,2000,200611,2,15,000000000,1,01,202503,9,8,01,0,03,61023854,35073707,35073707,C32,
980483109,HONG KONG INTERNATIONAL SCHOOL ASSOCIATION LIMITED,% KEVIN DUNNING,TAI TAM 00000-0000,HONG KONG,,00000-0000,0000,03,3,2000,200711,2,11,000000000,1,01,202507,9,9,01,0,07,706091792,137537786,137537786,B24,
980489121,HANS AND EUGENIA JUETTING FOUNDATION,% MARCIA G MEHL,ANHALT 39576,GERMANY,,00000-0000,0000,03,3,1000,200709,0,04,000000000,5,01,202412,8,5,00,1,12,21959803,651659,,B82,
980490511,FRIENDS OF CANADAS NATIONAL BALLET SCHOOL,% ANNE-MARIE JARMAN,TORONTO ONTARIO M4Y 2G6,CANADA,,00000-0000,0000,03,3,1000,200605,4,15,000000000,1,01,202508,4,3,01,0,08,219681,84936,84936,T30,
980493088,GLOBAL WITNESS,% CHARMIAN GOOCH,LONDON E2 9DA,UNITED KINGDOM,,00000-0000,0000,03,3,2000,200705,2,15,000000000,1,01,202412,8,8,01,0,12,15479189,19868805,19868805,Q20,
980499147,BRANKSOME HALL FOUNDATION,% ROHINI SENATHIRASA,TORONTO ONTARIO M4W 1N4,CANADA,,00000-0000,0000,04,3,1000,200705,2,00,000000000,1,01,202506,8,6,01,0,06,20565600,2350857,2350857,P20,
980506122,SAIPAN MUSLIM COMMUNITY,% SALIM M REZA,PO BOX 504639,SAIPAN,MP,96950-4306,0000,03,3,7000,201804,1,10,000000000,1,01,,0,0,06,0,12,,,,X40,
980506316,GSM MOU ASSOCIATION,% OONAGH STEIN,LONDON ENGLAND EC4R 3AB,UNITED KINGDOM,,00000-0000,0000,06,3,2000,200701,2,00,000000000,5,01,202512,9,9,01,0,12,98876146,140769578,140769578,S41,GSM ASSOCIATION
980509143,ST JOSEPHS HEALTHCARE FOUNDATION HAMILTON,% AMY HONEYCHURCH,HAMILTON ON L8P 3A9,CANADA,,00000-0000,0000,03,3,1000,202212,4,04,000000000,1,01,202503,8,8,00,1,03,43057885,13600167,,Q11,
980509997,INTEGRATED RURAL DEVELOPMENT TRUST,% INTEGRATED RURAL DEVELOPMENT TRUS,CHICKBALLAPUR 562104,INDIA,,00000-0000,0000,03,3,1000,201412,2,15,000000000,2,01,202503,3,1,02,0,03,72726,435,435,Q30,
980511466,THE ORDER OF SAINT ANDREW INC,% REV THOMAS DORWARD OSA,WESTPORT K0G 1X0 ONTARIO,CANADA,,00000-0000,8289,03,9,1000,199710,1,10,001000000,1,01,,0,0,06,0,12,,,,,ST ANDREWS ANGLICAN CHRCH BY RIDEAU
980514129,MIFALEI ZICHRON MENACHEN JERUSALEM FOR MEDICINE & BENEVOLENCE,% JULIUS KLEIN,JERUSALEM MIDDLE EAST 9116301,ISRAEL,,00000-0000,0000,03,3,1200,200802,2,15,000000000,1,01,202412,7,6,01,0,12,5142638,3730418,3730418,E60,
980514769,ATLANTIC DISTRICT OF THE WESLEYAN CHURCH,% REV PETER MOORE,NEW BRUNSWICK E1G 1A9,CANADA,,00000-0000,2079,03,9,7200,197005,1,10,601030000,5,01,,0,0,06,0,12,,,,,
980515097,CARING FOR LIFE,% ANTHONY PETER PARKINSON,LEEDS WEST YORKSHIRE LS16 7NH,UNITED KINGDOM,,00000-0000,0000,03,3,1000,200710,2,15,000000000,2,01,202401,0,0,02,0,01,0,0,0,L24,
980516778,CONSTRUCTION CASUALTY CORP,,THE VALLEY,ANGUILLA,,00000-0000,0000,15,3,1000,200711,2,00,000000000,1,01,,5,5,00,0,12,,,,Y23,
980524980,UNIVERSITY OF READING,% ROBERT VAN DE NOORT,WHITEKNIGHTS READING RG6 6UR,UNITED KINGDOM,,00000-0000,0000,03,3,2000,202407,2,11,000000000,1,01,202507,9,9,01,0,07,1029430071,435839214,427045671,B40,
980531371,INTERNATIONAL INSTITUTE OF BUSINESS ANALYSIS,% PAULA PERGANTIS,NORTH YORK ONTARIO M9N 2A6,CANADA,,00000-0000,0000,06,3,2000,200804,2,00,000000000,1,01,202412,6,7,01,0,12,2675903,8115664,8115664,S41,
980534416,AMERICAN FRIENDS OF SINGAPORE MANAGEMENT UNIVERSITY INC,% MOORE STEPHENS TILLER LLC,SINGAPORE 188065,SINGAPORE,,00000-0000,0000,03,3,1200,200803,1,15,000000000,1,01,202412,4,4,01,0,12,117888,126541,126541,B11,
980537324,ACADIA UNIVERSITY US FOUNDATION NOVA SCOTIA,% JOHN MACFARLANE,WOLFVILLE NOVA SCOTIA B4P 2R6,CANADA,,00000-0000,0000,03,3,1000,201403,1,15,000000000,1,01,202503,2,3,01,0,03,11810,83881,83881,B11,
980537572,THE J C ANDERSON FAMILY FOUNDATION,% MICHELLE KASPER,CALGARY AB T2P1C9,CANADA,,00000-0000,0000,03,3,1000,200803,4,04,000000000,1,01,202412,8,6,00,1,12,10405203,1135425,,T22,
980541643,NEW LINKS USA,% KENNETH WOOD,ST ANDREWS ST ANDREWS KY16 9UA,UNITED KINGDOM,,00000-0000,0000,03,3,1000,200712,2,04,000000000,1,01,202512,1,2,00,1,12,9785,13004,,N6A0,
980543843,THE MASTERCARD FOUNDATION,% DOUGLAS KASAMBALA,TORONTO ON M5B2L7,CANADA,,00000-0000,0000,04,3,3000,201004,2,00,000000000,1,01,202412,9,9,01,0,12,50320893084,20949190099,6513121957,Q32,
980549367,LIONS ROAR FOUNDATION,% ANDY KASS,HALIFAX NORTH AMERICA B3K 4T9,CANADA,,00000-0000,0000,03,3,1700,200712,4,16,000000000,1,01,202412,5,6,01,0,12,531595,2432393,1501530,X50,
980567045,LIVING OCEANS SOCIETY,,WEST VANCOUVER BRITISH COLUMBIA V7T,CANADA,,00000-0000,0000,03,3,1000,200912,1,15,000000000,1,01,202512,3,4,01,0,12,90960,297289,297289,C30,
980570141,THE HEALTH FOUNDATION,,LONDON EC4Y 8AP,UNITED KINGDOM,,00000-0000,0000,04,3,3000,201405,2,00,000000000,1,01,202412,9,9,01,0,12,1566954138,385228955,92222104,E60,
980571483,NOVO HOLDINGS A-S,,HELLERUP 2900,DENMARK,,00000-0000,0000,04,3,3000,202505,2,00,000000000,1,01,202412,9,9,01,0,12,36173313408,297035364216,3542774981,T99,
980578458,KNIGHTS OF COLUMBUS BISHOP JOHN J KAISING COUNCIL 14223,,PSC 400 BOX 5921,APO,AP,96273-0060,0000,08,3,1000,202505,1,00,036029265,5,01,,0,0,01,0,12,,,,Y41,
980581318,FREELAND FOUNDATION,% STEVEN GALSTER,SAMSEN NAI BANGKOK PHAYA THAI BANG,THAILAND,,00000-0000,0000,03,3,1200,200903,2,15,000000000,1,01,202412,5,6,01,0,12,536425,2186236,2186236,D30,
980584522,LOYALIST COLLEGE OF APPLIED ARTS AND TECHNOLOGY,% MARK KIRKPATRICK,BELLEVILLE ON - ONTARIO K8N 5B9,CANADA,,00000-0000,0000,03,3,2100,201401,2,11,000000000,1,01,202403,9,9,01,0,03,139212055,129689932,129689932,B30,
980589812,BEN-GURION UNIVERSITY OF THE NEGEV,% FINANCE DIVISION,BEER SHEVA,ISRAEL,,00000-0000,0000,03,3,2100,201001,4,11,000000000,5,01,201209,0,0,14,0,09,,,,B43,
980590804,STICHTING TUBERCULOSIS VACCINE INITIATIVE,% ANNE MEINEMA,LELYSTAD FLEVOLAND 8219 PK,NETHERLANDS,,00000-0000,0000,03,3,2000,200911,2,15,000000000,1,01,202512,6,6,01,0,12,3198927,1098057,1098057,H124,TBVI
980594983,D S R F DOWN SYNDROME RESEARCH FOUNDATION,,BURNABY BRITISH COLUMBIA V5B 4J8,CANADA,,00000-0000,0000,03,3,8000,200904,4,15,000000000,1,01,202512,0,0,02,0,12,0,0,0,H25,
980599690,BATH FITTER FOUNDATION INC,% MARTIN DESLAURIERS,ST EUSTACHE QUEBEC J7R 5R5,CANADA,,00000-0000,0000,03,3,1000,200902,1,15,000000000,1,01,202509,0,0,02,0,09,0,0,0,T30,
980606302,REALDANIA,% HENRIK STAGE,COPENHAGEN DA 1551,DENMARK,,00000-0000,0000,04,3,3000,202304,2,00,000000000,5,01,202412,9,9,01,0,12,4643300000,314700000,314700000,S20,
980628334,RAVEN RESPECTING ABORIGINAL VALUES AND ENVIRONMENTAL NEEDS,,VICTORIA BC V8W 1J6,CANADA,,00000-0000,0000,03,3,1000,201405,4,15,000000000,1,01,202412,6,6,01,0,12,3665099,2572821,2379771,C30,
980638414,COUNCIL FOR ADVANCEMENT AND SUPPORT OF EDUCATION-ASIA PACIFIC,,SINGAPORE,SINGAPORE,,00000-0000,0000,03,3,2000,201005,2,15,000000000,1,01,202506,4,6,01,0,06,257421,1036545,1036545,B99,
980644703,OBAKKI FOUNDATION USA,,VANCOUVER BRITISH COLUMBIA V6J 1K2,CANADA,,00000-0000,0000,03,3,1000,201002,4,15,000000000,1,01,202504,3,3,01,0,04,39660,63888,63888,P12,
980647235,BANFF CENTRE FOUNDATION,% CHIEF FINANCIAL OFFICER,BANFF ALBERTA T1L 1H5,CANADA,,00000-0000,0000,03,3,1000,202401,4,15,000000000,1,01,202503,8,5,01,0,03,48863863,697328,697328,B116,
980654366,KILN THEATRE,% TRICYCLE THEATRE LONDON,LONDON NW6 7JR,UNITED KINGDOM,,00000-0000,0000,03,3,2000,201105,2,15,000000000,1,01,202503,0,0,02,0,03,0,0,0,A65,TRICYCLE THEATRE
980654654,UNIVERSITY OF OTTAWA,% ISABELLE BASTIEN,OTTAWA ONTARIO K1N 9B9,CANADA,,00000-0000,0000,03,3,2000,202503,4,11,000000000,1,01,202504,9,9,01,0,04,2946481624,1124805721,1124805721,B43,
980656857,STRASAL STIFTUNG,% ANGELIKA MOOSLEITHNER,LOCAL,LIECHTENSTEIN,,00000-0000,0000,03,3,1000,201011,2,04,000000000,2,01,202512,8,4,00,1,12,22544283,208930,,D11,
980660433,VICENZA COMMUNITY CLUB,,PSC 427 BOX 120,APO,AE,09630-0002,0000,03,3,1000,202009,1,16,000000000,1,01,202505,4,4,01,0,05,124789,141590,141590,S80,
980661838,IVEY BUSINESS SCHOOL FOUNDATION,% ANDREI SANDU,LONDON ONTARIO N6G 0N1,CANADA,,00000-0000,0000,03,3,2000,201912,1,21,000000000,1,01,202504,8,8,01,0,04,24736271,24491413,24491413,B12,
980670335,BLACK HEART FOUNDATION US,% RIC LEWIS TRISTAN CAP PTNRS LMTD,LONDON W1J 6DB,UNITED KINGDOM,,00000-0000,0000,03,3,2000,201105,1,15,000000000,1,01,202504,4,6,01,0,04,495510,1711282,1711282,B12,
980671580,KINGSBURG COASTAL CONSERVANCY ASSOCIATION,% BOB BUCKLEY,KINGSBURG NOVA SCOTIA B0J 2X0,CANADA,,00000-0000,0000,03,3,1000,201104,4,15,000000000,5,01,202304,0,0,02,0,04,0,0,0,C30,
980672517,ZOOCHECK CANADA INCORPORATED,,KILWORTHY ONTARIO P0E 1G0,CANADA,,00000-0000,0000,03,3,1000,201106,4,15,000000000,1,01,202412,6,6,01,0,12,3173808,3054461,3054461,D20,
980674509,WARSZAWSKI UNIWRSYTET MEDYCZNY,,WARSAW 02-091,POLAND,,00000-0000,0000,03,3,2000,201305,2,11,000000000,1,01,202412,9,9,01,0,12,631243108,160269478,163852752,B99,
980677622,CANADIAN CONSTITUTION 2005 FOUNDATION,% ADAM REVAY,CALGARY ALBERTA T2T 2E2,CANADA,,00000-0000,0000,03,3,1000,201110,4,15,000000000,1,01,202312,0,0,02,0,12,0,0,0,R20,CANADIAN CONSTITUTION FOUNDATION
980680056,THE OXFORD FUNDS,% FAY ASHWELL,OXFORD OX11HU,UNITED KINGDOM,,00000-0000,0000,03,3,1200,201106,2,21,000000000,2,01,202412,9,9,01,0,12,7515083144,432086659,432086659,Q11,
980681202,VEREIN ZUR VERANSTALTUNG UND FORDERUNG DES WILLEM C VIS INTL CO,% KNOETZL,VIENNA INNERE STADT 1010,AUSTRIA,,00000-0000,0000,03,3,2000,201209,2,16,000000000,1,01,202506,5,5,01,0,06,621286,632675,632675,B99,
980682757,CAMP QWANOES,% BOX 250,CROFTON V0R 1R0,CANADA,,00000-0000,0000,03,3,1000,201206,4,16,000000000,1,01,202510,7,6,01,0,10,5501851,4456705,4303720,B99,
980683729,LOCAL UNION 353 OF THE INTERNATIONAL BROTHERHOOD OF,% LEARCO CAPRIO,NORTH YORK ON M3A 3P8,CANADA,,00000-0000,0000,05,3,3000,201108,2,00,000000000,5,01,202506,0,0,02,0,06,0,0,0,J40,IBEW LOCAL UNION 353
980684226,JOACHIM HERZ STIFTUNG,% LANGENHORNER CHAUSSEE 384,HAMBURG,GERMANY,,00000-0000,0000,03,3,1000,202204,0,04,000000000,2,01,202412,9,9,00,1,12,2206811090,63751961,,,GREG MANA CFO
980684822,JAYS CARE FOUNDATION,% SHARI RALPH,TORONTO ONTARIO M5V 1J1,CANADA,,00000-0000,0000,03,3,1200,201112,4,15,000000000,1,01,202411,8,8,01,0,11,18110873,15577529,13334223,N63,
980701785,PRODUCT CARE ASSOCIATION,,VANCOUVER BC V5Y 3P2,CANADA,,00000-0000,0000,03,3,1000,201702,4,16,000000000,1,01,202412,9,8,01,0,12,50844865,39115213,39115213,C20,
981014817,CURTIN UNIVERSITY,% DAVID MENARRY,PERTH WESTERN AUSTRALIA 6845,AUSTRALIA,,00000-0000,0000,03,3,1200,202503,2,11,000000000,1,01,202412,9,9,01,0,12,1423863968,807436631,807436631,B43,
981017743,ROOTS OF EMPATHY USA,% MARY GORDON,TORONTO ONTARIO M5T 2Z5,CANADA,,00000-0000,0000,03,3,1000,201206,1,15,000000000,1,01,202508,5,5,01,0,08,596195,535400,535400,T30,
981021322,ROYAL COMMISSION FOR THE EXHIBITION OF 1851,,LOCAL,UNITED KINGDOM,,00000-0000,0000,92,0,1000,000000,0,00,000000000,0,12,202412,9,9,00,1,12,214484213,153162521,,,
981029763,TENNIS AUSTRALIA A LIMITED,% TENNIS AUSTRALIA LIMITED,RICHMOND VICTORIA 3121,AUSTRALIA,,00000-0000,0000,06,3,2000,201406,2,00,000000000,1,01,202509,9,9,01,0,09,269520857,475240630,469347896,N66,TENNIS AUSTRALIA
981044174,CANADIAN BUREAU FOR INTERNATIONAL EDUCATION,% ROBERT C MOULSON,OTTAWA ONTARIO K1P5Z9,CANADA,,00000-0000,0000,03,3,1000,201403,4,16,000000000,1,01,202503,0,0,02,0,03,0,0,0,B99,CBIE
981051915,MAGNETAWAN WATERSHED LAND TR,,MAGNETAWAN ON P1H 0B5,CANADA,,00000-0000,0000,03,3,2100,201412,1,15,000000000,1,01,202412,6,4,01,0,12,2162973,180142,180142,C32,
981057492,THOUSAND ISLANDS WATERSHED LAND TR,% VICKI LEAKEY,ATHENS ONTARIO K0E 1B0,CANADA,,00000-0000,0000,03,3,1000,201404,4,15,000000000,1,01,202412,6,4,01,0,12,4215041,423056,423056,C32,
981067560,UNIVERSITE LAVAL,% ERIC BAUCE,QUEBEC QUEBEC G1V 0A6,CANADA,,00000-0000,0000,03,3,1000,201407,4,11,000000000,1,01,202504,0,0,02,0,04,0,0,0,B43,
981079526,ALLIANCE COOPERATIVE INTERNATIONALE,% CHARLES GOULD,BRUSSELS BRUSSELS BE-1030,BELGIUM,,00000-0000,0000,06,3,2000,201608,2,00,000000000,1,01,202412,7,7,01,0,12,6220535,5516558,5516558,Q12,
981084156,LILY STREET FOUNDATION,,CALGARY AB T2H2V6,CANADA,,00000-0000,0000,03,3,1000,201405,4,04,000000000,1,01,202507,9,8,00,1,07,51435151,16255357,,T22,
981103828,INDEPENDENT ORDER OF FORESTERS GROUP RETURN,% KATHARINE E ROUNTHWAITE,TORONTO ONTARIO M3C1T9,CANADA,,00000-0000,1783,08,9,1000,196604,1,00,000000000,5,01,202512,6,1,03,0,12,1029561,1192,1192,,
981106015,GOLDSCHMIDT-STIFTUNG,% MR GEORG PETERS,45138 ESSEN,GERMANY,,00000-0000,0000,03,3,2100,201409,2,04,000000000,5,01,202412,5,3,00,1,12,728312,98924,,T22,
981108496,ALBA EXECUTIVE DEVELOPMENT & APPLIED RESEARCH IN BUSINESS ADMIN,% MAGDALENE GEORGIOU,ATHENS ATTICA 11528,GREECE,,00000-0000,0000,03,3,2000,201501,2,11,000000000,1,01,202506,6,6,01,0,06,4493215,2137971,2137971,B30,
981112260,INTERNATIONAL UNION OF FOREST RESEARCH ORGANIZATIONS,,VIENNA VIENNA 1030,AUSTRIA,,00000-0000,0000,03,3,1000,201409,2,15,000000000,5,01,202412,6,6,01,0,12,1779913,3587753,3587753,C34,
981132904,NEW ZEALAND FOOTBALL INC,,AUCKLAND 0752,NEW ZEALAND,,00000-0000,0000,06,3,2000,202606,2,00,000000000,5,01,,0,0,14,0,12,,,,N60,
981156450,SIGNAL HILL LIFE EDUCATION SOCIETY,% KATHLEEN WILLIAMS,LANGLEY BC V2Y0C9,CANADA,,00000-0000,0000,03,3,2000,201410,4,15,000000000,1,01,202412,4,4,01,0,12,109230,285220,282531,R28,
981157068,TUDOR TRUST,% FIONA YOUNG,W11 3BD LONDON,UNITED KINGDOM,,00000-0000,0000,03,3,1000,201507,2,04,000000000,1,01,202503,9,6,00,1,03,263195496,1965597,,T20,
981161412,SYLVIA WADDILOVE FOUNDATION UK,% GERALD EDWARD KIDD,LONDON LONDON SW1V 1PX,UNITED KINGDOM,,00000-0000,0000,03,3,1000,201606,2,03,000000000,2,01,202312,6,4,00,1,12,2919621,278214,,T20,
981161576,PALESTINIAN INTERNSHIP PROGRAM INC,% KAUFMANN,RAANANA 4366507,ISRAEL,,00000-0000,0000,03,3,2000,201410,1,15,000000000,1,01,202412,4,4,01,0,12,204709,342238,342238,J22,
981171352,LA CORPORATION DU COLLEGE DE L ASSOMPTION,% PATRICIA SAVARD,L ASSOMPTION QUEBEC J5W 1R7,CANADA,,00000-0000,0000,03,3,2000,201502,4,11,000000000,1,01,202506,0,0,02,0,06,0,0,0,B42,
981172246,STICHTING TRAVELLING ANIMAL DOCTORS,% TERRY STONE,MIDDLEBURG,NETHERLANDS,,00000-0000,0000,03,3,4000,201810,1,15,000000000,5,01,202412,0,0,02,0,12,0,0,0,D20,
981174785,MULTINATIONAL EDUCATIONAL CHARITABLE TR 1909,% AZURA AG,LOCAL,SWEDEN,,00000-0000,0000,03,3,2000,201407,2,04,000000000,2,01,202512,7,4,00,1,12,9282031,143457,,B12,
981174991,MULTINATIONAL SCHOLARS CHARITABLE TRUST 1907,% AZURA AG,LOCAL,SWEDEN,,00000-0000,0000,03,3,2000,201407,2,04,000000000,2,01,202512,7,4,00,1,12,7609036,112937,,B12,
981184500,ACADEMICS WITHOUT BORDERS,% GREG MORAN,VANCOUVER BC V6R4M9,CANADA,,00000-0000,0000,03,3,1000,201505,1,15,000000000,1,01,202412,4,4,01,0,12,420952,283432,283432,B99,AWB-USF
981197494,OPERATION ORPHAN,% BRADLEY MOORE,NOTTINGHAM NG9 6AA,UNITED KINGDOM,,00000-0000,0000,03,3,1000,201505,0,15,000000000,1,01,202602,0,0,02,0,02,0,0,0,,
981198220,NORTH AMERICAN BLACK HISTORICAL MUSEUM INCORPORATED,% WAYNE LOGAN PRESIDENT,AMHERSTBURG ON N9V 2C7,CANADA,,00000-0000,0000,03,3,2000,201507,1,15,000000000,1,01,202512,0,0,02,0,12,0,0,0,,BLACK HISTORICAL MUSEUM
981202314,INSTITUTO DE TECNOLOGIA E SOCIEDADE,,RIO DE JANEIRO 20011-901,BRAZIL,,00000-0000,0000,03,3,1000,201607,2,03,000000000,5,25,202412,6,6,00,1,12,3413008,3084188,,Q33,
981220309,KHODORKOVSKY FOUNDATION,% ALASTAIR TULLOCH,LONDON W1J 5NE,UNITED KINGDOM,,00000-0000,0000,03,3,1000,201609,2,04,000000000,1,01,202412,9,9,00,1,12,844451789,124688439,,P20,
981227060,ALPHA MINISTRIES CANADA,% SHAILA VISSER,NEW WESTMINSTER BC V3L 5M4,CANADA,,00000-0000,0000,03,3,1000,201505,1,15,000000000,1,01,202512,7,8,01,0,12,6886032,11209708,11209708,,
981228866,LA CORPORATION DU COLLEGE JEAN-DE-B REBUF,% DIRECTOR OF FINANCES,MONTREAL QC H3T 1C1,CANADA,,00000-0000,0000,03,3,1200,202507,4,11,000000000,1,01,202406,8,8,01,0,06,45411035,35014959,35014959,B03,
981233348,KEREN HIBA OF THE GREENFIELD FAMILY FOR ASSISTANCE TO OTHERS,,JERUSALEM 93224,ISRAEL,,00000-0000,0000,03,3,1700,201508,2,15,000000000,1,01,202412,7,1,02,0,12,6436668,4713,4713,T30,
981235380,PROTECTED AREAS TRUST,% SHALEEZA SHAW,GEORGETOWN GEORGETOWN GUYANA,GUYANA,,00000-0000,0000,03,3,1400,202002,2,15,000000000,1,01,202512,8,6,01,0,12,12039802,1528626,1528626,D30,
981246110,COMBAT VETERANS MOTORCYCLE ASSOCIATION KOREA INC,,PSC 3 BOX 1771,APO,AP,96266-0018,0000,03,3,1200,201605,1,15,000000000,1,01,202412,0,0,02,0,12,0,0,0,W30,
981246784,FIRST PACIFIC THEATRE SOCIETY,,VANCOUVER BC V6H 3R8,CANADA,,00000-0000,0000,03,3,1000,201610,4,15,000000000,1,01,202606,0,0,02,0,06,0,0,0,A65,
981251641,PRAIRIE CENTRE FOR CHRISTIAN EDUCATION,% GAYLE MONSMA,EDMONTON AB T6W 5G8,CANADA,,00000-0000,0000,03,3,1000,201705,4,16,000000000,1,01,202412,4,5,01,0,08,470859,505684,505684,B12,
981253233,MUSEUM KAMPA- THE JAN AND MEDA MLADEK FOUNDATION,% ANETA GEORGIEVSKA-SHINE,MALA STRANA,CZECH REPUBLIC,,00000-0000,0000,03,3,1000,201511,1,16,000000000,1,01,202412,8,6,01,0,12,14323823,2331179,1770241,A50,
981262008,STICHTING BENNINK FOUNDATION,% JAN BENNINK,1250 AC LAREN,NETHERLANDS,,00000-0000,0000,03,3,1000,201702,2,04,000000000,1,01,202412,7,6,00,1,12,7296225,1041609,,T20,
981263645,UNIVERSITY OF ONTARIO INSTITUTE OF TECHNOLOGY,% BRAD MAC ISAAC,OSHAWA ON L1H 7K4,CANADA,,00000-0000,0000,03,3,2000,201611,4,11,000000000,1,01,202503,9,9,01,0,03,380044146,198556853,197836996,B43,
981273658,AFRICAN INSTITUTE FOR DEVELOPMENT POLICY RESEARCH AND DIALOGUE,,NAIROBI 0 0800,KENYA,,00000-0000,0000,03,3,1000,201605,2,15,000000000,1,01,202412,6,7,01,0,12,3122621,9285427,9285427,Q30,
981279833,AMERICAN LEGION,,UBON UBON RATCHATHANI 34003,THAILAND,,00000-0000,0925,19,9,1000,194603,1,00,907908000,5,01,202512,0,0,02,0,12,0,0,0,A82,THO1 BRIG GEN ROBIN OLDS THAILAND
981289290,CHANGCHUB BUDDHIST CHURCH,,FALL RIVER NS B2T 1H7,CANADA,,00000-0000,0000,03,3,7000,201703,4,10,000000000,1,01,,0,0,06,0,12,,,,X50,KARMA CHANGCHUB LING KCCL
981290143,UNION ARGENTINA DE RUGBY,% CAROLA GUIMARAES,BUENOS AIRES BUE C1085,ARGENTINA,,00000-0000,0000,04,3,1000,201609,2,00,000000000,1,01,202412,9,6,01,0,12,54794779,2555531,2555531,N70,
981316013,SASAKAWA AFRICA ASSOCIATION,% SHOHEI KANEKO,MINATO KU TOKYO 1050001,JAPAN,,00000-0000,0000,03,3,1000,201611,2,15,000000000,1,01,202412,8,8,01,0,12,12623664,15851061,15851061,Q32,
981322446,CONSEJO EPISCOPAL LATINOAMERICNO CELAM,,BOGATA,COLUMBIA,,00000-0000,0000,03,3,7000,201612,2,10,000000000,5,01,,0,0,06,0,12,,,,X22,
981324087,HEALTH STRATEGY AND DELIVERY FOUNDATION,,ABUJA FTC 900271,NIGERIA,,00000-0000,0000,03,3,1000,201710,2,15,000000000,1,01,202412,6,6,01,0,12,3948301,4947896,4947896,Q33,
981337190,INTERNATIONAL CENTER FOR BIOSALINE AGRICULTURE,% LAKSIRI ABEYSEKERA,DUBAI,UNITED ARAB EMIRATES,,00000-0000,0000,03,3,1280,201712,2,15,000000000,5,01,202412,8,8,01,0,12,32309985,11127823,11127823,Q31,
981340232,TRANSPARENCY INTERNATIONAL EV,% ALESSANDRO GIANESINI,BERLIN 10559,GERMANY,,00000-0000,0000,03,3,1000,202008,2,15,000000000,1,01,202412,8,8,01,0,12,29768108,25537843,25537843,I01,
981343506,OPERATION WARMHEART,,PSC 80 BOX 21445,APO,AP,96367-0099,0000,03,3,1000,202101,1,15,000000000,5,01,202604,0,0,02,0,04,0,0,0,P60,
981358092,SAINT MARYS UNIVERSITY,% MICHELLE BENOIT,HALIFAX NOVA SCOTIA B3H 3C3,CANADA,,00000-0000,0000,03,3,2000,201809,1,11,000000000,1,01,202503,9,9,01,0,03,225935227,133410656,121844886,B43,
981401471,FOOTBRIDGE FOUNDATION,,VANCOUVER B C V6B 6C1,CANADA,,00000-0000,0000,03,3,1000,202205,1,15,000000000,2,01,202512,0,0,02,0,12,0,0,0,,
981404185,HOPE THAILAND,% DEAN WOOD,HALTON HILLS ONTARIO L7G 4S8,CANADA,,00000-0000,0000,03,3,1000,201805,4,15,000000000,1,01,202512,0,0,02,0,12,0,0,0,T30,
981407646,THE TORONTO REGION BOARD OF TRADE,,TORONTO ONTARIO M5X 1C1,CANADA,,00000-0000,0000,06,3,1000,202111,2,00,000000000,1,01,202603,0,0,02,0,03,0,0,0,S46,
981416095,VICTORIA HAND PROJECT,,VICTORIA BC V9E1C8,CANADA,,00000-0000,0000,03,3,1000,202111,1,15,000000000,1,01,202412,4,4,01,0,12,156734,206557,206557,,
981426715,OXFORD FUNDS ENDOWMENT MASTER,% FAY ASHWELL,OXFORD OX11HU,UNITED KINGDOM,,00000-0000,0000,03,3,1000,201910,2,21,000000000,1,01,202412,9,9,01,0,12,8069564158,446501545,438364978,B90,FAY ASHWELL GEN PTR
981429948,PALAZZO DUCALE FONDAZIONE PER LA CULTURA,,GENOVA GE 16123,ITALY,,00000-0000,0000,03,3,1000,201902,2,15,000000000,5,01,202512,0,0,02,0,12,0,0,0,A50,
981430259,ALPHA INTERNATIONAL,% CATHY BUTCHER,LONDON SW71JA,UNITED KINGDOM,,00000-0000,0000,03,3,1000,202208,2,15,000000000,1,01,202412,8,8,01,0,12,21698180,27064906,26590690,X20,
981437819,OKINAWA DIPLOMATS YOUTH FUTBOL CLUB,% ANGELA C BAKER,PSC 557 BOX 2186,FPO,AP,96379-0022,0000,03,3,1000,201808,1,16,000000000,5,01,202506,2,3,01,0,06,23224,55851,55851,N64,
981486630,CENTENNIAL INFANT AND CHILD CENTRE FOUNDATION,,TORONTO ONTARIO M4T 1Z8,CANADA,,00000-0000,0000,03,3,1000,202002,4,15,000000000,1,01,202503,0,0,02,0,03,0,0,0,O50,
981498832,BUDDHIST SOCIETY FOR COMPASSIONATE WISDOM-CANADA,,TORONTO ONTARIO M6C 2M1,CANADA,,00000-0000,0000,03,3,7100,201911,1,10,000000000,1,01,202412,0,0,06,0,12,,,,X50,ZEN BUDDHIST TEMPLE
981500462,FH CANADA,% MUSU TAYLOR LEWIS,ABBOTSFORD BC V2T 1L2,CANADA,,00000-0000,0000,03,3,1000,201910,4,15,000000000,1,01,202509,6,7,01,0,09,1216245,8959661,8706446,P20,FOOD FOR THE HUNGRY CANADA
981504771,NEW CENTURY CHARITABLE FOUNDATION,,VANCOUVER BRITISH COLUMBIA V7Y1B8,CANADA,,00000-0000,0000,03,3,1000,202305,1,04,000000000,1,01,202412,9,6,00,1,12,54621061,2700775,,,
981504983,PINECONE CHARITABLE FOUNDATION,% JANICE OEE,VANCOUVER BRITISH COLUMBIA V7Y 1B8,CANADA,,00000-0000,0000,03,3,1000,202301,4,04,000000000,1,01,202503,8,5,00,1,03,12128840,799644,,T20,
981505324,SHERMAN FOUNDATION,% JANICE OEE,LOCAL,CANADA,,00000-0000,0000,03,3,1000,202305,4,04,000000000,1,01,202503,4,3,00,1,03,441874,72169,,T20,
981509773,COLE HARBOUR FOUNDATION,% PAUL A GAUTHIER,STREET STE 431,CANADA,,00000-0000,0000,03,3,1200,202005,2,03,000000000,1,01,202508,4,4,00,1,08,115312,157091,,B80,
981511659,RWENZORI CENTER FOR RESEARCH AND ADVOCACY,% JOSTAS MWEBEMBEZI,UGANDA RWENZORI 256,UGANDA,,00000-0000,0000,03,3,1000,202003,1,15,000000000,1,01,202412,3,4,01,0,12,52463,134800,134800,P20,RCRA UGANDA
981515811,TRUE PATRIOT LOVE FOUNDATION,% BEENISH GAYA SHAH,TORONTO ONTARIO M5H3S5,CANADA,,00000-0000,0000,03,3,1000,202003,1,15,000000000,1,01,202512,0,0,02,0,12,0,0,0,,
981517187,DUCK POND FOUNDATION,,HAMILTON HM 11,BERMUDA,,00000-0000,0000,04,3,3000,202005,2,00,000000000,5,01,202412,9,8,01,0,12,305679039,46994411,46994411,T20,
981519260,LESSONS FOR LIVING MINISTRIES,% LESSON FOR LIVING TELEVISION,OSHAWA ON L1L0A3,CANADA,,00000-0000,0000,03,3,7000,202004,4,15,000000000,1,01,202512,0,0,02,0,12,0,0,0,X21,
981530729,EMT ACTION FUND,% CLARENDON HOUSE 2 CHURCH STE,HAMILTON HAMILTON CITY HM II,BERMUDA,,00000-0000,0000,04,3,3000,202011,2,00,000000000,1,01,202412,9,7,01,0,12,50331665,8762180,8762180,P20,
981530871,PACIFIC COAST CHILDRENS MISSION,% PAUL BAILEY,HERIOT BAY BRITISH COLUMBIA V0P 1H0,CANADA,,00000-0000,0000,03,3,1700,202205,4,16,000000000,1,01,202512,0,0,02,0,12,0,0,0,X99,CAMP HOMEWOOD
981536166,ASSOCIATION LES CHATS DU MERCANTOUR,% LESLIE FRASIER,SAINT ETIENNE DE TINEE 06660,FRANCE,,00000-0000,0000,03,3,4000,202109,2,15,000000000,5,01,202512,0,0,02,0,12,0,0,0,D20,
981542635,THE WOLFSON FOUNDATION,,LONDON,UNITED KINGDOM,,00000-0000,0000,03,3,1000,202603,2,04,000000000,1,01,202203,9,9,00,1,03,1332302227,356984404,,T20,
981548924,LAW SOCIETY OF BRITISH COLUMBIA,,VANCOUVER BRITISH COLUMBIA V6B4Z9,CANADA,,00000-0000,0000,06,3,2000,202101,2,00,000000000,1,01,202412,9,9,01,0,12,239523515,52592349,52592349,S41,
981574467,FAIRLIGHT FOUNDATION,% LAURA DOUGLAS,ALEXANDRA 9340,NEW ZEALAND,,00000-0000,0000,03,3,2000,202108,2,15,000000000,1,01,202412,6,4,01,0,12,1100340,136388,136388,B90,
981580465,ATLANTIC SCHOOL OF THEOLOGY,,HALIFAX,CANADA,,00000-0000,0000,03,3,2000,202601,4,11,000000000,1,01,,0,0,01,0,03,,,,B40,
981580571,ECLIPSE FOUNDATION,% STEVEN MICHAEL MILINKOVICH,OTTAWA ONTARIO K2H 1B2,CANADA,,00000-0000,0000,06,3,2000,202107,2,00,000000000,1,01,202412,7,8,01,0,12,8314904,11514714,11514714,S41,
981582872,MONTREAL SCHOOL OF THEOLOGY,% JESSE A ZINK,MONTREAL QUEBEC H3A2A8,CANADA,,00000-0000,0000,03,3,2000,202203,4,11,000000000,1,01,202508,0,0,02,0,08,0,0,0,B42,
981583676,ABIGAILS,% FEMIE REY,PO BOX 502965,SAIPAN,MP,96950-2965,0000,03,3,1257,202107,1,04,000000000,1,01,202512,1,1,00,1,12,3649,1725,,P20,
981586704,KNOX COLLEGE,% TOYIN FAMBEGBE,TORONTO ON M5S 2E6,CANADA,,00000-0000,0000,03,3,2000,202206,4,11,000000000,1,01,202504,8,7,01,0,04,43646003,5166426,5166426,B42,
981587485,FUTURE JOBS SKILLS OF TOMORROW INC,,PO BOX 24852,CHRISTIANSTED,VI,00824-0852,0000,03,3,1200,202204,1,16,000000000,1,01,202312,0,0,02,0,12,0,0,0,J20,
981587755,AMBROSE UNIVERSITY,,CALGARY,CANADA,,00000-0000,0000,03,3,2000,202604,4,11,000000000,1,01,,0,0,01,0,04,,,,B43,
981587843,TYNDALE UNIVERSITY COLLEGE & SEMINARY,% GLEN ROADKNIGHT,TORONTO ON M2M 3S4,CANADA,,00000-0000,0000,03,3,2000,202206,4,11,000000000,5,01,202504,8,8,01,0,04,31068887,15807456,15807456,B40,TYNDALE UNIVERSITY
981596753,PRESBYTERIAN COLLEGE MONTREAL,% KAREN PETERSEN,MONTREAL QUEBEC H3A 2A8,CANADA,,00000-0000,0000,03,3,2000,202209,4,11,000000000,1,01,202412,0,0,02,0,12,0,0,0,B40,
981601808,VENDOME FOUNDATION,,HAMILTON PEMBROKE HM 11,BERMUDA,,00000-0000,0000,04,3,3000,202203,2,00,000000000,1,01,202412,9,7,01,0,12,248046474,5349581,2945899,T12,
981609081,PROVIDENCE UNIVERSITY COLLEGE AND THEOLOGICAL SEMINARY,% CHARLES FALL,OTTERBURNE MANITOBA R0A 1G0,CANADA,,00000-0000,0000,03,3,2000,202206,4,11,000000000,1,01,202504,8,8,01,0,04,21832207,18753139,18753139,B40,
981613534,HURON UNIVERSITY COLLEGE,,LONDON ONTARIO N6G 1H3,CANADA,,00000-0000,0000,03,3,2000,202203,4,11,000000000,1,01,202604,0,0,02,0,04,0,0,0,B40,
981614352,VANCOUVER SCHOOL OF THEOLOGY,% RICHARD TOPPING,VANCOUVER BRITISH COLUMBIA V6T1Z1,CANADA,,00000-0000,0000,03,3,2000,202201,4,11,000000000,1,01,202504,0,0,02,0,04,0,0,0,B50,
981623025,KOIWA SHION CHRISTIAN CHURCH,% SHIN NISHIMURA,EDOGAWA,JAPAN,,00000-0000,0000,03,3,7000,202302,2,10,000000000,1,01,,0,0,06,0,03,,,,X20,
981642555,FRIENDS OF BEIRUT CHANTS INC,,ASHRAFIEH BEIRUT 0000,LEBANON,,00000-0000,0000,03,3,1000,202207,1,15,000000000,1,01,202512,2,4,01,0,12,10998,110000,110000,S20,
981644897,NEWMAN THEOLOGICAL COLLEGE ST JOSEPHS SEMINARY,% LORNA GAWLINSKI,EDMONTON AB T6A0B2,CANADA,,00000-0000,0000,03,3,2700,202208,4,11,000000000,1,01,202507,6,6,01,0,07,1770213,3368541,3368541,B50,
981651870,TORONTO METROPOLITAN UNIVERSITY,% RAVI HALDAVNEKAR,TORONTO ON M5B 2K3,CANADA,,00000-0000,0000,03,3,2000,202302,4,11,000000000,1,01,202504,9,9,01,0,04,1791670010,789800721,785138261,B43,
981665341,KRAWCZYK FAMILY FOUNDATION,,TORONTO ON M5H1T1,CANADA,,00000-0000,0000,03,3,1000,202305,4,04,000000000,1,01,202412,8,6,00,1,12,19919260,1535197,,T20,
981667004,KNRS CHARITABLE FOUNDATION,,TORONTO ON M5M3Z5,CANADA,,00000-0000,0000,03,3,1000,202305,4,04,000000000,1,01,202412,8,8,00,1,12,39506625,14289025,,T20,
981667162,CONNECT CALGARY BAPTIST CHURCH,,CALGARY ALBERTA,CANADA,,00000-0000,0000,03,3,7000,202209,1,10,000000000,1,01,,0,0,06,0,06,,,,X21,
981674165,TULA FOUNDATION,% ERIC PETERSON,CAMPBELL RIVER BC V9W OB7,CANADA,,00000-0000,0000,03,3,1000,202503,4,04,000000000,1,01,202412,9,8,00,1,12,78581430,40124203,,T20,
981680008,HANS M SCHAEDLA FOUNDATION,% KAY HOGREVE,LEMWERDER 27809,GERMANY,,00000-0000,0000,03,3,1000,202410,2,04,000000000,2,01,202412,5,3,00,1,12,590541,70968,,U21,
981691649,INTERNATIONAL BETTING INTEGRITY ASSOCIATION,,BRUSSELS 1040,BELGIUM,,00000-0000,0000,06,3,2000,202307,2,00,000000000,1,01,202412,6,6,01,0,12,1792538,1905305,1905305,S40,
981705457,UNIVERSITY OF NORTHUMBRIA AT NEWCASTLE,,NEWCASTLE UPON TYNE NE2 1XE,UNITED KINGDOM,,00000-0000,0000,03,3,2000,202407,1,11,000000000,1,01,202507,0,0,02,0,07,0,0,0,B43,
981718091,NOVO NORDISK FONDEN,,HELLERUP 2900,DENMARK,,00000-0000,0000,04,3,3000,202401,2,00,000000000,1,01,202412,9,9,01,0,12,8588465835,10680565265,1362313838,T12,
981732568,RIDE FOR FREEDOM INC,,BARNET HERTFORDSHIRE EN5 4LQ,UNITED KINGDOM,,00000-0000,0000,03,3,1000,202306,1,16,000000000,1,01,202512,0,0,02,0,12,0,0,0,B90,
981733226,SIGHT FOR ALL,,ADELAIDE HALIFAX STREET 5000,AUSTRALIA,,00000-0000,0000,03,3,1000,202504,1,15,000000000,1,01,202506,0,0,02,0,06,0,0,0,G41,
981734030,THE AURUM INSTITUTE NPC,,JOHANNESBURG GAUTENG 1600,SOUTH AFRICA,,00000-0000,0000,03,3,1200,202410,2,15,000000000,1,01,202412,8,9,01,0,12,42477837,92135264,92135264,E05,
981735754,PATHY FAMILY FOUNDATION,% PAUL M PATHY,MONTREAL QUEBEC H3B 4W5,CANADA,,00000-0000,0000,03,3,1000,202404,4,04,000000000,1,01,202412,9,9,00,1,12,263958076,125915188,,T20,
981738682,FIDEICOMISO PRO BOSQUE DE CHAPULTEPEC,% PRO BOSQUE DE CHAPULTEPEC,MEXICO CITY MIGUEL HIDALGO 11560,MEXICO,,00000-0000,0000,03,3,1000,202404,2,15,000000000,2,01,202512,0,0,02,0,12,0,0,0,C50,
981740211,SMILE OF THE CHILD,% COSTAS YIANNOPOULOS,MAROUSI ATHENS 15124,GREECE,,00000-0000,0000,03,3,1000,202404,2,15,000000000,1,01,202512,0,0,02,0,12,0,0,0,P40,
981741846,WINDSOR GOSPEL ASSEMBLY CHURCH OF GOD,,LASALLE,CANADA,,00000-0000,0000,03,3,7000,202403,4,10,000000000,5,01,,0,0,06,0,12,,,,X20,
981753711,FONDAZIONE CASSA DI RISPARMIO DI FIRENZE,% DR BERNABO BOCCA,FIRENZE 50122,ITALY,,00000-0000,0000,04,3,3000,202504,2,00,000000000,1,01,202412,9,9,01,0,12,2135444437,154661493,154661493,T20,
981766017,ALLIANCE GLOBAL SERVE CANADA,,OAKVILLE,CANADA,,00000-0000,0000,03,3,1700,202507,1,15,000000000,1,01,,0,0,01,0,12,,,,X21,
981767906,SJM FOUNDATION,,HAMILTON PEMBROKE HM CX,BERMUDA,,00000-0000,0000,04,3,3000,202407,2,00,000000000,1,01,202412,0,0,02,0,12,0,0,0,T12,
981806809,FAMILY EMPOWERMENT FOR CHANGE GROWTH AND SOCIAL DEVELOPMENT,,22 CALYPSO DRIVE,MICKLEHAM,,00000-0000,0000,03,3,1000,202602,0,15,000000000,1,01,,0,0,01,0,12,,,,P20,
981818772,PNG SUSTAINABLE DEVELOPMENT PROGRAM LIMITED,% DENTONS RODYK & DAVIDSON LLP,SINGAPORE 048624,SINGAPORE,,00000-0000,0000,04,2,3000,202601,0,00,000000000,1,01,,0,0,01,0,12,,,,S30,
981823013,GENERAL INCORPORATED ASSOCIATION THE JAPAN NEUROSCIENCE SOCIETY,,TOKYO 113-0033,JAPAN,,00000-0000,0000,03,3,2800,202508,2,03,000000000,1,01,,0,0,00,1,03,,,,H96,
981834564,BELCODA FOUNDATION INC,,OSAKA 557-0012,JAPAN,,00000-0000,0000,03,3,1000,202508,1,15,000000000,1,01,,0,0,01,0,12,,,,U19,DJANGO MEROPE-SYNGE PRES
981835966,ENDOWMENT FUND OF LES GRANDS BALLETS CANADIENS,% JEAN-NICOLAS FONTAINE,MONTREAL QUEBEC H3B 4W5,CANADA,,00000-0000,0000,03,3,2000,202602,4,04,000000000,1,01,202503,9,8,00,1,03,50022537,34174945,,A25,
981855863,HERITAGE BAPTIST COLLEGE AND HERITAGE THEOLOGICAL SEMINARY,,CAMPRIDGE ONTARIO N3C 3T2,CANADA,,00000-0000,0000,03,3,2000,202510,4,11,000000000,1,01,202506,0,0,02,0,06,0,0,0,B42,
981858692,SONS OF SOLOMON MILITARY LODGE 68,% CRISTIAN YANES SALAZAR,UNIT 11019,APO,AP,96553-1019,0000,03,3,1000,202507,1,04,000000000,5,01,202512,1,1,00,1,12,4021,2140,,S12,
981860573,ST PETERS SEMINARY,,LONDON ON N6A 3Y1,CANADA,,00000-0000,0000,03,3,2700,202606,4,11,000000000,1,01,,0,0,01,0,04,,,,B30,
981869948,BUDAPEST FESTIVAL ORCHESTRA FOUNDATION,,BUDAPEST H-1034,HUNGARY,,00000-0000,0000,03,3,1200,202603,0,15,000000000,5,01,,0,0,01,0,12,,,,A69,
981880594,BENSADOUN FAMILY FOUNDATION,% HELENE SANCHE,MONTREAL QUEBEC H4N 2B3,CANADA,,00000-0000,0000,03,3,1000,202603,4,04,000000000,1,01,202512,8,8,00,1,12,25524994,10237807,,T22,
981886388,THE LENDING JOURNEY USA INC,,GEORGETOWN N0B 1T0,CANADA,,00000-0000,0000,03,3,1000,202511,1,15,000000000,1,01,,0,0,02,0,12,,,,P20,
981901261,WATERLOO LUTHERAN SEMINARY,,WATERLOO ONTARIO N2L 3C5,CANADA,,00000-0000,0000,03,3,2000,202607,4,11,000000000,5,01,,0,0,02,0,04,,,,B43,MARTIN LUTHER UNIVERSITY COLLEGE
981903419,WIEBKE UND WOLFGANG BODEN STIFTUNG,,HAMBURG 20144,GERMANY,,00000-0000,0000,03,3,1200,202605,0,03,000000000,5,01,,0,0,00,1,12,,,,Q30,
981903587,RADIO BREMEN,,BREMEN 28195,GERMANY,,00000-0000,0000,03,3,2000,202606,2,16,000000000,5,01,,0,0,01,0,12,,,,B99,
981914055,HASSA PLATTNER FOUNDATION II,,POTSDAM BRANDENBURG 14467,GERMANY,,00000-0000,0000,03,3,1000,202602,1,03,000000000,1,01,,0,0,00,1,12,,,,T20,
981915297,VILSECK VIPERS SOFTBALL,% CARTER HENRY CALVERT,PSC 414 BOX 718,APO,AE,09173-0008,0000,03,3,1000,202603,1,04,000000000,5,01,,0,0,00,1,12,,,,N63,
981921547,ST AUGUSTINES SEMINARY OF TORONTO,,TORONTO ON M1M 1M3,CANADA,,00000-0000,0000,03,3,7000,202604,4,10,000000000,1,01,,0,0,06,0,04,,,,X20,
981927321,BRATISLAVA INTERNATIONAL SCHOOL OF LIBERAL ARTS,% SAMUEL ABRAHAM,BRATISLAVA 811 09,SLOVAKIA,,00000-0000,0000,03,3,2000,202606,2,11,000000000,1,01,,0,0,01,0,12,,,,B42,
981941428,ASSOCIATION SUISSE DE FOOTBALL,,MURI BEI BERN SWITZERLAND 3074,SWITZERLAND,,00000-0000,0000,06,3,2000,202607,2,00,000000000,5,01,,0,0,14,0,12,,,,N60,SWISS FOOTBALL ASSOCIATION SFV ASF
981942058,EGYPTIAN FOOTBALL ASSOCIATION,,CAIRO 11593,EGYPT,,00000-0000,0000,06,3,2000,202607,2,00,000000000,5,01,,0,0,14,0,06,,,,N60,
981943073,JAPAN FOOTBALL ASSOCIATION,,BUNKYO-KU TOKYO 112-0004,JAPAN,,00000-0000,0000,06,3,2000,202606,2,00,000000000,1,01,,0,0,14,0,12,,,,N60,
981945135,SOUTH AFRICAN FOOTBALL ASSOCIATION,,JOHANNESBURG 2000,SOUTH AFRICA,,00000-0000,0000,06,3,2000,202607,2,00,000000000,5,01,,0,0,14,0,06,,,,N60,
986000438,INTERNATIONAL GRENFELL ASSOCIATION,% HARRIS RYAN CAS,ST JOHNS NLA1A 5E8,CANADA,,00000-0000,0000,03,3,1000,195510,4,04,150179059,5,01,202412,6,5,00,1,12,3664657,763943,,,
986000843,CANADA COUNCIL FOR THE ARTS,,OTTAWA ONTARIO K1P 5V8,CANADA,,00000-0000,0000,03,3,1000,196206,4,15,059000000,1,01,202503,9,9,01,0,03,477353165,288194404,288194404,A26Z,
986000847,JCA CHARITABLE FOUNDATION,% VICTORIA PALACE THEATRE,LONDON LONDON SW17 8JT,UNITED KINGDOM,,00000-0000,0000,03,3,1000,196302,2,04,602921000,1,01,202412,9,3,00,1,12,89253806,76484,,,
986000867,RHODES TRUST,% RHODES HOUSE,OXFORD OX13RG,UNITED KINGDOM,,00000-0000,0000,03,3,2000,196101,2,15,040000000,2,01,202506,9,9,01,0,06,765810545,81148666,81148666,Q22,GUTTER LA CHEAPSIDE
986000892,GENERAL ISRAEL ORPHANS HOME FOR GIRLS,,JERUSALEM ISRAEL 60001,ISRAEL,,00000-0000,0000,03,3,1200,196207,2,11,030349000,5,01,202412,6,6,01,0,12,4494477,1709287,1709287,,
986000893,DONNER CANADIAN FOUNDATION,% MS HELEN MCLEAN,TORONTO ONM5R 1A9,CANADA,,00000-0000,0000,03,3,1000,195411,4,04,000000000,2,01,202412,9,6,00,1,12,90061283,2575854,,,
986000941,STRATFORD SHAKESPEAREAN FESTIVAL FOUNDATION OF CANADA,% CARLA FOWLER,STRATFORD,CANADA,,00000-0000,0000,03,3,2300,195910,4,15,119000000,1,01,,0,0,00,0,10,,,,A650,
986000964,BOARD OF TRUSTEES CENTENNARY UNITED CHURCH,,QUEBEC,CANADA,,00000-0000,0000,03,3,7000,195305,4,10,922001000,2,01,,0,0,06,0,12,,,,,
986000971,UNIVERSITY HEALTH NETWORK,% DARLENE DASENT FINANCE DEPT,TORONTO ONTARIO M5G 2C4,CANADA,,00000-0000,0000,03,3,1000,196410,4,12,150000000,1,01,202503,9,9,01,0,03,3321554674,2656266082,2656266082,,
986000974,THE AMERICAN BRITISH COWDRAY MEDICAL CENTER INSTITUCION DE ASIS,% HECTOR TOSCANO RUIZ,MEXICO CITY 01120,MEXICO,,00000-0000,0000,03,3,1000,196309,2,16,179150059,5,01,202412,9,9,01,0,12,368218997,439901017,311244219,,
986000978,TRUSTEES FRANCIS NEILSON TRUST FUND,,LIVERPOOL,ENGLAND,,00000-0000,0000,03,3,1000,196208,2,10,001000000,2,01,,3,3,06,0,09,,,,,
986000983,WORLD YOUNG WOMENS CHRISTIAN ASSOC,,LE GRANDSACONNEX GENEVA 1218,SWITZERLAND,,00000-0000,0000,03,3,2000,201703,2,15,324000000,5,01,202412,7,7,01,0,12,9758335,6443230,2503674,Q20,
986001012,ELDEE FOUNDATION,% ANTOINETTA CIARLONE,MONTREAL QC H3B 3A7,CANADA,,00000-0000,0000,03,3,1280,196512,4,04,059602000,1,01,202412,7,6,00,1,12,8412084,3789174,,,
986001029,INTERNATIONAL COMMITTEE OF THE RED CROSS,% MR PETER DICKINSON C/O ICR,GENEVA 1202,SWITZERLAND,,00000-0000,0000,03,3,1000,194211,1,16,902561160,5,01,202412,9,9,01,0,12,2071429812,2356348962,2299493810,Q33Z,
986001042,TRUSTEES FOR ROMAN CATHOLIC PURPOSES RECD,,LONDON,ENGLAND,,00000-0000,0000,03,3,7000,194902,2,10,030029000,1,01,,0,0,06,0,09,,,,,
986001046,MOUNT PLEASANT GROUP OF CEMETERIES,,TORONTO ONTARIO M2J 5B5,CANADA,,00000-0000,0000,13,3,2000,195402,4,00,900901000,1,01,202503,9,9,01,0,03,509542551,99322970,99322970,,
986001051,VICTORIA UNIVERSITY,,TORONTO ONTARIO M5S 1K7,CANADA,,00000-0000,0000,03,3,2000,194706,4,11,030040911,1,01,202504,9,9,01,0,04,727799000,78545352,76864994,B43Z,
986001058,WORLD MISSIONARY FELLOWSHIP OF THE CHURCH OF GOD OF CANADA,,MEDICINE HAT,CANADA,,00000-0000,0000,03,3,7000,196301,4,10,029000000,4,01,,0,0,06,0,12,,,,,
986001071,REPRESENTATIVE CHURCH BODY,,RATHMINES DUBLIN 6,IRELAND,,00000-0000,0000,03,1,7000,192312,2,10,029000000,1,01,,9,8,06,0,12,,,,X21Z,
986001073,TRUSTEE BOARD OF THE PRESBYTERIAN CHURCH IN CANADA,,DON MILLS,CANADA,,00000-0000,0000,03,1,7000,195307,4,10,001000000,1,01,,0,0,06,0,12,,,,,
986001077,WARDEN & SCHOLARS OF NEW COLLEGE OXFORD,,OXFORD OXFORDSHIRE OX1 3BN,UNITED KINGDOM,,00000-0000,0000,03,3,1200,195711,2,11,059040000,1,01,202507,9,8,01,0,07,609992645,32701433,32701433,,NEW COLLEGE
986001081,MISSION OF SHEIN-SHEIN MISSION OF SIENHSIEN CHINA,,BALE,SWITZERLAND,,00000-0000,0000,03,3,1700,194810,2,10,059029319,5,01,,0,0,06,0,03,,,,,
986001083,MASTER FELLOWS & SCHOLARS OF DOWNING COLLEGE,,CAMBRIDGE CB2 1DQ,UNITED KINGDOM,,00000-0000,0000,03,3,1200,195806,2,11,046030061,2,01,202406,0,0,02,0,06,0,0,0,,
986001091,SHAARE ZEDEK MEDICAL CENTER,,JERUSALEM,ISRAEL,,00000-0000,0000,03,3,1800,202602,1,12,150179000,1,01,202312,9,9,01,0,12,539738000,606812000,606722000,E22,
986001095,BARNARDOS,% VAL SINGH,ILFORD ESSEX IG6 1QG,UNITED KINGDOM,,00000-0000,0000,03,1,1500,195401,2,16,927328029,1,01,202503,9,9,01,0,03,255753670,435212820,435212820,P20Z,
986001098,DALHOUSIE UNIVERSITY,% CATHIE OTOOLE,HALIFAX NOVA SCOTIA B3H 4R2,CANADA,,00000-0000,0000,03,3,2000,194810,4,11,046030000,1,01,202503,9,9,01,0,03,2093003000,695211940,695211940,,
986001103,CHURCH MISSIONARY SOCIETY FOR AFRICA AND THE EAST,,LONDON,ENGLAND,,00000-0000,0000,03,3,7000,195712,2,10,029000000,5,01,,0,0,06,0,12,,,,,
986001109,BAPTIST MISSIONARY SOCIETY CORPORATION,,LONDON,ENGLAND,,00000-0000,0000,03,3,7000,194005,2,10,029000000,1,01,,0,0,06,0,03,,,,,
986001112,ALLIANCE ISRAELITE UNIVERSELLE,,PARIS 75007,FRANCE,,00000-0000,0000,03,1,2000,194702,2,11,059000000,5,01,202508,8,6,01,0,08,17766333,3401127,2060645,Q300,
986001126,ROMAN CATHOLIC EPISCOPAL CORPORATION OF MACKENZIE,,NORTHWEST TERR,CANADA,,00000-0000,0000,03,1,7000,195304,4,10,029000000,1,01,,0,0,06,0,12,,,,,
986001129,COLLEGE OF CORPUS CHRISTI & THE BLESSED VIRGIN,,CAMBRIDGE CB2 IRH,ENGLAND,,00000-0000,0000,03,3,2000,195102,2,11,046030040,5,01,,9,8,00,0,06,,,,,
986001141,GOVERNING COUNCIL OF THE UNIVERSITY OF TORONTO,% FINANCIAL SERVICES DEPARTMEN,TORONTO ONTARIO M5S 3E2,CANADA,,00000-0000,0000,03,3,2000,195401,4,11,161180030,1,01,202504,9,9,01,0,04,11185048000,3486918000,3486918000,,
986001152,ACADIA UNIVERSITY,% FINANCIAL SERVICES,WOLFVILLE NOVA SCOTIA B4P 2R6,CANADA,,00000-0000,0000,03,3,2000,201404,4,11,030000000,1,01,202503,9,9,01,0,03,229515000,89721000,89721000,B40,
986001153,ROYAL INSTITUTION FOR THE ADVANCEMENT OF LEARNING-MCGILL UNI,% SOPHIE LEBLANC,MONTREAL QUEBEC H3A 0G4,CANADA,,00000-0000,0000,03,3,2000,194404,4,11,904030911,1,01,202504,9,9,01,0,04,4817815605,1366863809,1343132081,,
986001155,GOVERNING COUNCIL OF THE SALVATION ARMY IN CANADA,,TORONTO ONTARIO M5W 2B1,CANADA,,00000-0000,0000,03,1,1270,196306,4,10,030902160,1,01,,0,0,06,0,12,,,,,
986001157,INCORPORATED SYNOD OF THE DIOCESE OF TORONTO,,TORONTO M5C 1L8,CANADA,,00000-0000,0000,03,1,1700,195303,4,10,001000000,1,01,,0,0,06,0,12,,,,,
986001162,SIR MORTIMER B DAVIS JEWISH GENERAL HOSPITAL,,MONTREAL QC H3T 1E2,CANADA,,00000-0000,0000,03,3,1000,194901,4,12,150000000,5,01,202503,9,8,01,0,03,550166769,47967963,47967963,,
986001242,CANADIAN CANCER SOCIETY,% ANDREA SEALE,TORONTO ONTARIO M4V 2Y7,CANADA,,00000-0000,0000,03,1,1200,195905,4,15,161180059,1,01,202501,9,9,01,0,01,195992129,157450155,134749308,G30M,
986001248,LA COMPAGNIE DE JESUS,,MONTREAL,CANADA,,00000-0000,0000,03,1,2700,195608,4,10,030001000,1,01,,0,0,06,0,01,,,,,
986001253,UNITED WAY OF GREATER TORONTO,% BUKOLA AKINDIPE,TORONTO ON M5E 1S2,CANADA,,00000-0000,0000,03,3,1000,196302,4,15,600927602,1,01,202503,9,9,01,0,03,114385784,111387884,111096734,T70Z,
986001254,THE GOVERNORS OF THE UNIVERSITY OF ALBERTA,% MICHELE PEARCE,EDMONTON AB T5J 4P6,CANADA,,00000-0000,0000,03,3,2000,195310,4,11,000000000,5,01,202503,9,9,01,0,03,4538653000,1743814000,1508273000,Q300,FINANCIAL SERVICES
986001255,UNIVERSITY OF BRITISH COLUMBIA,% BENOIT ANTOINE BACON,VANCOUVER BC V6T1Z3,CANADA,,00000-0000,0000,03,3,2000,193811,4,11,911904000,5,01,202503,9,9,01,0,03,6247061696,3236205814,2797284167,B43Z,
986001277,CATHOLIC ROMAN MISSIONS OF MANNING GENEVA,,GENEVA,SWITZERLAND,,00000-0000,0000,03,3,7000,195310,2,10,001000000,5,01,,0,0,06,0,12,,,,,
986001282,DIOCESE OF WANHSIEN,,TAIPEI 104,REPUBLIC OF CHINA,,00000-0000,0000,03,3,1270,195711,2,10,030179001,5,01,,0,0,06,0,12,,,,,
986001299,MASTER & FELLOWS OF PETERHOUSE,,CAMBRIDGE CAMBRIDGESHIRE CB2 1RD,UNITED KINGDOM,,00000-0000,0000,03,3,2000,195104,2,11,046030061,5,01,202506,9,8,01,0,06,612503020,23406433,20028397,,
986001306,MURRAY EDWARDS COLLEGE,% NEW HALL,CAMBRIDGE CAMBRIDGESHIRE CB3 0DF,UNITED KINGDOM,,00000-0000,0000,03,3,1000,195903,2,11,046030000,5,01,202506,9,8,01,0,06,186038653,17672679,17672679,B200,
986001311,PRESIDENT & SCHOLARS OF THE COLLEGE OF SAINT MARY MAGDALEN IN THE UNIV,% MAGDALEN COLLEGE,OXFORD OXFORDSHIRE OX1 4AU,UNITED KINGDOM,,00000-0000,0000,03,3,1000,195107,2,11,046030040,1,01,202507,9,9,01,0,07,1491648073,71004700,71004700,,
986001321,SALVATION ARMY OF ENGLAND,,MONTREAL,CANADA,,00000-0000,0000,03,1,7000,195708,4,10,029000000,1,01,,0,0,06,0,09,,,,,
986001323,SOCIETE DES BALLANDESTES,,BRUSSELS,BELGIUM,,00000-0000,0000,03,3,7000,195001,2,10,029062000,5,01,,1,0,06,0,01,,,,,
986001330,TESTACCIO NON CATHOLIC CEMETARY,% YVONNE ANNA MAZUREK,ROMA ROMA 00153,ITALY,,00000-0000,0000,13,3,1200,196307,1,00,900000000,5,01,202412,0,0,02,0,12,0,0,0,,
986001339,MERTON COLLEGE,,OXFORD OX1 4JD,UNITED KINGDOM,,00000-0000,0000,03,3,1200,195711,2,11,046030040,2,01,202507,9,8,01,0,07,560729601,25114408,25114408,,
986001376,LA CORPORATION EPISCOPALE,,PRINCE ALBERT,CANADA,,00000-0000,0000,03,2,7000,196504,4,10,029000000,1,01,,0,0,06,0,12,,,,,
986001380,OSLO KATOLSKE BISPEDOEMME CATHOLIC DIOCESE OF OSLO,,OSLO,NORWAY,,00000-0000,0000,03,2,7000,196504,2,10,001000000,5,01,,0,0,06,0,12,,,,,
986001394,KENNEDY MEMORIAL FUND,% TIM FARROW-HOUSE,LONDON N1C4AX,UNITED KINGDOM,,00000-0000,0000,03,3,1000,196508,2,17,922040000,2,01,202504,8,6,01,0,04,24836525,1617386,304053,,
986001402,ASSOCIAZIONE LA SAN VINCENZO,,MILANO,ITALY,,00000-0000,0000,03,3,7000,196509,2,10,029000000,1,01,,0,0,06,0,12,,,,,
986001403,AMERICAN SCHOOL FOUNDATION AC,% HOMERO FIGUEROA,CIUDAD DE MEXICO 01120,MEXICO,,00000-0000,0000,03,3,2000,196509,2,11,046030000,1,01,202506,9,9,01,0,06,198402423,73357620,73357620,Q113,
986001404,GENERAL SYNOD OF THE ANGLICAN,,TORONTO ON M4Y 2G1,CANADA,,00000-0000,0000,03,1,1700,194511,4,10,001000000,1,01,,0,0,06,0,12,,,,,
986001410,ANGLICAN CHURCH OF CANDADA,,TORONTO,CANADA,,00000-0000,0000,03,1,1000,194509,4,10,029000000,1,01,,0,0,06,0,12,,,,,
986001411,GATUN UNION CHURCH,,GATUN,CANAL ZONE,,00000-0000,0000,03,3,7000,194501,2,10,001000000,1,01,,0,0,06,0,12,,,,,
986001423,HET BISDOM GENT,,GENT,BELGIUM,,00000-0000,0000,03,3,1270,195105,2,10,001000000,5,01,,0,0,06,0,04,,,,,
986001425,AMERICAN PRO-CATHEDRAL CHURCH OF THE HOLY TRINITY,,PARIS,FRANCE,,00000-0000,0000,03,3,7000,195208,1,10,001000000,1,01,,0,0,06,0,09,,,,,
986001428,DEAN & CHAPT OF CATH CH OF CHRIST IN OXFORD FDN KING HENRY VIII,,OXFORD,ENGLAND,,00000-0000,0000,03,3,1270,195712,2,10,602029000,5,01,,0,0,06,0,12,,,,,
986001429,ALLGEMEINE ANTHROPOSOPHISCHE,% JUSTUS WITTICH,DORNACH SOLOTHURN 4143,SWITZERLAND,,00000-0000,0000,03,3,8200,195112,2,16,119059061,1,01,202512,8,8,01,0,12,29362878,24559505,23172664,X990,
986001430,IGREJA CRISTA UNIDA DE SAO PAULO,% MAX ERNST MANGELS,SAO PAULO SP 01333-021,BRAZIL,,00000-0000,0000,03,3,7000,196209,2,10,001000000,5,01,,0,0,06,0,12,,,,,FELLOWSHIP COMMUNITY CHURCH
986001432,ST JAMES CATHEDRAL,,TORONTO,CANADA,,00000-0000,0000,03,3,7000,195109,4,10,001000000,1,01,,0,0,06,0,12,,,,,
986001434,FIRST UNITED CHURCH,,ST THOMAS,CANADA,,00000-0000,0000,03,3,7000,195804,4,10,001000000,1,01,,0,0,06,0,12,,,,,
986001512,PERES PREMONTRES,,ROME,ITALY,,00000-0000,0000,03,3,7000,196512,2,10,029059000,5,01,,0,0,06,0,12,,,,,
986001526,FUNDACION DE LA UNIVERSIDAD DEL VALLE DE GUATEMALA,% 17 AVENIDA 10-97,GUATEMALA CITY GUATEMALA 01015,GUATEMALA,,00000-0000,0000,03,3,2000,196602,2,11,046030000,1,01,202512,9,9,01,0,12,153827471,89816307,89816307,Q300,
986001597,FUNDACAO CALOUSTE GULBENKIAN,,LISBOA 1067-001,PORTUGAL,,00000-0000,0000,03,3,1000,196606,2,04,911602561,1,01,202412,9,9,00,1,12,4151591447,13398942013,,T21,
986001623,UNIVERSITY OF WESTERN ONTARIO,% FINANCIAL SERVICES DEPARTMENT,LONDON ONTARIO N6A 3K7,CANADA,,00000-0000,0000,03,3,2000,196608,4,11,030000000,1,01,202504,9,9,01,0,04,5109110523,1625656587,1590882135,Q113,
986001638,NUFFIELD FOUNDATION,% 28 BEDFORD SQ,LONDON FC EC1M 4EH,UNITED KINGDOM,,00000-0000,0000,03,3,1000,196609,2,04,602000000,2,01,202412,9,8,00,1,12,687369848,12111693,,T21,
986001746,EGLISE NATIONALE PROTESTANTE DE GENEVE,,GENEVA,SWITZERLAND,,00000-0000,0000,03,3,7000,196703,2,10,001000000,5,01,,0,0,06,0,12,,,,,
986001816,UNIVERSITY OF VICTORIA,% KEVIN HALL,VICTORIA BC V8P 5C2,CANADA,,00000-0000,0000,03,3,2000,196706,4,11,030000000,1,01,202503,9,9,01,0,03,1538599432,626321003,580619569,,
986001834,CENTRO DI STUDI AMERICANI,% VIE VENETO 19,ROME ITALY 00186,ITALY,,00000-0000,0000,03,3,2000,196707,2,16,030000000,1,01,202412,6,6,01,0,12,1698170,1230219,1230219,Q05,
986001853,CATHOLIC FOREIGN MISSION 29 EVERSLEY CRES OSTERLEY ISLEWORTH,,MIDDLESEX,ENGLAND,,00000-0000,0000,03,3,7100,196708,2,10,001561602,1,01,,0,0,06,0,09,,,,,
986001893,UNITED STEELWORKERS,% GABRIEL ROLON,27 CALLE ARMANDO MEJIAS,MOROVIS,PR,00687-2400,0260,05,9,3000,196506,2,00,263264279,5,01,202512,0,0,02,0,12,0,0,0,,06588 LOCAL
986001923,NATIONAL ACTIVE AND RETIRED FEDERAL EMPLOYEES ASSOCIATION,% CRUZ M RODRIGUEZ,PO BOX 363554,SAN JUAN,PR,00936-3554,1599,05,9,3000,196703,2,00,264480279,5,01,202512,0,0,02,0,12,0,0,0,,0252
986001924,ST CROIX LIONS CLUB INC,% HUGH SANCHEZ,PO BOX 1435,CHRISTIANSTED,VI,00821-1435,0000,03,3,1200,202502,1,15,000000000,1,01,202512,0,0,02,0,12,0,0,0,P50,
986001934,THE UNITED STATES PONY CLUBS INC,% ROSANNE BOYAN,212 LITTLE LA GRANGE,FREDERIKSTED,VI,00840-3660,3887,03,9,1200,200209,1,15,000000000,5,01,202512,0,0,02,0,12,0,0,0,N70,SAINT CROIX PONY CLUB
986004087,PARISH OF HOLY TRINITY HOLY TRINITY CHURCH,,NOVA SCOTIA,CANADA,,00000-0000,0000,03,3,7000,196803,4,10,001000000,1,01,,0,0,06,0,12,,,,,
986004096,UNION CHURCH OF TRIPOLI INC,,TRIPOLI,LIBYA,,00000-0000,0000,03,3,7000,196803,2,10,001000000,1,01,,0,0,06,0,12,,,,,
986005018,MISSION LA BONNE MOUVELLE,,MONOTON NV,CANADA,,00000-0000,0000,03,3,7000,196803,4,10,001000000,1,01,,0,0,06,0,12,,,,,
986005022,EPISCOPAL CHURCH ALL SAINTS CHURCH ANGLICAN CHURCH OF CANADA,,WHITBY,CANADA,,00000-0000,0000,03,3,7000,195711,4,10,001000000,5,01,,0,0,06,0,12,,,,,
986005027,ST JOHNS ANGLICAN CHURCH,,WHITBY,CANADA,,00000-0000,0000,03,3,7000,195711,4,10,001000000,5,01,,0,0,06,0,12,,,,,
986005029,CFB FUNDS TRUSTEE LIMITED,,"LONDON,EC4R 3AB",UNITED KINGDOM,,00000-0000,0000,03,3,7000,195903,2,10,029000000,1,01,,0,0,06,0,12,,,,,
986005032,DOMINICAN FATHERS O P,,OXFORD,ENGLAND,,00000-0000,0000,03,3,7000,194802,2,10,001000000,5,01,,0,0,06,0,04,,,,,
986005033,ANGLO AMERICAN CHURCH OF DINARD FRANCE,% WILLIAM E CHANNING,LONDON,ENGLAND,,00000-0000,0000,03,3,7000,195209,2,10,001061000,5,01,,0,0,06,0,12,,,,,
986005092,RADHA SOAMI SATSANG BEAS SINGH,,PUNJAB,INDIA,,00000-0000,0000,03,3,7000,196808,2,10,029561000,1,01,,0,0,06,0,12,,,,,
986005163,BISHOPS COLLEGE SCHOOL FOUNDATION,% SYLVIE ROY,SHERBROOKE QUEBEC J1M 1Z8,CANADA,,00000-0000,0000,03,3,1000,196811,4,17,602561000,1,01,202506,8,6,01,0,06,33787493,1588466,1588466,,
986005164,ENTRAIDE FISCAL,% UNION BANK OF SWITZERLAND,GENEVA,SWITZERLAND,,00000-0000,0000,03,3,7000,196811,2,10,602000000,1,01,,0,0,06,0,12,,,,,
986008055,BIBLE HOLINESS MOVEMENT,,VANCOUVER V6C 2M3,CANADA,,00000-0000,0000,03,3,7000,196904,4,10,029000000,1,01,,0,0,06,0,06,,,,,
986008078,UNIVERSITY OF MANITOBA,% LANCE MCKINLEY,WINNIPEG MANITOBA R3T 2N2,CANADA,,00000-0000,0000,03,3,2000,196905,4,11,030000000,5,01,202503,9,9,01,0,03,2414985000,859350000,859350000,,
986008096,ST FRANCIS XAVIER UNIVERSITY,% LISA CRAIG,ANTIGONISH NS B2G 2W5,CANADA,,00000-0000,0000,03,3,1000,196905,4,11,046030000,1,01,202503,9,9,01,0,03,537489295,172573027,172573027,,
986018461,DIOCESE OF CHALAN KANOA,,PO BOX 500745,SAIPAN,MP,96950-0745,0928,03,9,1200,194603,1,10,031150120,5,01,,0,0,06,0,12,,,,,
986018560,MICRONESIAN LEGAL SERVICES CORP,,PO BOX 500655,SAIPAN,MP,96950-0655,0000,03,3,2000,201208,1,15,000000000,1,01,202412,6,6,01,0,12,1578838,3561723,3561723,Q30,
986018566,MOUNT CARMEL SCHOOL,% MOUNT CARMEL SCHOOL,PO BOX 500006,SAIPAN,MP,96950-0006,0000,03,3,7200,199404,1,11,030000000,1,01,,0,0,13,0,06,,,,B20,
986020933,KARIDAT,% LAURI B OGUMORO,LOCAL,SAIPAN,MP,96950-0000,0000,03,3,1000,201507,1,15,000000000,1,01,202409,6,6,01,0,09,1076156,1315474,1315474,P20,CHALAN KANOA
986021168,GRACE CHRISTIAN ACADEMY-SAIPAN,,PO BOX 500643,SAIPAN,MP,96950-0643,8257,03,9,1700,199809,1,10,001000000,1,01,,6,6,06,0,12,,,,,
986021499,NORTHERN MARIANAS COLLEGE,,PO BOX 501250,SAIPAN,MP,96950-1250,0000,03,3,1200,202503,1,11,000000000,1,01,,0,0,01,0,09,,,,B40,
986038021,THE WELLCOME TRUST,% THE WELLCOME TRUST,LONDON ENGLAND NW1 2BE,UNITED KINGDOM,,00000-0000,0000,03,3,1000,198701,2,04,909000000,2,01,202409,9,9,00,1,09,,,,,
986041575,FLAG SHIP TR,% WHITMAN AND RANSOM,SUSSEX RH194JY,ENGLAND,,00000-0000,0000,03,3,7000,199310,2,17,004000000,2,01,,0,0,13,0,12,,,,,
986041576,SCIENTOLOGY INTERNATIONAL RESERVES TR,% CARL HELDT,SUSSEX RH194JY,ENGLAND,,00000-0000,0000,03,3,7000,199310,2,17,004000000,2,01,,0,0,13,0,12,,,,,
986047959,COUNCIL FOR ADVANCEMENT AND SUPPORT OF EDUCATION EUROPE,% COLIN BOSWELL,LONDON EC2M 4YN,UNITED KINGDOM,,00000-0000,0000,03,3,1000,199606,2,15,149000000,1,01,202506,2,1,02,0,06,15980,5140,5140,Q300,DIBBERT DOUGLAS S TTEE
986062277,MICRONESIA CONSERVATION TRUST,% WILLIAMNKOSTKA,PO BOX 2177,POHNPEI,FM,96941-2177,0000,03,3,1000,201007,2,15,000000000,1,01,202412,8,7,01,0,12,37469493,6591055,6591055,C12,
986063162,THE STEVNS TRUST,% KATTEGAT PRIVATE TRUSTEES L,HAMILTON HM12,BERMUDA,,00000-0000,0000,03,3,1000,201106,0,04,000000000,2,01,202312,9,9,00,1,12,183734740,183734697,,T22,KATTEGAT PRIVATE TRUSTEES BERMUDA
986077250,WE TRUST,,GEORGETOWN KY1-9005,CYPRUS,,00000-0000,0000,92,0,1000,000000,0,00,000000000,0,12,202512,8,7,00,1,12,24135223,8125685,,,
986093148,CHARLES WOLFSON CHARITABLE TR,% ANDREW WOLFSON,LONDON SW1P 1RT,UNITED KINGDOM,,00000-0000,0000,03,3,1000,202101,2,04,000000000,2,01,202412,8,6,00,1,12,37090411,2484679,,T22,ANDREW WOLFSON TTEE
986094278,RUBIN FOUNDATION CHARITABLE TR,% CO WITHERS LLP,20 OLD BAILEY LONDON EC4M 7AN,UNITED KINGDOM,,00000-0000,0000,03,3,1000,202203,0,04,000000000,2,01,202504,7,4,00,1,04,9772964,263797,,,CAROLYN RUBIN TTEE
986098057,THE WOLFSON FAMILY CHARITABLE TRUST,,LONDON W1G 9LD,UNITED KINGDOM,,00000-0000,0000,03,3,1000,202602,2,04,000000000,2,01,202203,9,8,00,1,03,62122101,18803405,,T20,
990012472,CORNERSTONE CHRISTIAN CHURCH INC,% CORN,PO BOX 504579,SAIPAN,MP,96950-4305,0000,03,3,7000,200008,1,10,000000000,1,01,,0,0,06,0,12,,,,X20,
990291105,SHAW U S FOUNDATION,% KKDLY,TSEUNG KWAN O NEW TERRITORIES,HONG KONG,,00000-0000,0000,03,3,1000,199112,1,04,560000000,1,01,202412,8,8,00,1,12,22636079,24339179,,,
990316906,SHAW FOUNDATION PROPERTIES CORP,% KKDLY,TSEUNG KWAN O NEW TERRITORIES,HONG KONG,,00000-0000,0000,02,3,1000,199508,2,00,912000000,1,01,202412,8,7,01,0,12,20210060,5956271,5956271,,
990366981,VALID NUTRITION INC,,BANTRY CO CORK P75 PD60,IRELAND,,00000-0000,0000,03,3,1000,201111,1,15,000000000,1,01,202503,0,0,02,0,03,0,0,0,Q33,
990369955,INTERNATIONAL DESIGN CONTINUING EDUCATION COUNCIL INC,% BRYNELL DMELLO,TORONTO ON M2N 6N4,CANADA,,00000-0000,0000,06,3,2000,201112,2,00,000000000,1,01,202412,6,6,01,0,12,1811778,1018344,1018344,S41,IDCEC
990376332,LIVING WATER ARTS FOUNDATION,% KENNETH NOSTER,DERWENT AB T0B 1C0,CANADA,,00000-0000,0000,03,3,2100,201405,1,15,000000000,1,01,202412,0,0,02,0,12,0,0,0,B12,LIVING WATER COLLEGE OF THE ARTS
990433938,CURE BRAIN CANCER FOUNDATION AMERICA INC,% BRADLEY J GILLENWATER,ROYAL EXCHANGE SYDNEY NSW 1225,AUSTRALIA,,00000-0000,0000,03,3,1280,202408,1,15,000000000,1,01,202406,0,0,02,0,06,0,0,0,U12,
990616576,NEVER ALONE FOUNDATION CORP,,HIRAM GA 30141,THE GAMBIA,,00000-0000,0000,03,3,1000,202403,1,16,000000000,1,01,202512,0,0,02,0,12,0,0,0,F02,
990805980,IGLESIA CRISTIANA BETESDA INC,% IGLESIA CRISTIANA BETESDA INC,2605 CALLE VIVAS VALDIVIESO,PONCE,PR,00728-3823,2046,03,9,7000,196911,1,10,001000000,5,01,,0,0,06,0,12,,,,,URB LAS DELICIAS
990818811,OUTAGE LABS INC,,13 CALLE PROGRESO APT 2B,AGUADILLA,PR,00603-5077,0000,03,3,8000,202401,1,16,000000000,1,01,202512,0,0,02,0,12,0,0,0,C05,
990903150,PACIFIC STEM ROBOTICS CLUB,,PSC 561 BOX 1501,FPO,AP,96310-0016,0000,03,3,2800,202402,1,15,000000000,1,01,202512,0,0,02,0,12,0,0,0,B99,PACIFIC ROBOTICS CLUB
991118737,SBIBOS NP INC,% ROBERT BALLARD,LITTLETON CO 80120,AFGHANISTAN,,00000-0000,0000,03,3,1200,202405,1,16,000000000,1,01,202412,0,0,02,0,12,0,0,0,P20,EVERY PERCENT MATTERS FOUNDATION
991219306,SPILLING THE TEA INC,% KIMBERLY R SANFORD,FORT WASHINGTON MD 20744,AFGHANISTAN,,00000-0000,0000,03,3,1000,202402,1,15,000000000,5,01,202512,0,0,02,0,12,0,0,0,W12,
991518476,HENOSIS MINISTRIES INC,,RJ13 VIA AMAZONAS,TRUJILLO ALTO,PR,00976-6010,0000,03,3,7000,202403,1,15,000000000,1,01,202512,3,4,01,0,12,82648,109322,109322,X20,
991700468,BRITISH-AMERICAN WORLD WAR II LIBERATION OF ITALY MUSEUM FOUNDAT,% GUIDO MOLINARI,ROMA RM 00195,ITALY,,00000-0000,0000,03,3,2000,202408,1,15,000000000,1,01,202512,0,0,02,0,12,0,0,0,A54,
992002015,NIGEL LAMAR BROWN FOUNDATION,% YOLANDER FORD,ALBANY GA 31701,GEORGIA,,00000-0000,0000,03,3,1000,202404,1,15,000000000,1,01,202412,0,0,02,0,12,0,0,0,P62,
992344302,NATIONAL REVIVAL SOCIETY IN WESTERN REGION,% SUE J KIM,PACIFIC GROVE CA 93950,REPUBLIC OF KOREA,,00000-0000,0000,03,3,1200,202505,1,16,000000000,1,01,202512,0,0,02,0,12,0,0,0,A23,
992422451,OG BROOKLYN BOYS MINISTRY INC,% EDWIN MALDONADO,WILLIAM FUERTES 73B CALLE 3,CATANO,PR,00962-0000,0000,03,3,1250,202510,1,15,000000000,1,01,,0,0,02,0,12,,,,S20,
992511636,AI STANDARDS LAB INC,% ARIEL GIL,ALLISTON ONTARIO L9R1G7,CANADA,,00000-0000,0000,03,3,1200,202404,1,15,000000000,1,01,202512,0,0,02,0,12,0,0,0,U41,
993000079,SAIPAN CHURCH OF CHRIST,% STEVE VICE,PO BOX 500549,SAIPAN,MP,96950-0549,0000,03,3,7000,200802,1,10,000000000,1,01,,0,0,06,0,12,,,,X20,
993006811,SAIPAN-PALAN EVANGELICAL CHURCH,,PO BOX 5072,SAIPAN,MP,96950-5072,0000,03,3,7000,200605,1,10,000000000,1,01,,0,0,06,0,12,,,,X20,
993085739,DOLLAR COUNTRY FOUNDATION,% FRANKLIN FANTINI,CLEVELAND OHIO 44109,AFGHANISTAN,,00000-0000,0000,03,3,2000,202406,1,16,000000000,1,01,202512,0,0,02,0,12,0,0,0,A82,
993352157,BRIDGES 21 INITIATIVE,,HERRIMAN UTAH 84096,AKROTIRI,,00000-0000,0000,03,3,1200,202509,1,16,000000000,1,01,202512,0,0,02,0,12,0,0,0,A23,
993393094,MONGOLIAN NATURES LEGACY FOUNDATION,% TAX SERVICES,ULAANBAATAR 14251,MONGOLIA,,00000-0000,0000,03,3,1000,202601,1,15,000000000,1,01,202412,3,3,01,0,12,53565,98832,98832,C30,
993547429,BISHOP MICHAEL DUREN HOPE CENTER INC,% MAXINE MARIA DUREN,DETROIT MI 48214,UNITED KINGDOM,,00000-0000,0000,03,3,1000,202408,1,16,000000000,1,01,202512,0,0,02,0,12,0,0,0,P20,
993851895,SPANGDAHLEM TOP III,% JONATHAN M HEINZE,PSC 9 BOX 4202,APO,AE,09123-0043,0000,03,3,1000,202411,1,16,000000000,5,01,202511,0,0,02,0,11,0,0,0,W30,
993872313,DORAVILLE POLICE FOUNDATION INC,% CHINA AGU,DORAVILLE 30340,GEORGIA,,00000-0000,0000,03,3,1000,202501,1,15,000000000,1,01,202412,0,0,02,0,12,0,0,0,I60,
993924480,SHERIFF OSBORNE HERO FOUNDATION,,ITHACA 14850,NAURU,,00000-0000,0000,03,3,1200,202409,1,15,000000000,1,01,202512,0,0,02,0,12,0,0,0,S12,
993940092,COMPUTERAID INTERNATIONAL INC,,LONDON ENGLAND W1W 7TL,UNITED KINGDOM,,00000-0000,0000,03,3,1000,202407,1,15,000000000,1,01,202603,0,0,02,0,03,0,0,0,T50,
994193482,KINTANA FOUNDATION,,DENVER CO 80202,MONGOLIA,,00000-0000,0000,03,3,1000,202408,1,15,000000000,1,01,202512,0,0,02,0,12,0,0,0,O50,
994215202,MISSION LAIQUE FRANCAISE,,PARIS FRANCE F-75015,FRANCE,,00000-0000,0000,03,3,2000,202507,2,16,000000000,1,01,,0,0,01,0,12,,,,B99,
994418690,BRUSSELS CONSIGNMENT SHOP,% NICOLE SWAN,OPC 79 BOX 9,APO,AE,09714-0000,0000,03,3,1000,202408,1,16,000000000,5,01,202512,1,3,02,0,12,8316,33671,26800,P29,
994433223,VIRGINIA KANNADA SANGHA - VIKASA,,MCLEAN VA 22102,AFGHANISTAN,,00000-0000,0000,03,3,1000,202410,0,15,000000000,5,01,202512,0,0,02,0,12,0,0,0,A01,
994829322,SON SOLUTIONS GROUP CDC INC,,COLUMBUS 31409,GEORGIA,,00000-0000,0000,03,3,1000,202409,1,15,000000000,1,01,202512,0,0,02,0,12,0,0,0,P20,
994840492,RAF LAKENHEATH MENS VARSITY SOFTBALL TEAM,,PSC 41 BOX 9228,APO,AE,09464-0093,0000,03,3,1000,202409,1,04,000000000,5,01,,0,0,00,1,12,,,,N60,
994868056,VFA195 OFFICER MESS,% MESS OFFICER,UNIT 200140 BOX 1,FPO,AP,96601-4000,0000,19,3,1000,202509,2,00,000000000,5,01,202412,0,0,02,0,12,0,0,0,W30,
995030928,CIEGOS CON VISION INC,,COND TORRES DEL PARQUE APT 501N,BAYAMON,PR,00956-0000,0000,03,3,1000,202502,1,15,000000000,1,01,202512,0,0,02,0,12,0,0,0,P20,
995031732,AGAPE FOUNDATION,% ADAMADIA RAFFAELE,180 CANDELERO DRIVE 100,HUMACAO,PR,00791-0000,0000,03,3,1000,202410,1,15,000000000,1,01,202412,8,8,01,0,12,11719732,12185198,12178216,P12,
996009323,TOASTMASTERS INTERNATIONAL,% ALOHA TOASTMASTERS,GOONDIWINDI QLD 4390,AUSTRALIA,,00000-0000,0820,03,9,1000,196207,1,16,059319000,5,01,202512,0,0,02,0,12,0,0,0,,601 ALOHA TOASTMASTERS
996016793,GEORGIA AUGUSTA UNIVERSITAT GOTTINGEN,% MARKUS HOPPE VP UNIV OF GOTTINGEN,ZU GOTTINGEN 37027,GERMANY,,00000-0000,0000,03,3,1000,197008,1,14,030000000,5,01,200212,7,6,01,0,12,,,,B110,
